,gene_name,0528 cell,0528 EV,0618 EV,0622 EV,0618 cell,0622 cell
0,A1BG,283954.50430000003,538519.4181,2179709.6443,4703909.682,279377.8897,414064.4378
1,A2M,18454822.12038,204110791.69856,306430231.73438,677691904.7668,17682808.266106002,21979858.07903
2,AACS,5821415.5242,1455452.19038,1521720.9124,1545091.4139999999,4783447.8546,7211441.5202
3,AAK1,2972165.9178,972005.22593,1088353.98618,855793.87307,4815508.9516,3151427.5131
4,AAMDC,2456580.8830000004,241359.5917,228933.989,300936.74439999997,2384241.1375,3048625.458
5,AARS1,101412168.616537,23187373.734519,32181078.794462,25361302.372518,125458453.53992,118497791.70708999
6,AASDHPPT,5490187.6576,1483191.8375,1868160.4515200001,1485387.55717,8371758.2222,5717141.692
7,ABCA13,7413970.159,3875220.709,6703359.838,3101520.009,9078526.558,9630025.835
8,ABCB7,907321.5427,146037.40915999998,224255.61237000002,220684.56847,1341653.9638999999,1000242.4441
9,ABCC1,34390852.74279,37435605.07205,28488976.82951,41871832.94013,43228470.4685,36879058.11372
10,ABCC11,158708383.35565,27378054.84262,50133427.39045,23327245.912330996,208693881.28937,153306621.7854
11,ABCC3,1680473.065,1759211.32,1488058.229,1966162.883,2356092.196,1879150.456
12,ABCC4,6243974.47911,4618716.43135,4762017.875469999,5923588.95084,10213049.1735,5996050.0322
13,ABCD1,4883964.6809,788914.33336,967857.09222,1196191.1004,7685701.787,4501013.8111
14,ABCD3,8806730.89887,1114281.285037,1700733.6414050001,1222374.771642,11181879.29613,7936903.441430001
15,ABCE1,19123302.1459,7277092.06365,8811332.9333,7239835.501019999,22500710.6063,26997663.78
16,ABCF1,3957775.7572,649069.83705,1004913.9800000001,762205.2789,5089249.232,4044987.8455000003
17,ABCF2,4770168.04885,981713.82196,1134268.79649,1100591.23562,5623327.9495,5710576.93992
18,ABCF3,1888444.3832,295163.1304,341441.5277,348301.1351,2866469.1145,2359447.9488
19,ABCG2,2599779.4927000003,4534063.0737000005,1992851.7880000002,5368523.3796,2383025.2051,2437189.9674
20,ABHD11,2267098.8481,312038.74491999997,540967.379,380395.2882,2344798.6999000004,2373846.7674000002
21,ABHD12,2239591.0465,294845.63943,430346.69572,465490.33158,4367592.6075,1879214.5054
22,ABHD14B,16351574.52548,1898601.27393,2795080.375774,2772598.6803780003,19368801.63381,17827501.82087
23,ABI1,5167445.2913,2400263.6383,2503331.134,2795993.5105,5462265.9213,6651152.700999999
24,ABLIM1,13839094.776999999,2270753.38215,2679239.10782,3050221.14762,10499837.3768,16122685.820099998
25,ABR,7495996.8038,2843593.28363,3427966.69,3664713.1708,7618387.3629,9685241.6701
26,ABRACL,590164.0419,81388.71268,149263.17727,178395.50195,505984.4829,628532.5396
27,ABRAXAS2,2344818.3851,468643.81789,634926.3351,540173.39931,3482385.3611000003,2419814.8555
28,ACAA1,2330909.073,410080.98433999997,742090.4847,628653.1804,3573365.4537,2506275.3986
29,ACAA2,17260165.90289,1193997.857852,1750880.402082,1673137.372358,25313262.7425,16946481.13411
30,ACACA,26570684.8004,8293431.2256000005,10471875.89568,6744502.95646,29897065.0779,28491121.2327
31,ACAD9,11544276.2426,745337.24992,1085319.41273,1158904.00296,15611824.5743,12516404.397
32,ACADM,18275439.9609,1325941.460279,1663776.6251080001,2286581.18405,25333429.151,18656687.64708
33,ACADS,166685.4831,9464.893113,12985.56881,14096.82942,315057.6355,159201.7655
34,ACADSB,7317323.7329,747785.34877,1067585.0332,1202561.7917,11956979.1844,9141761.2917
35,ACADVL,12817666.49239,1603470.560753,2710267.812659,2106494.38118,13515697.85768,17561692.72829
36,ACAP2,1278707.4918,397618.2565,538734.344,340761.68466,1615157.798,1300562.3936
37,ACAT1,103578110.01035,5487925.085234,8411272.491822,8980852.528605001,133689348.79089999,113350513.42462
38,ACAT2,64388254.02017,6659412.5520359995,9696701.534585,11860579.214063,54590451.26077,71237823.12626
39,ACBD3,3323257.8438999997,672314.9813,1151775.2194,997712.8616,4398950.0757,3745080.5794
40,ACBD6,88556.1807,32470.58595,38999.20798,40235.99732,121912.7393,110583.2805
41,ACIN1,15870585.0018,1533184.06035,1917646.0183899999,1866543.3641300001,20433462.033,17938125.9532
42,ACLY,244859816.47888,80267690.314697,81043342.551214,62360305.213764004,192073199.19616,264328742.68248
43,ACO1,38433175.84964,7167849.65917,11047571.24983,8953618.32699,49942658.58075,38790999.71656
44,ACO2,9722967.6524,954023.3284700001,1676256.96346,1515375.40243,13939230.0689,12095107.7063
45,ACOT1,3442901.3402,325628.69805,498943.97316,478493.29839999997,5831127.0781,3452821.4729
46,ACOT13,307792.0013,18822.13182,42806.412,49006.72343,346667.079,331749.693
47,ACOT7,20714213.69147,4351279.898453,5702960.986457,4311002.945185,24279152.73086,20558626.86679
48,ACOT9,7148741.358999999,625703.80997,793353.68942,793415.5993700001,11100145.327,7075478.0543
49,ACOX1,7076237.96255,772556.99878,1400176.30174,984704.98467,10541787.394199999,7789306.68415
50,ACP1,6869701.5153,1186531.48367,1987537.4403,1477814.8816,10194517.7007,7473957.9657000005
51,ACP2,733816.9241,172600.2942,208143.0589,240760.2836,740661.9967,633041.993
52,ACSL1,2384687.7684,377474.7771,597017.8311,454950.4376,3544186.1810999997,2294309.9179
53,ACSL3,17631868.397099998,1967474.1816,2963833.5443900004,2306878.03673,23940343.0054,18854811.8016
54,ACSL4,27716776.92418,13880146.20583,9835484.350019999,17876782.47932,30119695.263949998,30462563.54185
55,ACSS2,10931475.0629,2444012.24616,2526353.8825499997,2698872.10446,6733396.42346,11132886.97364
56,ACTB,2501156774.494915,855378130.505789,869372149.096675,1244462654.182119,3370193784.763989,2998099627.972562
57,ACTL6A,1610101.3018,657474.9078,917268.0224,548047.863,2252679.2815,2278135.1167
58,ACTN1,725436574.6412,249638364.227747,422720004.321443,404789897.034609,842485322.310498,809759797.772849
59,ACTN2,100967740.093,33165481.901499998,52413150.072000004,61431812.811000004,109868247.43200001,120654644.274
60,ACTN3,12761897.238,5487556.6666,10657058.934,5833143.2494,10533473.809,12142309.285500001
61,ACTN4,1488390889.584466,534526597.875806,866118895.644965,893969616.274105,1682886606.99015,1765807575.824647
62,ACTR10,1182651.1468,329685.8047,585737.3944999999,422218.46501000004,1592538.889,1274329.3611
63,ACTR1A,35738092.9968,14416913.78936,18742410.9761,12893188.19094,42428699.9642,39202804.6977
64,ACTR1B,20012703.906,6904149.8946,7322778.7033,8099408.1655,6242721.715,9156911.3179
65,ACTR2,51178044.36756,16957255.52412,23149132.43461,20119933.16616,62282102.3153,59043177.74071
66,ACTR3,38365694.31575,12940485.492278,19531687.89273,16297247.984060999,41693765.58294,44308682.44559
67,ACY1,307736.65260000003,111430.28863,184214.18299,215579.98754,447439.8187,371607.03500000003
68,ADA,1249417.8278,323475.28193000006,566950.42663,468858.41531,1475503.1698,1465144.5099
69,ADAM10,17072908.1241,28734397.975422002,29979956.21543,28384515.81735,18848318.795088,19658264.17859
70,ADAM17,43080.30073,29239.07232,38482.11108,42416.89101,91860.52875,56854.21572
71,ADAMTS15,2300208.27912,7012890.03524,10154330.1816,6786534.31,1807697.29405,2521251.44554
72,ADAR,11243588.5961,3105158.21415,4451175.66717,2910926.04006,13779473.4205,13164673.0013
73,ADD1,372870.9198,113823.1944,165500.5213,165312.6389,588197.7987,400332.3421
74,ADD3,815725.7659,111480.5235,128693.69,124434.0123,1126312.573,885441.4205
75,ADGRE5,4698578.112,5684293.9768199995,5213100.2256000005,7254150.420600001,6284130.4339,5503168.1872000005
76,ADGRG6,73574.86831,80288.43041,157949.0137,126636.3254,108499.1493,84887.93543
77,ADH5,45051187.0022,11536006.3446,16862582.5557,12734788.355700001,52047025.8468,55729657.6301
78,ADI1,3685669.4783,681973.1064,921215.3259,1309368.9893999998,3447997.7124,7090667.7088
79,ADK,16209519.2915,3804307.8355,5070140.6188,3778394.8310000002,16265981.4311,18983924.2369
80,ADNP,557775.8007,178391.56871,302400.1267,196985.59517,810190.8404999999,698924.8347
81,ADPGK,739586.81595,374811.55154,494569.51508,265609.68491999997,821831.9374,875263.93246
82,ADPRS,771121.16553,161351.75337,339901.72074,454540.66848,1245647.69349,951193.77871
83,ADRM1,12827062.14552,2538553.713552,3100275.698818,2702452.3056619996,15337353.06064,15721795.927550001
84,ADSL,14210142.03033,3847044.7470110003,5894784.14456,4799684.2982,18249201.1592,16890623.63169
85,ADSS2,8527933.167802,2687629.89724,3964649.7299780003,4167117.079901,10973675.92202,9985367.984291
86,AFAP1,658504.51292,45827.822407,37607.853927,62851.112495,1231882.1124800001,569706.0552599999
87,AFAP1L2,9719791.4112,1374412.9322,1168736.2665,1760512.5916,10677535.416299999,11263046.5978
88,AFDN,10046202.30414,3647579.88493,3833372.79082,6114829.56937,11366993.46707,11451878.562789999
89,AFG2B,132556.2352,52878.83164,86007.67193,64829.30953,173718.5124,167613.389
90,AFG3L2,9543150.0999,802342.98317,1253637.30371,1388973.49319,13185615.8863,11190051.988499999
91,AFM,215210.2852,326848.4696,1372722.652,3329118.729,176685.7815,317806.6089
92,AFP,5373895.252,28340230.531,75967702.237,172578289.88799998,4476120.55806,9373487.1319
93,AGFG1,3081577.6835000003,254012.75228000002,330270.57522999996,480027.18658,2956788.6157,3670683.4566
94,AGK,5746396.5896000005,488036.51700999995,772430.02735,844476.8635,7133270.5594999995,6657347.3041
95,AGL,1296889.783,462057.2542,774045.231,383915.9239,2320942.086,1312284.328
96,AGO2,1509557.6745,328676.3182,562060.0141,359454.6824,2965451.7202,1593054.5674
97,AGPS,9391562.21389,983565.6453699999,1463452.1859,1290341.72971,13124025.03053,10405881.22004
98,AGR2,27057758.2372,1869638.62984,2712590.51556,2897730.2563,40437880.3002,28332310.8822
99,AGRN,66289459.006774,578459095.497967,702879490.425188,661673188.534359,57490800.300928,76620888.841322
100,AGTRAP,5064220.4744,2844226.3777,3225561.446,2255284.6796999997,4668836.7948,5703716.754500001
101,AHCTF1,198017.9011,36140.31634,46839.93262,45805.99756,356053.9239,214125.4063
102,AHCY,127548342.80083999,37275903.30334,50566625.10391,38877868.81895,153574407.22918,152637666.75243
103,AHCYL1,27162869.8559,11019246.0095,11901634.97445,12003015.03813,31154530.8725,34597858.5103
104,AHNAK,1780276519.02553,155273949.637665,121676100.533625,286458214.518164,1844718274.28119,2406772386.51094
105,AHNAK2,118111186.4299,8787833.63775,10011185.948280001,14158598.02437,98113622.7568,124619051.27054
106,AHSA1,17152483.07677,2584072.9405,3123730.06918,3341974.0137,22338048.55918,18836356.79673
107,AHSG,69627390.82492,246749759.8107,929852049.7778,2588713244.9343,21318838.21106,87515126.95302
108,AIFM1,67926578.29848,7462628.059178,14115124.99323,8195206.59643,100362928.76733999,66916078.085930005
109,AIMP1,25230774.46965,7974301.398736,12551666.47701,8006340.57663,30727119.925950002,26190351.16476
110,AIMP2,43836020.51972,15407291.901291,21081195.0365,12384243.109002,48011564.31517,52030161.92016
111,AIP,11369833.0426,1639386.78022,2555156.12097,2052929.2299000002,11662717.7091,13656648.705699999
112,AK1,23519730.80023,3296120.43533,3914638.630896,4571335.315848,25643167.23161,24988881.96513
113,AK2,27562113.4185,1788172.07644,5206301.8388,3995668.739,31599691.1105,29999911.431100003
114,AK3,3851959.0324,247451.14665,531321.28172,865176.4458900001,6064944.8588,3665259.2066
115,AK4,691517.0413,170562.641,276711.8974,228245.115,1017829.826,509715.6162
116,AKAP12,41903930.3499,9116915.09578,9011732.04887,14083993.05838,42910685.2408,45656158.82396
117,AKAP13,396756.9245,78252.80245,111555.80056999999,93665.52090999999,779129.3932,495343.1986
118,AKAP8L,196690.7342,82535.07709,171139.3501,110576.3497,276205.9132,223131.0514
119,AKR1A1,34807805.3337,5251968.95028,8829143.10551,8145887.67666,37119922.1855,35277770.2514
120,AKR1B1,34499987.7633,5896018.95247,9430544.6089,8275270.5299,36097716.9075,35621207.8973
121,AKR7A2,33898034.8909,7093393.23379,8092629.73671,6004323.187589999,29966507.5686,34896202.6897
122,AKT1,439501.2811,68689.7412,101307.9095,111168.2195,787026.3712,478609.3018
123,AKT1S1,3401225.418,493443.2432,441624.1723,541843.95,6231807.764,3212155.304
124,AKT2,66778485.79829,15385203.576639,16870101.197317,19696156.74685,62240972.794529,92405054.760619
125,ALB,71640490.897456,651671573.54943,2570058785.25225,6122701409.1059,29772463.131185,116291229.83898999
126,ALCAM,2038421.9062430002,1708664.5912640002,3280369.96579,2755558.51273,2371848.602735,1983274.3660010002
127,ALDH16A1,54169.09205,31935.33871,51790.67422,42104.74304,80308.32395,58674.24484
128,ALDH18A1,30026363.91539,2207554.657365,3309539.847321,3116327.907405,38817743.62957,30993829.96287
129,ALDH1A1,1384266.4,225726.08395,330978.52390000003,452247.9521,2899105.088,1210977.0277
130,ALDH1A3,17171965.099969998,6334622.566203,6231831.66546,5694076.749439999,17426872.36978,22512508.66963
131,ALDH1B1,8380780.098999999,985772.40169,1289524.07197,1108901.43116,9082344.830699999,8922905.3246
132,ALDH3A2,1936497.5014,239473.96343,278277.05809,243216.73471,2694186.8729999997,2135996.355
133,ALDH4A1,1834687.0395,68975.67474,92527.35713,123559.01231,1798694.1704,2041471.2491
134,ALDH7A1,9199178.78693,1515605.546263,1914978.377406,2856060.73349,9594865.03687,10835533.18296
135,ALDH9A1,31645803.058592,7642496.8191060005,10809046.271221,6945264.123483,38717927.0475,36291519.111116
136,ALDOA,1586632560.186735,252189094.092181,504849131.944716,462548241.997302,1555157598.0438309,1727352097.914737
137,ALDOC,5928466.170299999,991227.98965,1922574.21954,1435097.60409,8683493.2069,6430202.461800001
138,ALG1,4395688.8625300005,431801.300232,583578.698296,726389.933807,6626365.39891,5132518.81006
139,ALG6,1673250.426,136542.0124,160319.1208,186727.9414,2794105.343,1691638.858
140,ALPG,27207503.16714,53176322.97513,54587770.70331,65897767.029750004,33841073.41732,33351986.1341
141,ALYREF,30233262.031549998,2220876.913517,3132015.233037,3370597.40095,57595278.02307,31789669.845820002
142,AMBP,163928.4103,1233890.232,4266323.429,8206396.7,22511.5044,208231.4157
143,AMIGO2,110832.1244,87277.26678,181884.3682,162464.8932,158924.2249,129868.3305
144,AMPD2,879973.3876,208315.3813,316084.9403,225080.1011,1127654.382,999511.8383
145,ANAPC7,2157487.269,954705.4524,1628227.171,805648.5013,1827358.67,2603089.299
146,ANGPTL4,4621839.7665,15205298.118700001,31480106.4496,15073897.6892,5520975.636120001,5084911.1124
147,ANKEF1,6918169.744,1959789.5621,2650851.6201,1328493.5153,6441303.648,8800680.837
148,ANKFY1,1685396.6118,902858.5444,1331304.0185,848605.2929,1925734.4405999999,2283518.4230000004
149,ANKHD1,1186147.34626,189115.608812,266297.720811,225140.771276,1885829.0416,1113544.80302
150,ANKRD28,292607.4115,145408.5702,200552.2608,162849.1326,399818.9303,329487.573
151,ANKRD30A,5337482.522,1042191.135,1278007.276,1021128.211,4647782.548,6372286.277
152,ANKRD34A,390934.0513,878110.2793,2150957.979,2409367.535,493398.1571,477274.0343
153,ANKRD63,538071.0567,2093042.208,2438314.16,1805281.348,882317.4117,665063.3756
154,ANLN,835202.5125,467388.0734,359392.7344,541035.3081,903492.1085,840366.4172
155,ANO6,6479144.5896,6314507.4233,5205250.4493,8619237.1811,6992243.1005,6454260.0187
156,ANO8,2100103.437,483347.529,1059044.533,505130.9299,844855.751,1096958.058
157,ANP32A,42724206.8624,5892465.9890600005,16410646.059109999,11211779.31985,58529863.9804,48771196.9253
158,ANP32B,41298969.5449,4211346.03819,11289347.737599999,10375005.3498,48993640.322,50587992.5202
159,ANP32E,8471738.0464,1994658.32019,4465172.15846,3738948.8649500003,9313393.27,11769140.9474
160,ANPEP,265952736.486341,562954884.097848,376771021.108226,586959460.163229,256398797.074963,290745302.47696
161,ANTXR1,351918.3628,234042.7552,343924.4016,375407.6334,402696.293,355817.7407
162,ANXA1,44511024.70752,7182423.527548,7226562.920728,11524784.956476,55217720.74056,48227464.33564
163,ANXA11,38934923.15096,15403103.362559,16363638.91934,16848347.45556,50511799.06571,42505813.21063
164,ANXA2,2018681919.232829,379774526.238429,335799863.871548,649662267.24901,2568187056.214491,2112751442.9754689
165,ANXA4,148950024.53343,26332811.927419,30212686.76012,29787612.48517,194055976.62892,148587322.57186002
166,ANXA5,363477820.81781,48904097.31372,44416784.587407,66057395.33413,495869272.7934,346145771.44006
167,ANXA6,47936377.2324,12078655.926099999,11982402.0727,12389577.725200001,51891317.6065,49520702.724199995
168,ANXA7,48782454.4971,13133622.219279999,15178478.79585,13919485.51217,74830171.7206,48646066.4106
169,AP1B1,33530312.52194,11413704.462936,18720158.642008,13266779.631709,32628979.50877,40707017.77888
170,AP1G1,17656992.33779,5218158.016416,9074181.489769999,5331220.78294,21549525.72828,20425916.68175
171,AP1M1,3614404.0827,1023554.5447,1744197.0013,1972686.5751,4584794.9305,4309850.1623
172,AP2A1,32243946.42481,17478347.337755002,26881975.61,16677743.632152,37385645.6639,37774562.97473
173,AP2A2,13284166.96855,6253759.81059,8491441.53445,6058113.48575,17307394.501649998,15631061.11186
174,AP2B1,24328846.64807,7406310.23511,10354270.25161,9782345.286460001,25578218.36733,27929544.82856
175,AP2M1,40775979.45814,27807700.76609,38697570.90328,26981128.50045,43213087.35349,49972777.1119
176,AP2S1,5169409.7612000005,2318610.82909,4189671.7719,2552979.2525,6832972.1656,4692433.1043
177,AP3B1,18380186.14183,8292407.883880001,13494896.56605,7975043.0406,18629648.3724,22294872.42412
178,AP3D1,5634115.3897,2047666.93286,3157943.74148,1704569.83681,6296971.6551,6428109.2891999995
179,AP3M1,5985889.306799999,1671665.9817,2340027.7693999996,1495757.6292,6157727.262499999,7393450.510299999
180,AP3S1,3875956.9563,685908.2587700001,851881.5744,830722.8748,4943412.2934,3775641.7004
181,APEH,16729567.442,3427251.07176,6123647.6258,5405593.81306,15069692.8215,19144802.2258
182,APEX1,24032735.838999998,3141089.37173,6671401.97159,4208044.632441,25530025.57375,25651131.53045
183,API5,15885415.334420001,2070108.48268,5405416.57697,2892690.8667,20154294.6809,17487055.23676
184,APLP1,2363442.9562100004,8596245.25687,22008684.7383,9627638.7913,1740118.64961,2076980.1516399998
185,APLP2,27499271.75835,61474573.29071,121537134.53464,89367570.79348,24827667.30905,30999739.410940003
186,APMAP,42279070.59956,4783124.084946,6565237.340074,6203489.177961,55210159.28317,44095759.69911
187,APOA1,1093714.23652,3308033.6695,5353304.8913,9659426.7095,762764.78464,1782001.77978
188,APOB,3844337.4074,2147812.2283,1966189.6753,2688337.966,6322593.7665,3823328.3273
189,APOC1,947009.5042000001,4269300.038,5268143.034,4004063.6739999996,1691364.8886,781574.4472
190,APOE,113135549.397935,393223599.30257,697976995.269178,278652306.090969,96957441.08123,95422736.575797
191,APOH,680830.2449,2317703.5218,1474335.1374,11881852.340999998,880104.28199,721821.7860999999
192,APOL1,364235.1881,72200.26446,76956.86372,91692.04929,513936.6209,387328.7012
193,APOL2,3073245.0820000004,650962.2541,919652.6702999999,522036.64580000006,3724684.168,2785683.088
194,APOM,407377.5473,467849.7637,869316.9172,1017725.135,767095.0823,593114.7544
195,APOOL,308803.7498,227835.8128,204783.9703,283920.4671,571799.3975,344409.4045
196,APP,31288180.603289,141427042.06853,303920141.63945,162558319.903982,31484186.9892853,31514376.008022
197,APRT,54592184.890377,12815108.372958,17080981.907076,17412353.453492,64621886.866178,59625953.572224
198,AQR,4148981.582,2458167.148,2705509.939,2058077.201,7434059.318,4524175.619
199,ARAF,733600.2875,186717.3165,201096.2025,257073.6914,1004067.535,860831.912
200,ARAP1,455411.5074,76732.8722,46421.6543,72025.33403,590854.8159,419663.2194
201,ARAP2,3952326.876,718740.1661,1202883.441,998182.4853,5971221.218,4273688.329
202,ARCN1,41252913.3926,8879492.09929,12490107.98147,8352687.88799,44464200.9944,49151479.2464
203,ARF3,79116547.08179,34170780.93149,29370937.653460003,32171491.65129,55751901.64108,97557941.82082
204,ARF4,18035123.1136,5099192.6766,4506416.1765,5077801.5482,16587918.101599999,19496215.9186
205,ARF5,11020897.66011,3247308.046576,4155076.93639,4895333.38064,11101489.89148,14704505.13578
206,ARF6,767853.5699,736117.7384,547719.76799,756872.7161000001,679676.0357,887648.7168
207,ARFGAP1,3689192.479,635344.3271,777480.7588000001,748913.2281,3893138.3551000003,3894686.881
208,ARFGAP3,801484.0745,143261.1907,193135.2948,159373.4764,528385.5674,913259.0053
209,ARFGEF2,578360.0328,253820.6272,294175.2017,249872.9273,769094.3888,659958.8405
210,ARFIP1,5632352.5023,1242355.04076,1627498.7084599999,1545162.1078500003,6698637.0221,6400377.026
211,ARFIP2,606007.8522,151512.8116,207658.7634,192602.4281,651665.9878,710411.559
212,ARGLU1,3187995.989,530293.8611999999,965396.9568,519216.9354,3970138.0820000004,2999340.5810000002
213,ARHGAP1,17186466.89598,4021005.28389,5181644.30994,4494329.31765,18424734.4994,19685731.26136
214,ARHGAP17,2950027.0849,1259118.21551,1445656.14234,1447816.16658,3310330.1353,3609569.9469
215,ARHGAP29,1475044.234,376525.6043,478255.9134,393073.6596,1278537.475,1951284.127
216,ARHGAP35,559071.9084,9070777.981,10313145.15,5555966.117,333682.3648,477822.5606
217,ARHGAP4,3501520.17154,615264.955,757843.4059,583333.14911,4997764.72571,3238657.24641
218,ARHGAP40,605345.8755,302601.5301,377441.328,252948.2361,337338.1869,565355.2904
219,ARHGDIA,75247085.9637,13079064.47775,22980361.25869,20391066.78294,89183634.22,104115060.3096
220,ARHGEF1,784324.387,174451.0921,212937.944,199122.8955,1008104.812,928290.8602
221,ARHGEF10L,1059965.821,81723.45875,113219.7041,77419.30938,410713.8409,611868.1883
222,ARHGEF19,1440293.77,255429.6731,388770.7589,360928.3405,520806.111,675677.8364
223,ARHGEF2,10914423.58577,2436618.882547,3091564.459699,2559324.944816,16311346.58149,9611952.39125
224,ARHGEF6,1175718.6717,335828.7818,468705.9538,420976.23230000003,1667107.8766,1300641.1488
225,ARHGEF7,2015295.8889000001,258737.74602,255283.64071,287226.1368,2615975.5810000002,2649031.987
226,ARID1A,1190715.2589,460388.05189999996,629194.9663,435640.11470000003,1720784.7325,1434667.7009
227,ARIH1,1073276.458,184219.3367,343207.4646,295557.2483,717780.294,1057010.167
228,ARL1,725895.4201,185973.7436,348109.8287,321557.2026,565959.2053,1039837.746
229,ARL2,10735335.1306,2851635.866,3735655.6859999998,2786676.7221,11732332.093,12672247.593
230,ARL3,21790499.37066,4626947.3126799995,5624367.6923,6203492.31868,28720498.30877,25765682.30644
231,ARL6IP1,4216045.765,1949915.725,2363138.077,1776482.106,4705158.018,4350342.823
232,ARL6IP4,1277903.008,176381.3288,341830.3061,186837.7503,1476036.757,1468996.836
233,ARL6IP5,7558796.991599999,916748.8123,1305178.6534799999,2139268.37318,9016630.2327,7198018.0333
234,ARL8A,10351791.507,3028698.4976000004,4553852.8682,3025497.7718,14656468.004,9932161.103
235,ARL8B,4161080.47839,1258433.6161,1132797.61916,1810185.33676,5204982.2234000005,4364989.68181
236,ARMC1,4303380.016000001,494961.2419,759556.7882999999,529529.94,5172886.307,4588103.984999999
237,ARMC10,1346931.5902999998,202503.14952,287987.43935999996,225846.66477,1880010.2507000002,1616102.4137
238,ARMC6,772725.1925,224806.1381,319727.572,343107.5436,943086.5831,1023983.401
239,ARMC8,1362341.8926,792864.4856,1166800.6236,809237.2642,1702933.8782,1466703.0303
240,ARMC9,6626800.2677299995,1361715.52883,1739406.2905899999,1478293.847,7635074.9479,7348208.2008299995
241,ARMCX3,680895.3804,130873.2093,183326.4331,110048.363,1402002.199,458316.0826
242,ARMH3,368648.1469,92993.06022,172754.1338,141024.0602,521717.4839,499835.2936
243,ARPC1A,3586954.2350000003,1398193.5227,2325664.3897,1762142.5476,5126678.743,4064321.334
244,ARPC1B,48468435.410119995,14255494.310166,22730957.59756,19776348.60111,58668198.846149996,52489943.60855
245,ARPC2,53154563.1103,18667762.8252,28535823.3987,22514117.2401,54396009.8675,67376796.2272
246,ARPC3,20280326.19458,6899556.72403,10412369.03101,8084902.18946,26959259.9318,20925385.03596
247,ARPC4,40380068.826,13977208.7108,22128731.369,17563319.2505,52996858.7402,44660313.9933
248,ARPC5,41120908.845300004,9274410.61547,14939990.20176,11835887.20198,45030514.5726,46615600.2714
249,ARPC5L,5007656.0083,2314134.10353,4308815.838599999,2859510.29141,7064687.4923,5845036.2005
250,ARPP19,5092226.795899999,204147.46632,285688.7905,380131.92045,5888398.1035,5856153.862
251,ARRB1,9815135.60768,3519916.36365,6193457.39544,3293906.72593,9272351.55256,11400028.141
252,ART4,1821558.9100000001,2261164.3137000003,9052629.882,16061898.135,1612678.3271,2496725.8211999997
253,ASAH1,2355409.9482,955986.85871,3107383.4425,1451602.33217,3965590.6508,2375494.8477
254,ASCC1,755993.1781,124949.7381,148093.8896,172480.8113,943412.9265,860041.5516
255,ASCC3,148462.5127,44030.43053,76311.71749,91076.73515,260773.8161,156666.4399
256,ASH2L,466045.55500000005,205037.76172,307703.6007,209013.86132999999,503036.4624,670592.6417
257,ASL,2431275.4495,602218.2102600001,977471.2827600001,761300.58913,2835282.5734,2455802.9503
258,ASNS,32787029.34944,5939412.9896,10422346.07883,8005614.044509999,46495754.01287,40075213.15625
259,ASPG,387162.7149,1615612.1668,3049926.8131,3290516.1761000003,409071.8692,552567.1348
260,ASPH,15043966.754013,3244747.8697,5530969.1849,3752075.431052,24007617.283007998,15101130.153474
261,ASPSCR1,158038.7377,72713.3947,102907.587,100361.5724,225514.8998,181075.199
262,ASRGL1,858208.6174000001,183205.05023,273091.6313,268243.826,1118971.1712,1006755.0623000001
263,ASS1,449317.5933,131435.8888,184387.2984,118087.7358,860897.938,340798.5929
264,ASXL1,551840.8698,3072206.337,3104660.552,2380338.596,478828.2444,571504.6788
265,ATAD1,1030912.2272,245148.5679,320772.2733,274832.1357,1967332.2614,1242930.2116
266,ATAD3A,30512612.64942,1467807.9862600002,1864239.5749599999,2593529.9947099998,42177664.8559,31313528.9553
267,ATAD3B,289119.6542,41306.14867,46556.611650000006,59395.0669,558106.0155,280402.4821
268,ATE1,224816.9611,87605.2209,153368.5261,108964.1402,298004.6669,307807.4519
269,ATG12,709214.6548,275394.898,360385.7703,353047.0886,919619.6712,864823.6804
270,ATG16L1,2567706.199,1067244.5189,1234415.4100000001,847214.7108,5418345.7762,2606936.285
271,ATG3,3534150.1108399997,800646.69311,851611.74947,1096747.5766699999,3867605.49809,4992749.5574
272,ATG5,1680440.3266,599893.8949,777784.7725,510529.051,2007209.5897,2132034.9184
273,ATG9A,654048.341,276083.9352,347491.6137,236268.0482,827578.7116,747564.1953
274,ATIC,125233750.18133,33820793.223135,38734861.757677004,37229472.835091,153605585.55448,145216311.485448
275,ATL2,489901.4858,141733.5761,189428.72509000002,160400.68531,532803.2767,628366.3130000001
276,ATL3,43081708.4512,9043387.48448,14074089.75502,8585080.37318,46971095.660000004,49630351.308139995
277,ATM,863771.4491,320951.905,550212.0463,235784.4338,894538.2947,919386.5806
278,ATMIN,288097.27383,191942.39028,181962.48173,283847.47035,297796.34527,348520.5168
279,ATOX1,9684595.91348,1082484.923749,1108089.21417,1413061.566408,10278277.509876,10388977.886606
280,ATP11A,62141.00743,47745.54697,37697.79776,50848.20593,68342.45916,49371.95448
281,ATP1A1,50733913.458629996,54427264.91139,37716655.44632,73822960.7588,69485830.81278001,54052882.21174
282,ATP1A2,16479422.90891,23593225.79654,14563144.565299999,29577117.01659,17799458.74636,18854645.80752
283,ATP1B1,3495149.4063999997,5227306.43367,3463748.41636,6964467.8313,4239416.8135,4237239.2129
284,ATP1B3,5707497.60216,6680400.78214,4314455.21086,9956640.37357,4938008.50794,6422788.4715
285,ATP2A2,65837263.5439,5559730.028926,5474995.1511,9335035.062611999,60191163.96402,80157134.74780001
286,ATP2B1,13996587.70941,15752749.65389,10979055.11882,17584622.31678,17080931.37198,13835853.01514
287,ATP2B3,2577794.484,1606002.863,1453836.441,1749617.057,2971130.803,2644119.551
288,ATP2B4,635717.9233,696984.698,547564.943,887067.269,823699.3762,615522.6712999999
289,ATP4A,6474274.824,1229680.578,1642460.054,1087421.349,4814882.899,6851083.378
290,ATP5F1A,286770621.252515,11855738.626499001,13801327.479147,19693821.964425,410625900.834296,283950240.631692
291,ATP5F1B,211235140.46995902,13650630.942685,20003301.420168,20074657.813335,291054552.06217,212524717.561003
292,ATP5F1C,27733271.09037,1486527.126481,2003345.616156,2124022.494833,29268393.09643,34511414.43568
293,ATP5F1D,953854.55025,20762.013364,34803.8002323,44176.82797,1848053.74241,894463.33838
294,ATP5F1E,13686826.01229,760310.661051,919244.063446,1115826.867751,17303006.85492,15104088.41167
295,ATP5IF1,15277975.194600001,565917.24885,669346.23108,885679.75738,18722041.2318,16262789.6262
296,ATP5MC3,81688677.853,578193.29362,238525.96860000002,819918.92595,50770617.654,107100292.263
297,ATP5ME,58219.30386,1292.314682,1612.772981,2147.659652,56087.74797,67863.58695
298,ATP5MF,6275362.7945,720338.81379,904591.1908600001,711424.26782,6696839.293400001,6289891.9392
299,ATP5MG,15063892.5935,552838.66269,844720.077675,827448.18893,19922382.172,16076427.5277
300,ATP5MJ,7503818.86,183791.3658,181268.8713,276292.8036,8194863.557,7419435.607
301,ATP5MK,2455363.143,128219.24308000001,124411.2605,164051.826,4042079.508,2016601.7195000001
302,ATP5PB,16477534.40692,640833.035311,1180006.205389,1283594.366242,18845361.11397,20143573.40562
303,ATP5PD,29933513.08504,1098752.35375,1327433.509932,1904997.271192,38614694.820420004,31213656.3953
304,ATP5PO,51742468.71225,2425296.866291,4010414.775238,4835017.4451750005,67559025.40718,52824383.1416
305,ATP6AP1,832266.4468,196068.35034,645285.57317,377075.31981,1143733.5304,843870.1115
306,ATP6AP2,3355156.6739999996,1844037.45016,4159149.0994,2809062.3874000004,3506881.6512,3902116.8236000002
307,ATP6V0A1,398474.3226,83624.58625,99840.68241,108748.89978,775791.8373,332083.08879999997
308,ATP6V0A2,2059651.8609,429671.03489999997,549625.222,355718.52879,2890999.5627,2270877.1021
309,ATP6V0C,5400436.2946,1168347.94102,982840.2949,672443.63442,7772062.4949,5476336.547
310,ATP6V0D1,9822889.2177,2566426.8325,2359651.6683,2342842.7811000003,12503485.086,10333398.3406
311,ATP6V1A,19028835.278699998,4814278.44478,6235024.73921,7186149.45083,25619856.38893,22095421.67752
312,ATP6V1B2,7939271.92845,2266156.67042,2560246.89672,2382240.57919,10051653.9704,8439828.577399999
313,ATP6V1C1,11293192.1763,2391252.3205,2857702.9906599997,2433547.07551,14860226.2247,13691806.8539
314,ATP6V1D,516707.6465,132367.3104,183371.6505,113804.1131,844805.5892,607496.5564
315,ATP6V1E1,14342072.309,3007050.0195,3004115.2116,2699659.0849,17669239.371,16176269.595
316,ATP6V1H,2814562.2988,620182.60441,795031.18393,671791.02758,4077471.0302,3350703.2202
317,ATXN10,7332401.357000001,1959027.1525,2801425.9738,1921361.395,7816069.295,8842672.548
318,ATXN2,49418277.82,17369704.351999998,24132567.133,25422282.95,27246929.27,64160284.78999999
319,ATXN2L,10077605.848000001,961440.00832,1069638.26079,812974.97102,10391185.101,10504576.2681
320,AUP1,698751.4261,93396.58791999999,115396.56924,143348.01275,1030536.9394,717684.5249000001
321,AXL,453065.92319,705579.3156,2346600.8642,2519162.2828,693016.7391100001,502613.40925
322,B2M,30918116.4578,27382273.8889,38423471.9706,33420348.2407,39393805.963599995,30784021.4081
323,B3GAT3,322298.6241,150133.9127,353650.374,217050.2179,647186.8553,320495.6514
324,B3GNT7,3432593.18284,11791624.26618,27524512.69833,16010922.70153,3262811.8044200004,3722265.59265
325,B4GALNT2,482589.1079,115317.0077,208811.2265,113145.7324,1629034.642,319439.7043
326,B4GALNT4,5342856.55777,13229466.30186,22853169.40138,16692018.9933,9032022.85235,5336444.27634
327,B4GALT1,587134.6869,418781.471,1506946.082,1276670.266,575758.1272,653680.2797
328,B4GAT1,3548339.7546,2057453.1125,7760313.112,7169643.9867,4428333.7743,3654143.3898
329,BABAM2,661406.5747,221104.7605,318528.6712,222681.8663,692187.3047,818782.033
330,BACC1,362617.4487,233709.1202,309607.4446,268669.0515,545782.3542,494181.1135
331,BAG2,22174942.7727,9597047.01318,13078132.069799999,8620304.67991,24779334.4951,25067195.3775
332,BAG3,12945959.03503,3651500.939568,5683633.258644,4899483.651695,13349555.19394,15239440.48718
333,BAG5,105883.3716,54416.03879,79087.41844,62093.07808,131645.513,145661.0048
334,BAG6,5022480.72919,1768933.772163,2329258.1269,1876947.7989200002,6447585.36027,5805804.960150001
335,BAIAP2,17606813.14172,10169978.149840001,9572261.05647,13763506.62861,20930953.82679,24728417.83431
336,BAIAP2L1,32253274.6439,20001750.26417,18069356.36309,20714437.50401,39996591.84666,36077518.5018
337,BANF1,28031847.87668,8856661.77552,18333249.99134,5507910.193320001,26095419.25465,33279632.2918
338,BASP1,24881105.67534,31815408.727357,18952373.138746,51716568.870147005,17942661.399106,29721516.174068
339,BAZ1B,14058568.9996,3564090.18364,5872635.446040001,1807612.9983100002,15369335.4538,15143833.0267
340,BCAM,3244896.856037,11911826.08637,21550311.09306,11542371.03401,3372433.40121,4195969.203575
341,BCAP29,1934653.1213,346103.5087,457994.2032,329330.06700000004,2228994.0926,2108325.8077
342,BCAP31,194707040.08908,11875738.750573,11684285.238553,14613580.029997,225461922.68309,212347019.69219
343,BCAS2,2920698.3276,814647.5895100001,1264625.7614,884914.92394,4170418.499,3676284.3936
344,BCCIP,18740271.04839,5430530.1775279995,7085643.85636,6079471.893667,16930135.767839998,25593978.96287
345,BCKDHA,120112.2871,4160.249211,3841.268833,5680.514,172488.7566,114080.4223
346,BCL10,2939575.597,441428.7562,515069.7878,475232.4708,2778369.147,3481420.609
347,BCL2L13,338530.2671,80655.9985,184141.54595,139549.30708,475147.8436,400316.0547
348,BCLAF1,24064739.8842,2031969.96298,2243502.80187,1764812.18441,33510378.7193,26047872.6189
349,BCS1L,129063.9711,48482.59686,89959.92921,242422.0069,161584.0767,140383.329
350,BGN,3021919.7864,17523159.83816,15894042.5746,17690431.1258,2456196.2922139997,3102054.8436
351,BID,398366.2758,65891.642523,100655.962731,95966.30973800001,539042.4593,372269.71855
352,BIN1,296398.3235,38008.9307,73543.24086,59594.77283,314935.1039,317478.92
353,BIRC6,7063486.757300001,1785568.59117,2981145.5203,2019362.6009,9259621.4919,8617894.0065
354,BKGD,5731736.1781,737192.1092000001,1567958.235,1250821.016,9601748.963,5780983.4449000005
355,BLMH,20812554.61482,4420471.0079,8620976.2702,8702335.4605,24096995.2438,23053214.3886
356,BLOC1S3,1368464.2532000002,300605.04206,518464.6788,451656.21619,2523115.6761,1393266.1127
357,BLVRA,40631015.52788,9806534.23201,14327462.57203,11210551.65282,42425346.42661,47253594.16355
358,BLVRB,15267577.6732,2422958.3383,3378633.2187,2458515.5374,17528921.8266,14388983.8715
359,BMS1,1659312.86847,353706.50705,516964.29442999995,424211.31199,2905544.84925,1888533.62184
360,BOLA2,19477900.5137,2669374.7618199997,2525531.4621,3854009.9971000003,19876127.9865,21476336.2679
361,BOP1,3066887.6873899996,571085.027645,811565.797422,482152.05768800003,3687627.062624,3309151.190506
362,BPHL,405799.6856,79251.26785,189788.6259,355804.4121,711611.0672,398188.7106
363,BPNT1,13842698.1131,14097316.56325,14554163.03283,18030079.14351,17551032.094800003,15716879.1364
364,BPNT2,1000296.523,299447.5699,499458.0094,409519.0828,841857.9519,1020249.32
365,BPTF,286616.2653,91121.78216,172269.3478,126154.7966,379130.3554,442318.748
366,BRAT1,739787.7921,288291.5568,392508.732,214332.8148,554576.8536,1093959.821
367,BRCC3,65790.35893,17958.63211,24137.10956,36425.25769,103841.881,70780.44291
368,BRD9,453126.8953,3646374.738,4092285.982,6952011.711,237031.8968,787782.4804
369,BRIX1,5674786.2447,1241530.47998,1661715.8414699999,1157631.3269,6830157.5998,5911535.439900001
370,BROX,4117875.9569,3455418.7246,3854835.7327,3267847.7514,4568760.9979,5442890.1722
371,BSG,63332312.7974,75766009.17609,58704854.402119994,102988430.46005,65758829.77152,74404894.77342
372,BTAF1,176716.3433,43718.45081,55471.52761,73635.64289,314039.439,187103.8437
373,BTD,541882.3434,634028.77864,2317607.6814,1636856.517,642497.3721,596232.7733
374,BTF3,19630215.54395,1899633.6150870002,3043681.131155,2356820.68182,20417867.15748,23411543.33584
375,BTF3L4,26261593.4289,3744006.3155,5845958.0823,4780675.7213,41763232.8109,28415569.970399998
376,BUB3,15516088.4483,6355525.2308,11213052.831,4118078.0502,20898978.6932,15887205.3046
377,BUD31,1694209.874,355843.3833,542626.1065,245879.725,1347460.802,2228773.001
378,BYSL,714815.6427,172029.5558,271587.2518,178340.1715,868241.6672,844429.132
379,BZW1,25678017.590800002,7261428.12136,9123196.33917,8947243.56663,32041138.1016,33458324.6201
380,BZW2,17906456.5358,3892259.9402,5246183.5935,4728239.1569,19137098.0638,21967463.585699998
381,C11orf68,3903346.5889,824371.7228,1332250.5761,1277638.6875,5612572.786,4796376.456
382,C17orf75,218856.6786,102777.6758,146737.2207,131543.3415,229666.82,252073.339
383,C19orf53,1158555.1723099998,100178.37291,152461.25384,94545.78527,1569323.2826,1408032.50221
384,C1QBP,26638917.8987,978586.36066,1792572.63972,1550797.20481,25163215.713299997,41244474.3386
385,C1orf167,2297866.421,1043265.525,1457387.033,652211.5153,1169417.231,3525323.479
386,C3,2282455.290198,8488477.6461,26426123.275200002,36365412.6635,1943598.6618249998,2892139.133735
387,C4A,84824.46021,108586.0922,337514.2115,486498.4721,107151.6942,118774.0226
388,C4BPA,294604.2216,636420.2552,1009323.299,968195.0857,257397.9763,359111.6927
389,C8orf82,1721527.1837,203791.30265000003,270140.92837,249393.22364,2797428.465,1822592.9249
390,C9,66462.75182,318260.9762,313487.5135,548133.5971,54540.93104,78952.72579
391,CA11,717414.5043,524105.2223,647328.1112,275242.9226,206615.9596,302520.1726
392,CA8,2173618.252,439269.0922,678401.3746,805017.0441,2662840.77,2579214.132
393,CAB39,4011681.5427,2600215.96717,2903478.864,3577991.7781,4275742.5443,5176017.9389
394,CACNA1C,122376.6875,1052113.092,994310.8069,612487.0781,180466.2472,176554.9755
395,CACNA2D1,52423.46005,44991.31253,71030.53599,80772.82084,55570.77887,66956.62958
396,CACYBP,35823482.22464,27776693.501938,40644901.297136,87854785.238517,28187957.38266,52759781.537259996
397,CAD,22394925.69641,5835167.842296,7050209.933561,6519028.2453,26700687.73006,26371181.72556
398,CALCOCO2,1395875.1012,372070.01831,322727.37088,397352.14735,1334565.08303,1224710.1190499999
399,CALD1,999328.5812,645117.2801,766500.6631,721119.982,1403170.858,932141.7716
400,CALM1,13693482.27179,12927045.15647,7347906.55246,10732115.04593,9889316.14807,28774892.738599997
401,CALR,301465737.89172,20034989.468697,31164604.177761,35042486.054393,273580434.90684,304146061.4401
402,CALU,29608846.85085,11967337.59164,28814568.934150003,15865868.26556,26100624.52282,36807422.35803
403,CAMK2D,11018802.238699999,3251500.9462,4303724.8167,3381174.7087,11683461.077300001,12086483.8532
404,CAMK2G,1017143.234,308641.0563,571142.3706,377352.6162,1031741.057,1179132.636
405,CAND1,95900647.075607,27001893.036288,47210319.600367,32341452.433604002,111292851.13512,113507655.68846
406,CANX,190360253.75901,10570753.357628,11079966.305804,20646403.132916,219903510.57356998,203744359.91442
407,CAP1,170259357.55053,36341739.169208,50552002.574807,48307535.359813,187280197.930859,212182493.17782
408,CAP2,5350904.0409,1306263.8726400002,2067415.22475,1497520.81983,6580847.0550999995,5837217.0993
409,CAPG,62915460.95124,6060398.89248,11654593.19574,8599318.42689,78690999.8502,61287463.3371
410,CAPN1,54492299.38351,10527939.469773,20116041.28749,15388387.500853,75705732.65825,58940716.80711
411,CAPN2,64296281.74724,15971657.26565,24053394.603869997,17749252.65207,77948482.75164,65818981.97314
412,CAPNS1,52801353.473676994,10208352.40909,16521837.92351,11953797.416579999,54795496.349706,62892837.63093
413,CAPRIN1,28127276.3028,3363943.07098,6198806.13239,5126128.30973,25680535.0605,34963079.368
414,CAPZA1,10379424.7338,2723812.0846800003,3536077.9979499998,3402443.6208099998,12390748.602699999,13896160.5161
415,CAPZA2,37036013.7114,9898356.56807,15820168.80907,14994038.93761,55713979.83908,39455658.652389996
416,CAPZB,103576688.74610001,26029575.7995,38369305.50279,34784993.28943,106065356.19669999,127746881.1996
417,CARHSP1,26411654.86364,4544932.257291,6575832.9269900005,5460180.47886,30509737.12911,28405979.33704
418,CARM1,6017639.5822,2161293.3564999998,3412886.8078,2040890.8126,7887619.109,7071958.7419
419,CARS1,36947137.50342,8509264.079026,19224754.166884,12510799.046199,56970377.918077,41256338.73553
420,CASC3,325502.7288,33341.3463,39921.69798,30091.11045,415666.3463,326098.0846
421,CASK,2159909.0776,1864344.4368999999,1667816.2462,2693886.5102,2494353.7277,2485523.0955
422,CASP3,2269247.87975,397988.75746,633836.9916000001,503952.39394999994,3062325.04245,2433064.7825
423,CASP6,998174.852,207525.4208,431340.3853,644405.307,1184185.052,974041.901
424,CASP7,2411946.1033,309020.43692,532139.0503,365677.17892,3220407.0785,2290181.4209
425,CASP8,400655.39942,111102.52957,188082.01951,205001.82285,407097.80529999995,507073.83558
426,CAST,34230413.04266,3811109.19583,5949464.16336,5471884.21672,34745674.84051,37899385.8414
427,CAT,36003419.623189,5451129.293149,8504402.737613,9510031.650302,41140665.724892996,41015005.513759
428,CAV1,91886334.46697001,17848786.06224,20920378.13969,22646326.797819998,106040731.23116,94999097.2404
429,CAVIN1,78333589.31872,11165343.12116,14890584.65766,12965414.78192,103379921.44656,85734335.75665
430,CAVIN3,8324026.259099999,2175364.3512500003,2862809.4418,2581698.4893199997,11819548.1062,8297446.6861000005
431,CBFB,1965367.9087,250896.1581,277022.29349,373010.49256,3106216.1738,2048548.7272
432,CBL,3758502.7641000003,793543.94948,1318024.4986100001,1012021.3198299999,5875344.5828,4085912.175
433,CBR1,6785494.7851100005,1619249.977943,2221569.40565,2035857.50794,9209571.142620001,7116755.75144
434,CBS,4780199.2362,851859.1999,1792644.9969000001,979503.6388000001,10207800.254999999,5246485.100099999
435,CBX1,8316143.4004999995,662567.48763,1070761.83773,709297.99075,5884262.4087,9578337.0738
436,CBX3,6143146.8889,1133206.60165,1480247.8029,1119188.04623,5194028.0488,8357593.4914
437,CBX5,2745181.05376,604957.87411,1466737.8495099999,808465.30737,2473553.47564,3559802.68445
438,CC2D1A,325465.4179,105432.6833,125351.7596,162855.8967,459300.1696,358268.8804
439,CCAR1,7834502.912800001,2252554.99152,3436009.3864,2504451.6558299996,10145996.8846,8998364.4733
440,CCAR2,6272609.342,1759697.4754,2945259.9458,1844854.422,7935970.0519,7335337.0914
441,CCDC102A,45725.83934,10350.79047,18579.76168,13214.98181,61362.10766,46571.63948
442,CCDC121,1859354.0839,7674735.182,8798361.768,15010127.462,1328860.2691,2555444.098
443,CCDC124,5856630.5481,484457.03487999993,674623.20991,571068.31669,6619714.0981,6576229.9002
444,CCDC126,78454.62939,23243.29913,37485.4781,33262.13542,66853.08197,52995.72674
445,CCDC13,1893144.139,2013636.423,1487576.397,2711977.655,1909856.148,2322538.632
446,CCDC14,558346.3502,139801.303,299793.4206,145144.028,3561163.749,269430.1521
447,CCDC22,681691.889,127656.9993,185297.3456,148557.6072,765803.9993,739911.4696
448,CCDC47,7791011.9313,1333399.7892,1565049.3715000001,1732795.2661,14215734.7982,7832688.8897
449,CCDC50,5555266.4768,1642846.1755,1343364.6043,1901236.1829,5663654.220000001,6610275.5273
450,CCDC6,5864780.68623,1030043.71087,1311404.58529,1066022.2285499999,6591884.9177,6720646.4961399995
451,CCDC86,1133057.294,67387.04989,97253.2686,190976.2199,2212345.809,1273042.014
452,CCDC88A,257359.8268,97942.15084,111396.8815,200455.2427,330030.9887,335977.493
453,CCDC91,139664.2196,62653.83708,118290.0256,99430.26718,177694.9897,155951.7209
454,CCDC93,546384.1248999999,130803.27335,190355.57809999998,145886.32214,1464282.4857,505107.45460000006
455,CCL2,357074.0982,109791.5244,760794.1836,107653.766,308619.4452,269144.865
456,CCM2,136299.0227,76091.61723,161830.1134,116858.8645,211785.4258,136606.1837
457,CCN1,25363294.784113,93453390.82884,206045563.98138,97906932.4409,11585252.542071,25465157.167686
458,CCN2,19710299.31991,227868937.32429,318351513.7163,159135694.22203,8193694.58373,22735138.44634
459,CCNDBP1,197742.0106,98596.43812,79636.13831,43951.09293,543312.5911,253697.9835
460,CCNF,839784.4659,108653.4318,216744.2176,153841.5048,427870.4562,535555.9737
461,CCNYL1,366637.3532,210629.962,176326.0086,231266.0986,649765.1275,345039.5112
462,CCS,4719792.5112,708893.8083,857336.3631,949946.0846000001,4966514.238,5173946.6491
463,CCT2,145360742.325616,74374990.438888,102278890.599583,66100009.599905,170679262.871149,185324276.007604
464,CCT3,143013916.02933,72443376.140886,96304713.56971,62109429.582136,176989458.54648,176721012.0116
465,CCT4,181898615.732795,83431550.488404,125142074.370195,83556478.627644,225908870.56562,212154347.691298
466,CCT5,196091119.394049,104928921.487765,143229811.371411,93980788.327553,208253739.145989,255857146.076308
467,CCT6A,176844136.06116,82166033.626692,109336818.25021,71577920.421068,210731597.36337,212917782.27995
468,CCT7,184497013.90504,82223955.475679,116512643.30989,81387671.554321,240753678.39026,216412744.39405
469,CCT8,237995364.24543,119944897.70316,184561029.57756,117253726.42793,270501906.11581,292550244.57736003
470,CD109,28032130.78675,69008719.14611,111047083.98638,101509704.49908,30867568.12972,36271101.997940004
471,CD151,34732773.77209,105317560.63203,93601256.22845,107661881.34363,28388468.4215,42052965.65107
472,CD19,307272.9482,654259.9502,970959.2243,388928.5915,936442.0286,294125.0305
473,CD276,1279261.82714,1690764.56323,1333138.0160400001,1919933.46953,1192469.87501,1691277.6571999998
474,CD2AP,12846455.0863,3359044.38055,4558665.72373,5611533.77664,14697600.8864,15219394.243
475,CD2BP2,1677341.699,427533.9444,657245.2524,785241.5248,2056111.837,1629790.592
476,CD44,282381241.74064803,386057090.506676,467487292.837747,550986171.365059,268950190.20961803,310059460.181045
477,CD46,4077845.6548,3708904.5337,7178129.4911,6762598.4354,4292299.167300001,4435308.103
478,CD47,9238422.001500001,12643025.8681,8172058.5861,15751276.7767,9169472.4844,9387130.262
479,CD55,2091785.941,2156489.685,2904842.873,3055837.818,2264528.046,2498789.568
480,CD59,29079590.2924,42190573.8469,38423176.438200004,67119865.7647,37188402.5229,25714526.165799998
481,CD5L,32670.80007,385708.2732,526636.8851,1200176.097,30439.55073,52906.83817
482,CD63,86811516.86850001,170303479.1864,140951178.5902,81367375.2539,94516180.3855,46421922.4375
483,CD70,1294883.057,1811020.5883,1847490.7290999999,2391917.4442,1807747.4542999999,1513636.6764
484,CD81,1999448.54702,9180120.6562,9677213.7905,8158761.1244,2799662.48339,2221970.02093
485,CD82,751370.79327,3840633.2782,3131545.2172,2658364.4577,697962.99608,787208.49914
486,CD9,19386400.275399998,183539720.938,169960861.884,137086068.9349,8461541.1374,29641709.2639
487,CD99,1886023.879,920495.1935,655420.4305,853188.6821,1569958.325,2166367.074
488,CD99L2,325218.3381,163170.2273,127161.7609,94150.23936,439592.3127,256007.7836
489,CDC16,1910224.376,692011.5259,1111104.717,567141.1762,2157280.229,2707906.817
490,CDC23,458308.7778,201790.855,418424.9036,417738.4649,677155.691,565185.0649
491,CDC37,21300365.76903,3126945.0646059997,3881641.724341,3996247.517964,21612052.28977,25178364.41984
492,CDC40,1091076.3644,305210.28870000003,640329.673,270649.9872,1637345.7582999999,1302732.2184000001
493,CDC42,28454231.111109,17944378.182318,15431303.602571001,27681942.835056,26949608.313155,34610052.449469
494,CDC42BPA,364620.0575,266021.1195,347554.6747,327710.8254,482271.1251,451441.0075
495,CDC42BPB,1756147.8329,409457.175,427737.9767,642160.1557,2100377.8866,2133276.1495
496,CDC5L,8066806.442600001,2179495.50491,2928505.2637899998,3095920.4868799997,11248278.0706,8626117.1504
497,CDC73,865088.0298,917736.788,1331054.507,484659.3797,1359865.211,847034.6866
498,CDCP1,4663164.7051,11352429.6468,10665472.676,15427124.9637,5223969.4436,5820403.1917
499,CDH2,2842837.776,2290272.7477599997,4280073.2314,4858179.1084,2936927.5608,2943462.2346
500,CDIPT,4953267.5521,402471.28154,433013.38315999997,422266.05348,8595044.2711,4250069.6927
501,CDK1,7146866.2439,3070351.2697,2338061.2741,3454584.3975,5027636.8113,12288991.283
502,CDK11B,5923137.322799999,1115557.22952,1325699.444,1169393.3203,8429831.164,6924268.7104
503,CDK13,161628.73411,15406.20739,22184.907701,10308.500388,201503.84237,236574.80238
504,CDK2,9025560.2905,3395406.09106,2718592.87426,3873864.69023,8653341.3769,13503190.516600002
505,CDK5RAP3,9286912.07777,1746167.03457,2563874.76135,1585380.60579,11240449.99842,10537083.83626
506,CDK6,302654.9183,216509.5039,294972.8521,377750.62,420852.9864,392670.8668
507,CDKN2AIP,1277894.0533,151679.92046,253466.22143,293747.07507,1628420.9427,1532121.0632
508,CDS2,1209691.131,215997.9109,257592.4436,232826.9667,1835584.672,1291778.402
509,CDV3,45496170.65063,1800618.52726,1968272.827751,3764089.26731,53326437.50695,48859442.13072
510,CEBPZ,874962.3319400001,230345.88165,325825.50577,302243.94983,1508734.6400000001,909356.93668
511,CELF1,10479348.178399999,1719151.31168,2182038.56441,1608877.51004,13387694.7,12640415.000500001
512,CEND1,925171.4154,321120.5436,480598.9155,431312.3397,395412.8567,598719.3003
513,CENPV,3030429.1154,110490.226348,92761.816719,125930.770225,3073135.5899,4361927.5955
514,CEP170,1348420.9143,209237.03516,315222.70103,343295.03501999995,2283862.3671,1444426.9181
515,CEP350,204130.5374,48716.23796,141862.4978,89938.40612,474801.0845,125294.7306
516,CERS2,54109.04981,7543.313431,10670.92413,10058.44306,67924.80643,65990.7288
517,CERS5,842200.3177,142163.1806,158554.0832,175092.4223,1518460.258,885499.541
518,CERS6,293864.2614,47264.85715,66017.49103,58732.49907,345231.8493,293098.9318
519,CES1,3014261.0526,296065.09593,496127.14509,582732.3471,3899117.8192,4006788.715
520,CETN2,461734.4089,99407.5837,169812.9337,111656.0788,546433.9103,548540.4634
521,CFAP100,2748267.1858,59561806.49,157985719.12,309737692.6,0.0,5116363.761
522,CFAP20,763900.821,115582.6027,206873.5606,140236.4946,1397917.663,794029.4016
523,CFL1,665988347.91624,127653818.107361,140033870.199701,252821644.762673,534119553.65209204,853122298.58715
524,CFL2,6336825.8148,1472935.3440999999,2047292.27902,3259696.8416600004,9757875.11123,6972713.78428
525,CGAS,265980.05076,58175.57918,131295.82944,71518.57772999999,482098.53439000004,252372.98317999998
526,CHCHD2,573367.4156,71330.51887,103404.22704,132380.63649,804631.4005,682179.7871000001
527,CHCHD3,34785923.23203,1378762.71642,1677191.169304,1874342.23553,38491297.87966,38590689.74107
528,CHCHD6,2594761.8691,196146.6381,321375.20519999997,259277.86200000002,3695814.309,2708259.7953
529,CHD1L,1260698.058,240073.5246,347944.6888,225660.286,1271614.604,1452950.681
530,CHD5,4075182.8433,895059.4593,1233169.3001,632953.4209,6089809.929,4117098.1424000002
531,CHDH,7062164.3784,382171.46929,640111.9644899999,524443.73764,11566755.3112,6615095.4626
532,CHID1,14221041.675,2077515.90181,4309990.8209999995,3086610.5873,14748931.9591,14592339.143
533,CHL1,782277.1917,179564.3238,274979.6693,380269.0378,1360932.759,686487.7058
534,CHLSN,3864212.7109,656843.79932,970792.09011,547065.10346,6216672.6645,3793558.8535
535,CHMP1A,6547848.6689,5054542.980699999,4650114.7465,6032372.919,6943044.559,7938131.0381000005
536,CHMP1B,5472476.66917,9301241.86789,9104007.990619998,8546077.37627,7661613.70475,6529952.886390001
537,CHMP2A,30731878.49271,19719764.821089998,18552932.06984,20117231.30209,28457040.48438,43420888.89033
538,CHMP2B,3791459.238,1368896.9384,1258986.008,1308386.5482,4020255.6720000003,3893375.6040000003
539,CHMP3,3676363.8882,1067279.47019,1161636.71324,1489875.23829,3836955.1637,4210592.987
540,CHMP4A,905504.0667999999,365190.88055999996,291570.40445000003,361289.60916,504948.5399,1460872.6796
541,CHMP4B,14706391.4952,7577293.31202,7728845.8888,8966155.2321,13611396.362300001,17457305.1583
542,CHMP5,17251407.79809,9054704.11562,8897822.03256,9883166.332139999,18781373.68741,18686931.147660002
543,CHMP6,3213752.7136,2910435.1824,2086263.4168,4315296.9032000005,3719143.355,4260013.4708
544,CHN1,296366.98250000004,1141327.6015,1613809.3033,703935.9739000001,197808.42341,226809.34975
545,CHORDC1,1042768.846,311915.5695,374257.7726,491972.3586,859585.5939,1299036.656
546,CHRNA10,553379.7641,27691.71998,66743.165,43905.82556,283298.3263,267452.8267
547,CHST12,199641.2375,160128.9092,279858.9791,351583.6546,268975.5744,236325.3602
548,CHST14,541737.5122,585173.4467,1056935.3793,677270.1463,654369.5923,645339.75
549,CHUK,637765.5350800001,312881.91254,362406.20676,291186.70736,669866.84246,634419.31944
550,CIAO1,965159.6311,468562.87289,848771.37102,489169.93609000003,1478228.1692,868274.3559000001
551,CIAPIN1,8322777.681,1150696.2829,1574341.5744,1820561.2891000002,8122986.011,11037585.842
552,CIRBP,1919779.16309,227844.272162,232814.90798999998,193083.388651,1803815.95747,2333224.96341
553,CISD1,286866.539,78997.63517,110597.6371,93288.59241,506297.8443,434829.3521
554,CISD2,2055257.6671,358011.0126,568375.8794,506240.9526,2879270.067,2122779.8025
555,CKAP4,137633792.78023,7300401.76901,6571876.655647,10528634.40493,173794995.77532,118104669.20891
556,CKAP5,26395867.6296,6125784.25253,7472535.33083,6047708.99747,27054162.622500002,32287264.8939
557,CKB,46342029.6009,6635275.345993,9605059.70933,8269069.02296,43557591.96578,38710747.02665
558,CKM,13995096.3481,1804484.39713,2657107.4989,3655190.6137,13199844.840133,12684864.094980001
559,CKMT1A,335038.3342,97213.19541,153009.9766,137751.4831,450029.3428,399026.0173
560,CLASP1,608934.6519,195392.38296000002,304509.1227,251706.77432000003,642638.2146000001,700956.2119999999
561,CLASP2,348362.1111,65078.26125,93263.8865,53324.33685,371812.2578,374054.1061
562,CLCN7,4228208.7666,986501.37352,872387.6426799999,759320.9656,6097145.2534,3593725.0346999997
563,CLDN3,342430.25491,1005512.1573000001,1007082.2464999999,620372.38797,323419.9368,383281.13991
564,CLIC1,138704208.844143,61444018.968498,55094004.864662,86103303.314442,153756499.00648502,169679192.317022
565,CLIC4,33492582.721,15652689.79405,15956923.49088,23902794.5922,42420429.0014,31807206.86169
566,CLINT1,8095463.41,813094.9511300001,1055090.74569,1060554.73732,9086570.5646,9122619.2862
567,CLIP1,31840319.8864,16298410.17208,20120141.713150002,15954009.5579,29207361.197499998,38236948.1187
568,CLIP2,1265770.35864,1120276.90398,2020814.67114,660813.4460700001,1304998.7681999998,1446376.9786300003
569,CLMN,112492.6604,24248.54745,40770.59683,34226.0571,211550.929,102354.1557
570,CLNS1A,1146483.659,243122.6967,366524.837,329984.6196,2175417.198,1226144.239
571,CLPB,1627607.0140000002,419162.22893,852221.1816,720264.7542,2251891.5403,1718755.073
572,CLPP,1518183.502,235490.8548,299041.8915,319260.4473,2033924.63,1473668.183
573,CLPTM1,419208.89,52988.52856,26982.4268,56221.3807,598470.2264,418176.0075
574,CLPX,968966.3116,157040.98889,298390.50625000003,568058.76276,1346091.9413,1175791.4989
575,CLSTN1,25500169.74308,90213332.76652,281803399.2385,150231875.6959,14243054.48199,28215469.09819
576,CLTA,44134779.929969996,22006327.167460002,33762700.37212,20780469.22171,55637838.49074,43228147.3251
577,CLTB,14497492.117800001,3212645.4986,6117913.6304,5178099.7026,15528617.486,16082872.224100001
578,CLTC,369194530.793035,295299126.843848,443429182.910787,231314782.166249,445783244.349474,404987486.191459
579,CLU,22726936.06605,169444088.18015,255250644.28154,198931864.31950998,13079846.60844,29099857.221346
580,CLUH,9109844.8511,2875299.7214,4256314.911,3951113.3205,12902800.7388,12051723.3428
581,CMBL,21453423.126199998,3712445.53599,5808163.4627,4163380.0598999998,26505608.811899997,25515000.8675
582,CMPK1,10631854.53111,1296089.29602,1803158.2572899999,2466967.76054,12264167.48926,11576142.46791
583,CMSS1,174517.5241,69002.74715,159115.068,88670.66948,362656.9717,246198.1132
584,CMTM3,1043279.032,532240.9632,463261.8592,498635.3559,1859350.319,1077351.301
585,CMTM6,978522.4993,540864.6980999999,507693.8099,626321.6067,1937914.9209,769710.9328000001
586,CNBP,7620371.63679,932120.8148690001,1566723.0180199998,1416560.676441,3935702.9813400004,8299470.81159
587,CNDP2,77039246.69922,16512128.53677,23031895.10585,17975616.39992,82466702.5013,80388502.79979
588,CNN2,7334377.1646,1426191.31962,1388194.42906,2538286.2334000003,9192618.431499999,10400377.1004
589,CNN3,4253479.6042,467342.89449,479505.1916,746813.90637,4616385.6757000005,4984375.9148
590,CNOT1,4350217.4946,1487717.12038,2334172.9847999997,1361037.93567,6973746.9808,4694016.0505
591,CNOT2,517571.484,213538.4564,274122.0591,179914.6564,1017906.579,611478.7849
592,CNOT3,865188.0085,137449.8531,261116.9715,169824.2859,1492096.98,947481.5823
593,CNOT9,1538626.9602,701841.4650999999,1019634.8036,613365.69365,1800713.9085,1862711.3237
594,CNP,17967372.0272,19570561.1413,18056398.7067,27220599.769,23356357.656999998,19025427.3101
595,CNPY2,7487795.0779,1185969.1405,2158573.70174,1938223.0613600002,10086728.9195,7653183.0836000005
596,CNPY3,7538573.3241,610477.45996,939873.489,802953.3828,9081645.901,7552798.1288
597,COA3,4134412.3193,217942.77822,323244.61592999997,279538.956,4586257.2133,4224333.0169
598,COA7,483350.6206,69001.99755,103302.1986,115144.6354,863180.923,487334.0362
599,COASY,1392602.6157,386816.11013000004,504551.04178999993,523785.89449,1497202.03449,1551248.8695
600,COBL,340736.7654,224667.4897,367634.6437,194854.1887,362120.1241,275725.9828
601,COG1,1261875.0137,475829.8932,796129.5717,597028.0072999999,1584766.9863,1209026.4962
602,COG5,157078.506,58950.29459,95459.99946,98976.47983,189728.2162,176233.8452
603,COL11A1,10997269.57031,56590606.00727,49411280.0262,30710596.443749998,11066999.67057,11135219.38862
604,COL12A1,909667.9819,3074389.1711999997,5392623.6108,1964700.8864,1008940.17659,1066947.66141
605,COL18A1,120238539.741201,2853377850.120822,3549414645.24528,2071987867.3640969,59665424.956728,136700175.709444
606,COL1A1,33724538.400737,145043306.639812,248053666.17686,246860064.386325,22253712.7685663,35516557.119038
607,COL21A1,290931.80922,527265.8882,634062.334,485749.43529999995,404365.20221,365230.2422
608,COL26A1,825865.2183,2263591.3356399997,2881591.3120999997,1366942.18204,616213.5756999999,936945.9183
609,COL2A1,3490709.0327,13100330.0873,21808886.667,24484434.77,3314610.9244,4499250.8548
610,COL5A1,225098.7961,860835.6323,1585823.897,2405524.253,331626.6954,366534.7686
611,COL5A2,5292133.877989,32470823.79214,33965380.56492,19268531.788230002,4799598.97701,5056994.400644
612,COL6A1,3137360.88184,7006248.39191,11519720.47448,8685461.515,4838583.315330001,3641154.8612900004
613,COL7A1,766373.42515,1788825.24835,2046230.18355,2015250.16279,983942.06311,855331.89791
614,COLGALT1,10892286.721900001,3177128.21002,4361588.1865799995,2745497.17642,12709330.1599,10817630.613400001
615,COMMD1,19495046.3552,3067044.7444,5033778.69555,4561105.4842,22096039.0885,23301198.7072
616,COMMD10,974842.6481,286089.3977,436877.9316,234453.4779,1789404.131,795955.6836
617,COMMD2,1108907.29,345354.8133,404961.2789,392511.5411,1661109.64,1075242.016
618,COMMD4,308692.6415,62126.24776,128391.17092,93254.7391,448894.8645,320767.73829999997
619,COMMD5,1136886.153,301007.8595,417080.8764,327829.0888,1790843.254,1070028.18
620,COMMD6,544801.0238,158632.6668,185759.1943,175427.2739,609485.0666,653449.5155
621,COMMD8,875837.3949,199602.00285,331280.7006,230579.51979,1250571.4794,952244.9353
622,COMMD9,279332.30806,74565.58742,83226.51613999999,76890.61809999999,376336.1816,285263.29811
623,COMT,8301304.97351,1469820.3084800001,2244365.77446,3241871.9891,10131679.155749999,9316747.74911
624,COPA,115722708.8934,42112985.029199,54398314.67036,31531301.443785,137601317.76739,121941780.38724001
625,COPB1,40544012.23082,16686728.73535,21846843.95103,13981271.45978,43430953.87309,50031885.04667
626,COPB2,46779609.3534,16614713.93708,19285206.57884,13240820.13117,50001441.1674,54174552.8628
627,COPE,14502389.7663,4458771.36681,6727579.11874,4159782.6988899997,18146246.6155,17017677.065899998
628,COPG1,56729151.824911,18450592.212192,24537955.179439,16392312.838497,66095892.95325,64436426.64554
629,COPG2,13707843.02025,5745160.765804,10248542.995299999,5788066.50457,12685499.010200001,12724164.62768
630,COPRS,500784.4946,101892.2723,113238.8812,106493.0419,326433.6077,804904.7861
631,COPS2,16790310.0885,6689353.83931,9807060.3158,6674350.19363,21277187.0065,19279271.541
632,COPS3,8182916.08226,3392831.24352,5118315.48881,2997589.66741,9098433.0484,11062871.26788
633,COPS4,18052034.5397,7205582.1929,11306225.7168,7004335.791,22303204.2441,22747414.1222
634,COPS5,4966833.70211,2146962.1887600003,3691844.3914799998,2118879.87132,4978289.1885400005,6087309.90873
635,COPS6,8297997.8049,3383276.7007,5343267.7944,3287953.5728,10682087.8612,10057525.3809
636,COPS7A,2752271.9646,832745.9405,1405648.9171,892891.2660999999,4041555.816,3065567.954
637,COPS7B,211962.0418,61520.36886,104046.9205,80479.29257,452871.7791,259890.6477
638,COPS8,728494.62469,409376.61762,666584.09415,465125.58853,1202914.2125,867559.21427
639,COPZ1,4777940.7977,867642.28666,1900204.0192,982476.44643,5875945.3044,5112110.232
640,COQ9,105316.554,60840.69807,67102.28332,79387.70627,142047.6907,108496.549
641,CORO1B,67692211.35997,14171307.0337,21472452.28499,19647332.043305,86313603.37597,73862717.81832999
642,CORO1C,47380415.04328,17197443.041547,21461384.195074,29860064.719604,50768551.07211,54334693.30438
643,COTL1,95510057.747349,15064655.496683,16044379.180470001,26479250.361396,122101279.417566,105984167.84725201
644,COX14,3665414.125,209758.8541,226269.9867,176274.3456,3233858.659,4449308.941
645,COX15,337744.9226,36794.84009,84448.09725,87390.11544,391584.6701,502061.2905
646,COX20,2114055.1426,295245.318915,452822.44404,404640.54436,3886655.6365,2237921.2519
647,COX4I1,37731113.9189,1797605.0164299998,1993456.875549,3038814.3612,52118494.4547,45316498.4829
648,COX5A,29360507.793,2074453.98197,4661939.1327,8556758.13165,52710959.43,35907045.383
649,COX5B,12424638.563,1223210.13858,1061215.06158,1653978.5316299999,22159656.0131,14535819.5586
650,COX6B1,31812367.27561,2936717.6754920003,3885382.44074,6059619.10058,55128895.48347,37786218.11795
651,COX6C,5386603.8094,316241.77268000005,419492.07643,482806.68903999997,10792644.6018,5540799.469
652,COX7A2,5008978.32711,737171.839352,1055221.9587468,892486.122229,7501944.951889999,6427474.52693
653,COX7B,17433269.66,203185.7362,92633.013,252804.6159,19773288.57,26184268.13
654,COX7C,2425102.1381,89470.83888,112153.09987,142185.57086,4020453.6733,3168088.149
655,COXFA4,8786133.2026,230036.03402000002,197597.01081,326800.06844,7037556.2315,15879377.0266
656,COXFA4L3,1745727.8353,77220.84168,112965.28903,142579.24718,2382520.024,1279446.9116000002
657,CPAMD8,3844239.15889,15379209.0815,25638572.5013,42899062.2043,3766509.33776,5353362.75371
658,CPD,8045271.5528,3268464.1558000003,5409302.6704,3491065.2087,11663201.4331,8080764.2231
659,CPNE1,18431626.84048,5370928.29888,6587095.84392,6374793.32304,21067880.914300002,21376315.05151
660,CPNE2,5577.850556,5668.131253,4216.659593,6600.861713,8040.420368,7473.72177
661,CPNE3,19844632.16254,6819489.721776,7285922.721402,7365572.291755,22498317.063529998,26323771.77986
662,CPNE8,6449720.4392,8708958.9862,5890008.5823,6436212.8050999995,9642796.9137,7309036.3635
663,CPOX,3696980.6311,572254.16145,1068994.43258,845564.16319,4653476.8729,4435618.0035999995
664,CPQ,116376.6089,185807.1319,280215.6006,182403.7128,209930.4995,137795.7904
665,CPS1,10718148.009,2848970.2517999997,2946834.2389,2483235.7005000003,12561931.350000001,13255371.024
666,CPSF1,872084.9860999999,325053.3979,550909.33046,431101.0123,1352760.1661,850210.4149
667,CPSF6,3499167.97293,604470.143012,824425.018953,628322.8016519999,5104654.11586,3326638.32939
668,CPSF7,2224589.471,223517.386,233673.9637,257285.6985,2605496.404,2570366.116
669,CPT1A,26583924.69691,3608621.09164,5383538.48589,4204966.08708,40650540.0476,30317686.556429997
670,CPT2,819232.5643,226208.02607,273996.5101,279484.1976,1068869.7051000001,859837.9579
671,CRABP2,119085789.0572,35776411.06416,30885683.01186,50290111.06923,80763445.8097,163579085.7568
672,CRACD,4866536.126,1075733.742,969979.7931,1155526.152,4058780.694,5347041.243
673,CRAT,3962878.8796,409955.26326000004,612182.21858,471720.34253,5951822.637,4500601.3867
674,CREB1,1705370.016,232916.5006,255005.3257,394030.1292,1623291.284,2445698.952
675,CREBZF,1104496.4,553387.8372,724901.4465,438865.5131,4577234.848,600632.6271
676,CRIM1,2723000.367609,8652992.55831,20731427.96389,12128143.34758,2198599.089784,3120487.08056
677,CRIP1,178744028.9838,6953179.1857,4168974.70631,10547196.173600001,179490687.4326,204493274.7855
678,CRIP2,19964331.5607,3158329.92,3374134.9556400003,4411734.11668,19105102.941600002,23202101.832000002
679,CRK,5059306.4679000005,1098969.29025,1196826.45915,1405048.13221,6819714.8851,5866764.8902
680,CRKL,7449100.2041,1081494.44554,1432537.7345,1591636.6352000001,11416372.419400001,8431927.0215
681,CRLF3,379725.6816,118498.1974,162367.7296,144864.2337,575370.2097,413671.3424
682,CRTAP,13244850.3383,5142125.52795,7182510.53911,4802931.144090001,15174145.863699999,14783942.7854
683,CRYZ,12076689.3757,2697018.8596400004,4010049.30863,2871662.63248,19493399.4359,14908569.0354
684,CS,77591861.2915,3858829.323344,6729814.087452999,6918894.820544,115713492.9338,81248167.0332
685,CSDE1,15385885.0913,2952062.4726,3830659.6606,3071797.7783,16805571.8882,19349375.4624
686,CSE1L,72825042.71396,27696841.787779,31386822.550958,23157551.521447,77612580.47088,99013693.13378
687,CSF1,1060832.4861929999,10499493.949169999,14796089.28927,12485664.45788,962408.9968999999,1276658.323485
688,CSK,462488.6107,80737.3223,107924.7614,140158.6829,512453.9368,454340.6038
689,CSNK1A1,401054.345,168449.7369,262552.3275,215382.3361,361850.9642,432538.1293
690,CSNK1G3,483807.5686,891129.504,807964.1089,772418.0067,680998.3203,580964.6688
691,CSNK2A1,9325251.6342,6662747.0002,12310645.4525,5969280.3829,9011857.5534,11711347.9221
692,CSNK2A2,841742.6385,539191.7771000001,852882.3845,499449.7058,980002.6756,1019286.119
693,CSNK2B,9625205.561220001,5102816.01504,9441388.53668,4466977.2078100005,11888635.68625,10909925.80437
694,CSPG4,2164052.83756,3681335.92555,6203271.19391,4084253.8039,1776583.67768,2545981.38196
695,CSRP1,13903768.4039,1933647.80102,1786736.45242,2976236.07943,16783384.3912,12833513.736100001
696,CSTB,67837336.360503,5161359.001297,5682424.807086,7433025.1043030005,57299035.346578,66970528.879358
697,CSTF1,1324749.011,362714.5793,563519.6849,327410.4868,1832080.906,1477604.967
698,CSTF2,1866151.9171449998,452120.848957,598864.446185,392823.972911,2025900.598803,2237870.184017
699,CSTF3,230537.3135,55450.01265,110764.6888,87037.72156,446395.0941,251426.5791
700,CTBP1,1783407.1709999999,268514.77150000003,492006.2697,306467.01707,2827507.8839,1838343.7092
701,CTBP2,7739113.8171999995,2284081.5496,3200575.63043,3264440.4939,11664043.3015,9001853.5929
702,CTBS,5863676.50201,4149299.58666,17389509.4318,12979133.8107,8317860.644400001,8212878.7291
703,CTCF,639408.9799,162618.1523,210084.4248,153103.9983,791518.5074,837479.4077
704,CTNNA1,48196257.82181,41880540.67702,30228028.02495,51414216.43927,54765007.95093,53961090.81251
705,CTNNA3,88320.20553,199268.3895,412753.3128,182527.4278,119571.0832,97842.62204
706,CTNNB1,7944597.03488,9606362.10427,7047205.29214,13139663.58789,9626331.42288,8330076.14068
707,CTNNBL1,7112683.3359,1723401.99468,3096117.5662000002,1766469.36549,10671682.3425,7409348.908
708,CTNND1,30973930.448688,15037728.724764,10606172.456055,20163802.885498002,39893914.760035,35099392.680949
709,CTPS1,53623112.02005,14370911.89607,17611004.22142,16863136.971663002,75156990.1051,62836916.96686
710,CTR9,688181.6196,286404.8975,461243.6867,228525.1678,1261013.615,758435.725
711,CTSA,6267410.008274,7590286.877913999,21991557.53804,8609578.431784,6560280.061782,7786676.5142
712,CTSB,13022785.11554,22171587.10924,62875544.9507,21538067.03737,24259379.433302,16521280.7551
713,CTSC,3383365.117786,1702041.613167,3464536.0447,2445591.13762,3473936.524218,4407505.432597
714,CTSD,451043535.0786,897086942.12344,2084098750.80983,1151632872.48004,414670330.05267,516812502.648269
715,CTSF,1908721.83913,9631720.098000001,15519429.898,6410597.9439,1587420.81585,2230993.1137800002
716,CTSH,2267206.4439,3380587.27,9609326.9066,2479583.7708,3497469.9012,2526530.6219
717,CTSL,2291589.1158,1138210.7371999999,4400565.1623,1467085.8216000001,1758321.3361000002,1825416.0741
718,CTSV,185247.162,672413.6844,1334046.134,477372.4205,170263.1647,287629.0356
719,CTSZ,3047952.7589999996,2409133.3232,11084303.910999998,6481527.7685,3588391.6283,4520938.2133
720,CTTN,206112729.34956,16701053.569776,18627133.836434,22459371.643942,241841660.87733,223582294.42192
721,CUL1,7343872.55207,2581978.708764,3733681.8533220002,3144249.0091,8073800.30561,8673734.65457
722,CUL2,2152553.1974,690996.83525,1150265.75018,643494.8925300001,3096497.0967,2342646.3382
723,CUL3,6633973.21422,2847656.91572,4215668.6442100005,3825196.70964,8230306.9082,8386951.3171
724,CUL4A,2340676.2306,940030.40708,1200422.92029,946601.89663,2328113.9226,2907293.3402000004
725,CUL4B,26936576.99772,10117606.74334,17199051.53986,9192699.37745,29788240.15721,34552869.997940004
726,CUL5,11300745.0742,5192736.992550001,6961714.344070001,4451997.89396,13354361.430399999,14020478.7124
727,CUTA,4877724.108,728237.0485,1666017.02931,1157610.54457,8704880.8807,4502336.7911
728,CUTC,1142682.772,243746.606,476297.6939,318897.1706,1510294.742,1130346.379
729,CWC15,1689100.305,128599.8323,161573.4069,153856.3245,2905507.124,1667075.152
730,CXADR,3357976.2161,4486520.011299999,4214251.4545,4922001.588,4531896.4558,4108312.1346
731,CYB5A,5564124.456,1302088.5976999998,1481829.9397999998,1284602.3106,5700759.079,6728020.794
732,CYB5B,11857788.6175,1294234.915649,1667624.0114540001,1227993.3188150001,6552550.79753,16545102.785810001
733,CYB5R1,1643520.8496,163244.7875,238116.45581999997,204245.94452,2837426.5181000005,1308110.6661
734,CYB5R2,6660143.2473,949189.8189,1716749.9312999998,1580901.8632,7545145.9618,8618319.472
735,CYB5R3,20073017.77364,2564543.916415,3675848.884,2635456.50693,26446637.318439998,18770740.24063
736,CYBC1,115633.3872,32366.72646,77253.96293,124089.7507,185907.9237,186406.3364
737,CYC1,18479210.99313,528038.062867,737879.982201,702629.006917,28921233.476439998,18479180.70847
738,CYCS,48119122.315019995,1861288.644981,3555395.20035,5657354.04933,67939406.3848,48420476.0211
739,CYFIP1,15476553.49316,10066249.18642,11462899.91399,9184660.679,18259370.19532,17683851.200939998
740,CYP20A1,184612.6152,55946.37379,84032.13247,85591.45005,269467.4438,212912.5482
741,CYP26B1,2591890.892,346795.3869,600790.6107,304232.5011,5018355.487,2195530.526
742,CYP51A1,1065261.4926,138819.74925,163288.28763,192540.97334,1798572.2897,1615064.7565000001
743,CYRIB,20774040.25379,6020858.002907,8506558.375874,9336875.49815,21123331.59421,25099463.00748
744,CYSTM1,1818227.255,3257742.877,3531473.481,1925013.719,2002748.383,1789437.905
745,CYTH3,705492.0477,151436.095,196522.7475,208329.7359,1262552.615,717832.4893
746,CZIB,6052419.4186,442957.81184,750781.0083,762201.2063,7193482.7032,7331260.9416000005
747,DAD1,5689914.756,265439.09329,284945.41965,450796.38181,7846240.528,5520932.21
748,DAG1,7835536.87239,9730096.92371,35753130.12784,32201712.68694,9322688.2789,9559671.146510001
749,DAP,7399853.346899999,242056.16891,265619.28927,424754.44349,8180376.5802,7172047.0372
750,DAP3,5690216.95,729030.95522,1572556.91274,1612207.40856,7934641.2073,6364156.12
751,DARS1,115102955.38598,47344988.67665,64933411.80313,39215773.79503,163387927.44965,135853643.97694
752,DARS2,2734999.62718,296889.758086,396535.53485,356764.86487,5036628.97423,2625334.5992900003
753,DAXX,193812.60081,17393.293738,21279.810308,25011.547919999997,292383.0614,222694.6571
754,DAZAP1,1361882.7601,315509.74783,373841.1093,461199.6663,2008504.3928,1463539.6278
755,DBI,26756440.1679,2082119.3128,1588872.52601,2519819.87799,28200968.087,28550810.5628
756,DBN1,34817664.0873,6670832.54496,5187601.75805,11995945.15402,36968197.1836,44601715.2782
757,DBNL,28660601.2873,3440355.90826,3993620.2091800002,5160364.01547,29115820.728,33522510.0074
758,DBR1,285404.1105,106273.24695,173248.79891,159579.83018,440025.181,314376.5758
759,DCAF13,112921.3954,43632.12735,69931.34491,59139.29897,146179.0694,132192.8004
760,DCAF7,3184095.215,871767.7141999999,1168575.0082,797844.7483999999,3208787.946,4183823.0599999996
761,DCK,3608700.7799,1389308.2859,2671958.0225,2235348.0409999997,4231702.922,4557506.6886
762,DCPH1,4364530.7103,966926.27434,1491197.5281,1209612.4933,5968431.6776,4753781.450999999
763,DCPS,7485446.5721,1194327.77657,2362632.4452299997,1566860.68378,10096029.3849,8771306.2269
764,DCTN1,23862695.07225,9287756.583609,12227945.47303,9041548.69913,28060383.67048,27377582.92198
765,DCTN2,64081955.4425,13018440.59276,20224084.69669,17615030.10225,78000855.1004,71339440.7969
766,DCTN3,7444169.227,2368606.8973000003,3145054.0571999997,2641311.0862,8754362.906,8083821.8719999995
767,DCTN4,1640448.2914,481099.83557,680636.5410999999,524500.8228,2400462.9875,1630289.7446
768,DCTN5,264899.0913,141842.6599,206876.9839,142306.106,379357.5818,316796.8578
769,DCTPP1,7438142.1886,1460703.06144,2374276.8940500002,2230693.09894,11365098.786899999,12060144.481900001
770,DCUN1D1,2111507.6557,440259.62673,846377.2978000001,658097.0104,1794946.9624,2945661.3351
771,DCUN1D3,228419.9863,298500.5124,718348.0131999999,979572.5653,199189.4031,290578.1112
772,DCUN1D4,345723.4992,71817.60785,82137.67894,86935.18897,514203.9123,390579.9752
773,DCUN1D5,269945.0064,53280.01971,90645.83426,68811.08899,300111.208,291536.6021
774,DCXR,1890512.7628,462745.16000000003,704199.8461,622585.5678000001,2667891.577,2145079.4613
775,DDAH1,17536084.617480002,6279079.27837,7073562.53475,9740420.24962,23149603.123689998,22148391.20417
776,DDAH2,30384363.41626,8089811.6838,9923554.68718,14500129.74196,42524780.34267,33980988.2768
777,DDB1,55458686.59572,17116295.434582,33792635.27161,20015304.353096,64464370.65936,72926202.79001
778,DDOST,52549992.2288,2418052.94201,2378582.1651399997,4222652.52621,64344604.920600004,48724774.6311
779,DDRGK1,1286153.07157,220288.6717,346366.64381000004,282454.65668,2223833.30486,1472653.98532
780,DDT,15928076.229869999,1400958.77337,4044871.71017,2712099.36444,27815137.53841,16103683.25494
781,DDX1,40754968.144733,9068600.531066999,11106008.949517,8833696.207554,46740596.935637,47786248.816805
782,DDX17,79981416.70759,16565218.230027,22160017.51656,18106595.13976,108499914.4699,93430579.54369
783,DDX18,11753094.049250001,1805087.07247,2413069.07515,2123532.22401,15423635.031410001,14793283.00935
784,DDX19B,8600343.596,1995064.8437,2556496.8422,2021657.9926999998,10691170.5234,10614754.422600001
785,DDX21,50775029.5872,12025273.81548,16957071.903640002,12759812.69241,66502720.0705,59794946.3814
786,DDX23,1930752.9056,570456.0837099999,992783.5948999999,572648.17088,2669422.7135,2144835.2309
787,DDX24,1586461.1384,475756.6644,721813.8465,440988.7755,2211109.6279,1758200.6034
788,DDX27,7392390.19147,1519929.4030209999,2504831.585903,1645669.638331,10778632.42296,7845872.58003
789,DDX31,410642.5232,124994.9407,132424.3195,94430.04352,427787.2411,504500.143
790,DDX39A,53515912.58167,10220294.86918,17448058.0888,11797369.78675,73390810.5085,67461249.90192
791,DDX39B,4780939.7398,973658.86422,1615420.7334,1048565.95063,6447064.3332,6612561.1121000005
792,DDX3X,80085680.84312001,11422182.902607,13660561.943087999,13684050.697633,104721734.36829999,91236860.69918
793,DDX4,555814.3593,47697.75829,60372.8268,53368.05561,1256799.712,548562.8081
794,DDX41,706238.493,168649.9859,220436.0828,143053.6586,832083.2721,855900.1008
795,DDX42,6519131.16473,784780.0198,1347422.80626,1229609.6386799999,8904748.13507,6782785.033050001
796,DDX43,2256766.8868000004,320562.94251,487006.86095999996,451362.55524,4061827.135,2768643.5051
797,DDX46,37290844.376099996,7690242.17398,8617844.99732,7002677.07625,46442296.3877,43351612.8481
798,DDX47,3583891.7276500002,1099465.97831,1702526.70991,2028507.59963,5247301.46329,4307688.55401
799,DDX5,55556293.0449,8288616.82799,9446992.23874,8434670.08926,71962354.2513,67404130.8985
800,DDX50,285490.0147,149341.4459,166724.443,141992.2891,305618.2781,301343.8966
801,DDX54,215334.2571,171187.9932,175072.8224,256500.2453,330738.476,233058.7254
802,DDX56,1594555.9682999998,376719.58504,428158.2785,512255.5893,2542238.8279999997,1561564.3547
803,DDX6,14628189.4732,3512278.7406,4748530.0160300005,3281514.64085,18919550.5344,17064134.028500002
804,DECR1,20434576.83709,1045771.5325781,1549499.612897,1656573.020851,24202572.67881,22247654.15914
805,DECR2,12466930.5033,1507110.5177799999,2266213.50611,2020492.49396,16103644.5888,13757475.3365
806,DEK,20355851.533490002,3442953.33525,5804841.42294,2939659.9823439997,23863513.024499997,24352774.66128
807,DENND10P1,4462301.3549,805207.0211,1159337.2903,916494.4445999999,5202129.5872,4964698.078799999
808,DENND6B,544318.3099,52462.65449,145851.4202,38391.02695,3654865.0,91514.6166
809,DENR,8342717.683,1234349.7952,2062600.0673,2110770.0157,10776281.081,10103728.947999999
810,DERA,1282670.6441,832247.0506,1057982.8736,740300.5685,2303847.0539,1481652.3966
811,DERL1,1737748.3065000002,113854.8446,146344.84853000002,197644.70376,1781983.7287,1678707.974
812,DES,856340039.61796,65158504.886106,80244252.59743,109882772.011782,963755657.70851,1162867856.90234
813,DFFA,4878083.6195,457033.68766,561829.29491,689569.01414,5910528.939,5077836.1523
814,DHCR24,10900697.4908,847139.14746,959250.30053,1263681.40271,7853711.1329,12432964.581
815,DHCR7,82761926.0145,3537954.18401,3343240.709532,5651865.802030001,60708133.45770001,76093390.4167
816,DHFR,585375.5548,156269.7457,197477.1342,275988.172,471893.4115,670652.8648
817,DHRS7,3083514.607,332580.8627,482659.2194,335810.6483,7199607.039,2674946.0886
818,DHRS7B,176911.6593,41550.44017,55805.72289,69402.58937,456629.3092,199597.1111
819,DHX15,23594861.73411,8592565.49371,11881587.07926,6778646.79345,30042707.27762,27749072.26124
820,DHX16,2791563.8203,1079255.8421500002,1504757.9796499999,903031.02442,4473751.073,2888283.9288999997
821,DHX29,2065709.29339,809446.49052,1147482.67643,827949.5504599999,3279252.47947,2387422.0780399996
822,DHX30,1892468.01935,295881.42138,563982.86383,368678.15679000004,3106532.16596,2142163.42272
823,DHX36,1931358.8454,691462.38267,987591.77714,821244.26528,2329912.2508,2262775.9154
824,DHX9,153421368.70834,56545469.023428,111018169.57502,48178295.571424,215332431.46761,183290140.70353
825,DIABLO,223648.3253,69184.2783,114111.0853,82265.13962,340634.3018,226091.3388
826,DIAPH1,14328630.3388,6619658.1904,8277469.56977,5396696.8317,15904867.7746,16624473.0949
827,DIMT1,1290306.4046,301221.05846000003,388260.31357,259433.15334,1820476.2544,1574305.4663
828,DIP2B,2988435.7617,4061463.58863,4724898.4925999995,4758572.1704,3512622.2916,3176301.4622
829,DIS3,1561581.5562,535304.8825300001,950506.994,502523.6646,1499829.0791,2147953.0141000003
830,DKC1,16084721.61487,4976764.7464499995,10999392.322209999,3522834.0067100003,19941352.3965,17440392.97738
831,DKK1,7386308.957900001,20970787.108599998,65652104.927,20353205.180999998,11497033.14288,6843314.637
832,DKK3,1965988.0598,3130031.61637,6969752.81274,7609874.51502,2399825.7528999997,2316929.43903
833,DLAT,32645060.73471,3755635.511055,5083525.04429,5064462.175249,43705399.180700004,34005862.20352
834,DLD,80692437.38126999,3147695.57302,4102173.875065,5164222.46344,110776865.067908,87766410.772583
835,DLG1,13292682.6268,5540717.5132,5258569.9004,7170754.801,16795764.919,14862179.622
836,DLGAP4,2121558.8937,569087.706,567699.7835,628285.9677,1813231.5606,2866793.577
837,DLGAP5,3634075.198,2126570.693,1897136.653,2895187.83,3655082.377,4744177.948
838,DLST,26733225.6171,1901650.2368110002,2522570.77845,2739546.27742,37008059.8187,26054792.2355
839,DMRT1,3731265.67399,5433228.51118,22129847.92543,30603739.902329996,5213972.43037,3384165.52135
840,DNAAF10,185057.9243,58011.8331,103384.0061,53352.29708,283340.0427,222721.6201
841,DNAAF5,4870170.356140001,1128945.65079,1577496.4423699998,1407995.06305,5081291.02061,6052893.5561999995
842,DNAH17,1660141.703,363287.0632,577801.8642,518973.6428,1831007.259,1952033.325
843,DNAH7,52781786.599,9111825.54684,20002482.33564,14860251.40008,55713061.8458,68230204.5196
844,DNAH8,8606595.517,1312541.147,1273610.859,2312404.017,6651423.128,10160562.75
845,DNAJA1,34678739.157409996,13420335.10255,16748080.42197,15748606.13196,42214342.220699996,40390475.99164
846,DNAJA2,16481896.3969,6054780.2066,8105338.7805,6498272.4365,21328264.684,20927711.322300002
847,DNAJA3,3705352.2064,397275.56405000004,522322.19048,450623.24628,6012030.3745,4222748.786
848,DNAJB1,28044548.47616,5036802.048499,4735896.642743,4750249.34738,33619578.48345,31545176.006
849,DNAJB11,11725937.5933,3554622.6689230003,6415427.36732,3887632.178532,17273724.84051,12024352.22356
850,DNAJB12,565179.2782,41045.13235,37605.8475,50163.0047,750698.89,454081.2798
851,DNAJB6,7503085.6423,1413917.07898,1708562.76314,1471425.6789900002,10866035.4001,8463110.1415
852,DNAJC10,898198.9157,140020.82621,228505.12378,200302.60334,1278587.2207,812592.1097
853,DNAJC11,4337935.8005,553647.12867,694179.95308,708477.47693,6605157.3667,4591837.1263999995
854,DNAJC13,6126237.29659,2015442.75959,2905951.02851,2534451.31952,7705600.0438,7159444.73933
855,DNAJC2,2072907.87507,375854.39409,442468.18844,449529.69319,2588213.3714,2531032.9513
856,DNAJC3,3259735.7931,560418.87147,1033827.5927,683846.285,4941395.787599999,3313696.7099
857,DNAJC7,7311655.8971,1663958.054,1916684.4363,1897651.3976,7025843.9556,9254196.6829
858,DNAJC8,22003089.4322,1347742.5121,2850669.1531,2129132.71411,25260977.5185,26885195.9067
859,DNAJC9,10611991.269000001,1426256.1806,2430509.70077,2487307.2175000003,12411888.184,13671210.5898
860,DNASE2,19904247.42561,6380499.0593,30539240.331,17621722.597999997,38743412.016100004,17795512.7921
861,DNM1L,29166408.4122,7966721.40448,11823476.03452,8534422.45489,33782068.5322,35069579.296
862,DNM2,23778398.5669,7144863.43194,7488413.54595,7366805.14173,34369459.345300004,25368791.471499998
863,DNMBP,304714.98955,17269.295791,16939.536386,28079.693862,360518.78348,268974.27372
864,DNMT1,234726.3811,84787.13828,144461.3114,131287.3325,258031.6039,246812.8385
865,DNPEP,7175986.8643000005,3203661.522913,5761350.301354,2914134.669891,8184728.092309999,7834285.69332
866,DNPH1,20789053.99052,2572116.094111,4160698.465272,3248954.7891450003,30291960.373379998,21078167.62302
867,DNTTIP1,230982.0088,73468.74696,118127.9108,127163.5513,344346.7204,303426.5944
868,DOCK1,2376528.4363,1117219.30905,1602316.1142,1421572.63955,3826522.3299,2501312.2143
869,DOCK7,1812582.5968,714101.0619,838925.1207,697140.6126999999,2249818.9125,2243433.1529
870,DOHH,2068651.10216,356078.28981,548876.97547,510127.49108999997,3234503.627,2551636.3880100003
871,DOLK,909774.394,79220.50683,74990.2626,98464.90748,1823200.759,874105.2484
872,DOP1B,93154.17963,36390.93987,60412.42899,41007.29796,76370.4291,106386.6674
873,DPAGT1,810170.0025,155590.0245,259853.6841,201277.7212,994373.431,1003035.22
874,DPF2,1811532.8575,341410.31925,624222.78742,835507.2266200001,2124374.2349,2068197.7306
875,DPM1,170818.0885,49303.94326,90136.08699,143585.9196,252802.9982,188270.1485
876,DPP3,58033752.168168,8728793.374218,16453112.658107,13675651.539512001,66642309.00045,72449282.04609
877,DPP7,170706.8463,92344.3388,146399.7485,117228.306,259044.0558,210934.8005
878,DPP9,7846567.21788,2497074.962339,3714063.20031,2948964.198146,11640011.26629,8305305.13562
879,DPY19L1,857681.3864,99923.36619,127036.3559,228870.2157,700263.2154,1235336.134
880,DPYSL2,51715084.75914,12117936.113924,17542793.25781,16526448.366728,61954693.39308,59488830.139359996
881,DPYSL5,385346596.39699996,130844579.05199999,326637736.633,49163860.5295,635887229.303,430190404.644
882,DR1,747217.6993,191138.0513,510991.78092,360788.68395,1388067.9296,818321.3579
883,DRAP1,341563.05858,56068.640434,158407.18268,76244.28919,606241.7025,386103.61721
884,DRC4,657694.5335,197591.1115,352065.0198,177646.178,332010.6832,452336.7026
885,DRG1,5442670.53698,2025126.89824,3271964.20015,1988948.8467100002,5387715.93405,7752611.15143
886,DRG2,6962647.44692,1636547.13261,2172907.3721000003,1682676.38093,9396116.222000001,8943297.86829
887,DSG2,814945.4926,918785.9809,827430.0598,1427413.635,827430.0598,1072916.693
888,DSP,769674.1014,212111.3052,251095.8074,225931.7885,777216.5032,973225.0512
889,DST,9032807.8066,5131665.6853,4540520.3639,6813735.3542,7084742.9162,8839723.9598
890,DSTN,94424055.973942,22440298.143813998,22041286.97288,40989967.664658,87780898.83567101,143222484.041837
891,DTYMK,21686421.2401,3415710.3833,3759192.0297000003,5255028.0155,25242282.5869,24715727.671
892,DUSP3,1112145.1502,224734.67526,424502.9502,481009.84944,1608304.2676,1085215.0256
893,DUT,16390397.2899,1944493.37934,3109846.15673,2879370.87718,21948048.0262,16881467.172399998
894,DYNC1H1,341247994.97621,137430328.630601,163350948.957934,123774258.76085,424886757.62955,377782625.80791
895,DYNC1I2,20264692.653,3839732.1156,3980006.1119999997,4406274.5678,27048945.266,20530293.48
896,DYNC1LI1,3544712.3007,1198690.8065,1463350.7228,1228344.0454000002,3800546.5560000003,4973050.9678
897,DYNC1LI2,12293659.519,3192881.2738,6217237.822000001,4548937.0430000005,12131566.455,13359947.542
898,DYNC2H1,266667.9777,50796.92359,105764.501,89218.15776,330070.4225,267605.4823
899,DYNLL1,23407085.438,4031173.2968,5223046.9994,4427711.2527,33536125.0478,26642068.9254
900,DYNLL2,12635058.325100001,6224923.1496,6410407.221,5237739.914100001,13554381.316,18802936.648
901,DYNLRB1,2191765.7934,230401.54724,261553.3212,337701.45036,3222148.3808,2399917.108
902,DYNLT1,2359825.1866,459190.12789999996,585953.9175,665323.4647,3243669.3137000003,2830829.2695999998
903,DYRK1B,1730125.1466,347034.42695,550315.0744,401574.6257,2514188.031,2128160.7188
904,EARS2,1077384.493,96533.61506,118895.4236,117074.1135,1682694.216,1074230.582
905,EBNA1BP2,3238676.319,335378.9772,448308.738,261030.27779,3922076.4409999996,3420174.1569999997
906,EBP,3035890.04,231066.84298,239223.01413999998,270704.26463,2939109.802,3105076.168
907,ECE1,17167090.9552,17929687.2689,15446992.29455,17195146.42377,18320618.423499998,19512975.15396
908,ECH1,310111990.851749,17819241.212111,30227101.98058,27496226.810001,404311107.174488,365950773.74587303
909,ECHDC1,16071061.735679999,3211824.999121,4853848.46519,4235445.74306,22540360.721359998,18363198.98502
910,ECHS1,70275607.7023,2748430.37816,4189384.75704,4574950.83879,87419488.76653,72919921.36216
911,ECI1,10215939.87161,1108974.152305,2021033.44705,2318795.896923,15048018.58976,10544892.36344
912,ECI2,1368853.947,106592.5873,158610.4493,165389.3453,1960170.597,1515004.835
913,ECPAS,3393655.3705,1287756.8436699999,1939466.4403,1447857.90987,4024634.5327,3919230.597
914,ECSIT,111726.3025,45946.34718,67923.75941,60332.65734,174093.2825,132452.65
915,EDARADD,130307.2694,69419.46936,76046.87846,91247.08195,242829.0401,136584.1962
916,EDC3,854863.7565,198383.31212000002,314939.98578,329547.90726,1383408.4430999998,810578.4741
917,EDC4,970840.01878,350770.99656,501775.46154000005,456389.04025,1512849.8736999999,1140346.5967
918,EDF1,12548961.31594,767156.00133,746531.69037,942048.3179799999,14559245.33597,13614126.720029999
919,EDIL3,6681579.99514,22612155.42701,19196600.513299998,21856548.4817,6956878.07841,5536475.51826
920,EEA1,4214894.6144,5358168.14171,6038754.808,5127314.044600001,4277294.9359,5139998.1317
921,EEF1A1,2602533409.39994,403783659.93460304,390962258.827608,401817680.391054,2527033944.72224,3132572790.3989797
922,EEF1A2,3831997235.86394,681797648.208212,732554168.814219,681297282.925376,3936457965.96359,4355232391.00476
923,EEF1B2,153955413.84636,22621823.962658,38210332.77928,26909521.660717,165153042.84702,168883502.878144
924,EEF1D,260382098.99993998,40001920.89219,59915113.64228,48172219.79847,291411975.97474,315777927.33429
925,EEF1E1,12873162.32475,4183514.15355,6701769.83308,3214834.87072,16143249.027520001,13993970.89259
926,EEF1G,437599066.000671,135248478.062895,210863964.32795,103151140.97763,453962824.92011,518187832.68378
927,EEF2,741695826.614452,221674583.801025,295058552.193397,226787194.890454,870782560.068244,870593667.256484
928,EEPD1,5469904.87197,4418770.89958,3770518.11375,6033416.319010001,7740478.9761,5772074.91289
929,EFEMP1,64257.92209,230868.8811,381676.1855,173313.6384,50750.34994,64171.93009
930,EFHD1,11420412.105999999,1551318.531,1878408.3863,2560680.8649999998,12074567.01,15467001.482
931,EFHD2,15774124.9219,1999347.18273,3289558.53022,3762647.8828,18018041.9386,19761874.1641
932,EFTUD2,22862658.02595,9287941.67828,15234344.231180001,8964005.17344,32895801.83696,28559056.98223
933,EGFR,22144638.81568,30092263.23186,28478397.47977,40897653.14153,26950508.74291,25892697.66466
934,EHD1,38518852.23044,22839286.904527,19389893.319888,19730318.02935,43852059.22833,42384238.1725
935,EHD2,16780447.2111,5320240.91884,5582539.8794100005,6374453.32252,23886330.344,19739086.4383
936,EHD3,24058933.3015,10889817.27021,10347612.849289998,10203413.275729999,31599007.2881,24891599.583
937,EHD4,25237235.90037,14280485.91989,13933627.32597,13359579.98485,37702795.07243,27221721.746519998
938,EIF1,1461033.6761,149730.27516000002,232829.6595,329593.66610000003,1360862.1992000001,1767707.2195000001
939,EIF1AD,617876.3861,192376.12788,313756.2057,218583.31534,727776.3384,646559.5215
940,EIF1AX,16924488.612999998,3817115.2874,4175783.8400999997,4635821.4541,20282387.144,21821178.875
941,EIF2A,18649132.740403,3309555.625352,3909949.218966,3877375.910693,20102396.74694,22730503.746623002
942,EIF2AK2,5922179.2464,777848.32592,1085500.97367,887221.7988,8820224.7199,6629670.4037
943,EIF2B2,7119646.7508000005,1732380.4693200001,2196302.7743,1918206.0853,9052394.7907,7932225.4908
944,EIF2B3,2748278.9234,751992.2899,1019326.7437,717113.3648,3585866.5200000005,3124485.523
945,EIF2B4,2325913.6921,772281.8797,995687.41805,707375.8361,2994882.8071,2727683.5457
946,EIF2B5,9266513.45606,3019892.1107,3685579.84301,2546465.178452,12440142.1508,10510894.9095
947,EIF2S1,35842580.34889,10149101.08444,16118234.34828,10664730.75467,41854625.3087,44389014.3082
948,EIF2S2,18013157.5829,4639743.28533,7025931.9394000005,4374713.8696,23239778.9417,22236462.6498
949,EIF2S3,28880816.63213,9804185.88934,16949455.47168,8621157.0613,36459467.81818,35146555.13578
950,EIF3A,133258083.04239,38426570.201611,48845168.64443,37905478.052056,164838743.61789,153119134.77897
951,EIF3B,62270883.01677,23713712.76969,30461589.83301,19926387.1802,78280570.14659,75374253.29010999
952,EIF3C,58016004.01423,16084909.834838,20380378.356599,15688687.83567,77673613.488882,67989507.39808
953,EIF3D,25326621.3958,6353593.74378,8278717.49159,6651169.12639,29468845.931900002,30886440.328799997
954,EIF3E,45483834.8684,17977896.88801,25918617.83352,15942974.181780001,55476505.025,54926570.3813
955,EIF3F,27691781.268719,9904655.347712,15339772.435766,9677754.586734,36725599.28724,31037757.03512
956,EIF3G,36081479.908700004,4056674.85346,4879719.11157,4998671.828430001,43680880.006,42219365.9308
957,EIF3H,11262594.6397,3216182.8179,4737614.0464,3387289.7118,10958952.6539,14714513.0981
958,EIF3I,36717215.7666,11503608.7721,14639953.372200001,10426439.54,42470573.4053,45999276.206999995
959,EIF3J,19188107.7315,1785834.8404100002,3488774.90102,2507875.1293,21733643.3806,22230633.157
960,EIF3K,41722119.150000006,8802152.74127,12806805.1042,14495141.8311,46256870.902,49745254.2124
961,EIF3L,45202164.6492,19833763.31858,25575899.64107,16026176.10588,49816083.73076,60892314.9171
962,EIF3M,11099024.2324,3654717.26658,5012671.3986,3857082.2999,11155507.6191,16290552.605
963,EIF4A1,196339458.25270998,49324179.044008,58103814.041585,47487740.753832996,256216651.01784,262653971.6252
964,EIF4A2,9342613.60454,1349519.24757,1858410.07485,2044268.1780700001,16487053.354640001,9015916.04672
965,EIF4A3,34582667.57163,10418092.859965,14194311.512472,8138053.687104,52559539.468899995,41821843.38788
966,EIF4B,70449579.921981,2868412.092322,2900409.063453,5002021.460621,84402417.660803,78936747.255983
967,EIF4E,15318022.8069,3912737.763,5045038.844500001,3713572.9077,18957003.2485,15169346.017800001
968,EIF4E2,234485.0211,124894.3944,359723.9705,159586.1499,253242.448,205589.2992
969,EIF4G1,64220109.2581,10465392.06786,14125271.74851,13376441.48471,83191525.9446,77676353.35949999
970,EIF4G2,49880703.48885,7948005.088818,9957212.170002,9354198.182092,51258024.32175,58401059.82942
971,EIF4G3,28768669.1761,4645719.8923700005,6347001.20042,5164983.12282,28510100.695600003,35500667.434
972,EIF4H,119863664.52149999,10410708.658634,10532911.267445,12307859.880098,165841733.5262,136360926.8589
973,EIF5,10998471.2497,2636288.49629,2856957.00054,2960494.94652,13975476.4574,13491566.5894
974,EIF5A,54153352.590716004,4781043.668041,4365886.130475,5614183.549749,34324591.54207,83196728.2777
975,EIF5A2,128268999.41416,20518255.346014,29141161.199886,32670602.414074,119805825.00157,171969251.20397002
976,EIF5B,24736525.4281,5206350.19016,7181775.2064499995,5750350.57455,24978650.551599998,30908040.9939
977,EIF6,15903239.28494,3299504.54856,4688004.13651,3946099.6542999996,18861390.990259998,17532585.00921
978,ELAC2,92548.30796,28066.23231,44475.05948,35285.07238,115621.7159,106566.8633
979,ELAVL1,26267996.5284,2934762.00445,3628301.9413099997,3816926.1185399997,39090035.5122,30714571.7035
980,ELMO2,1785270.2632000002,734343.4108,771847.5722999999,624569.0989999999,1868359.2775,2310973.7284
981,ELMOD2,545650.4067,109965.6019,172588.6467,159398.42,805742.1328,731420.3841
982,ELOB,41901238.14471,9608581.59941,13741612.43843,13526231.93068,34693249.39034,59777038.77078
983,ELOC,39399852.809099995,17214770.33625,21386003.3803,17472690.054899998,50926430.8301,53074408.3251
984,ELOVL5,4005996.4353,259382.57876,305479.73164,289562.60603,3018094.9369,5506260.3781
985,ELP1,306730.9593,113834.9821,157006.3739,118236.7148,484626.3408,397749.4806
986,EMB,1043433.783,1780995.262,1431678.409,2252754.482,1155467.582,1231723.324
987,EMC1,4850341.9264,749697.62262,1003226.7981699998,1144917.52105,5381365.0624,6186377.444700001
988,EMC10,982747.8053,116807.7283,202976.2114,222468.9884,1746215.193,934310.3471
989,EMC3,1458225.063,92565.9519,134289.1421,206364.7669,2123144.51,1976555.019
990,EMC8,243698.6749,102479.52,146380.1017,109428.91,388762.7375,296782.2211
991,EMD,37471813.7095,2085919.40145,2598870.40106,2853607.4691,48598145.8431,40969492.532000005
992,EMG1,1003245.092,296785.45133999997,516838.30689999997,428438.8421,1411073.7157,1077657.2884
993,EML2,1321980.0531000001,329792.27619999996,567008.7747,434855.9059,1729110.5465,1601929.879
994,EML4,53702708.719399996,15365634.96248,20546268.2407,12636077.46721,58369508.9832,62801296.91232
995,EMP3,383738.715,1099934.744,872600.7091,786166.4771,237320.2932,655927.8468
996,ENAH,5497900.89588,1088842.6977600001,1249269.754525,1421842.233361,7567771.28109,5560206.16281
997,ENDOD1,789090.08715,341866.26603000006,353542.41142,232849.10215,1316724.6320500001,659409.5533799999
998,ENG,1328384.0068,1260322.829,1861298.8830000001,1591877.7411,1612294.8201000001,1604794.4955
999,ENO1,2259225112.609271,276889249.278255,620895916.60724,609477901.860208,2466867174.444223,2826494358.175693
1000,ENO2,5105623.586800001,844166.84332,1354318.3715,1149195.2705,6892395.115,4281737.2909
1001,ENO3,205174546.58201498,29968375.215127,67511320.647869,59814047.078213,338669806.737105,215550150.929217
1002,ENOPH1,998136.1373000001,130347.01983,277818.23256,221665.29507,1298851.6512,1044463.4549
1003,ENSA,15020504.92169,483960.73524199997,337843.992149,669377.670097,9790407.90829,16758899.58667
1004,ENY2,6175353.061500001,648760.1426299999,1295728.6685,1225872.6425,7653315.897100001,7848150.085899999
1005,EOGT,73548.23031,21030.93908,37308.70592,29533.32734,107725.7999,73382.02423
1006,EPB41,70019.35478,27615.78174,21822.64301,54043.64803,110259.3107,72742.14338
1007,EPB41L2,52801019.907570004,34012776.549225,25735929.48128,53071416.59253,53178093.94156,68930180.02755
1008,EPCAM,2527749.2643,2927059.0343,3075848.4184,3715756.057,3759884.7527,3044290.2594
1009,EPDR1,2493913.2971,1272786.0951,4684937.0083,2322891.1566,3644643.7059,2413687.0985
1010,EPHA2,25083254.4984,46242056.074999996,40442882.79324,55602049.63264,27168974.84363,27418019.98907
1011,EPHA3,2131154.475,1991932.08,1965741.471,1336194.731,1142482.222,2611994.298
1012,EPHA4,169167.5894,19732.40828,44878.76663,39342.70859,145702.2971,196118.0519
1013,EPHA7,1319001.9005,1948510.8687,1829987.9304,3050044.6909,1944362.5661000002,1437924.6404
1014,EPHA8,5375112.1,7945374.92,6688826.836,10025541.655,6778995.864,5307808.457
1015,EPHB2,768721.56974,817816.0255,801216.1841099999,1178280.5570999999,1209343.8874400002,880770.1528400001
1016,EPHB4,2349494.2054000003,3285789.0089,3733142.2046999997,4120000.0857999995,2498830.7239,3521336.4079
1017,EPHX1,25625005.53536,5635808.31143,7233801.16492,4913145.89497,31559958.37276,24739281.78222
1018,EPN1,1583074.3328,353461.76728000003,395973.59519,432305.89472,2257068.5687,1576188.6469
1019,EPRS1,149119893.21572,49142599.751849,62305676.76866,44706542.00035,192201599.66493002,171119561.30842
1020,EPS15,3149273.3624299997,859227.59917,1124791.88546,1063682.64339,3700543.9057,3233128.77728
1021,EPS15L1,764193.7626,246455.59447999997,351715.0995,294900.59750000003,1053657.7341,755879.5059
1022,EPS8L2,8319547.4046,2641384.89713,2758739.87007,3340507.1928,9513338.1915,10310062.0912
1023,ERAP1,11531908.0014,2123071.90985,4114725.21363,3675606.0744000003,16693064.7228,11228442.3265
1024,ERAP2,1346165.8402,317614.64768,590596.64289,506416.25354,2332307.5876,1304503.455
1025,ERBIN,954186.5303,884562.637,570955.6812,1297543.6632,906332.8484,1083691.7334
1026,ERC1,361881.9564,169255.61507,468799.0039,167030.47230000002,626457.1039,346401.50710000005
1027,ERCC5,1890649.048,180991.1411,260191.3987,225568.0616,2025485.768,2035493.109
1028,ERGIC1,4489529.352299999,465824.25159,544868.50102,605017.57386,4990563.6678,5492066.0217
1029,ERGIC3,5140138.913000001,705260.8731,950423.6075,876341.0844999999,6243807.871,5727621.372
1030,ERH,6298733.78799,409980.821352,864120.677004,545413.406629,7598531.38304,8750534.37507
1031,ERI2,296546.0438,38602.61033,54270.19589,39777.72047,183631.8671,171539.3604
1032,ERI3,2633417.7771,546850.9628999999,671047.7715,542415.9014999999,2262405.4534,3156645.0470000003
1033,ERLEC1,764197.1471,135372.2407,216811.4538,161927.5851,822952.0877,931784.5195
1034,ERLIN1,42737918.91373,4885824.80117,6490939.561360001,6235593.28634,48421028.6779,47522405.60638
1035,ERMP1,7678939.9459,1014776.55169,1231106.2846000001,1149974.0934,10573297.9729,5929072.9424
1036,ERO1A,13499693.32982,1499571.808839,2257701.871147,2026187.483049,16074682.50336,13774298.48088
1037,ERP29,41118230.38008,2852439.88916,4158616.3348,4460689.12816,49518040.10565,37510070.02263
1038,ERP44,10735426.28277,1605445.558365,2814802.24603,2608099.971765,12446095.27,11270636.17689
1039,ESD,16009032.745339,4032731.931609,5793445.492086,3943312.509741,19005019.77173,17956138.950718
1040,ESYT1,27006793.33515,3875345.695765,5983613.413609,5933652.086479,38360942.5111,27242046.4179
1041,ESYT2,12722701.50647,2342807.48893,3154701.6733100004,3010723.65349,17311598.9936,13496826.0942
1042,ETF1,19528144.88482,3229635.26522,5826169.51631,4746633.106737,18234056.52395,24367714.30166
1043,ETFA,34252466.3918,1399454.607742,2263583.01532,1903868.25296,37964841.92638,36721105.508
1044,ETFB,23514210.9848,1466450.9323800001,1838322.60721,1846114.21276,29432248.552,24354673.3541
1045,ETFDH,1856020.7917,313623.34203999996,385928.5942,390266.01635000005,3782659.0371,1984501.2733
1046,EVI5L,17924993.68,4009669.723,6202747.609999999,2836700.6890000002,4087614.006,11232802.667
1047,EVPL,4445080.602089999,1148975.41471,1384781.54748,1079774.11597,6390544.29842,4622807.1949
1048,EWSR1,21174514.020600002,1707693.47095,2674728.08141,2251960.00807,21479698.189600002,24517338.2075
1049,EXOC1,2986201.0897,1863509.7041,1661849.803,1752262.8107,3349285.4768,3522426.78
1050,EXOC2,3108879.8791,1645636.48985,1602919.5863,1746223.33693,3885965.9341,3448937.441
1051,EXOC3,980153.2736,506192.4178,648730.1711,588361.2579,1286822.3759,1149924.0051
1052,EXOC4,2417516.38781,1493298.72519,1605496.37746,1561610.7770500001,3073971.0120599996,3466994.1157
1053,EXOC5,4646653.964129999,2462779.93363,2595933.04986,2436089.7821,4741451.6744,5828027.792719999
1054,EXOC7,3263442.6958,1271843.25322,1372301.2622099998,1422164.4211300001,5335010.0773,3813977.3489999995
1055,EXOC8,909892.0071,410632.3434,314849.6072,492385.6525,1053782.359,1062349.695
1056,EXOSC3,556001.2234,194258.1168,358532.4878,132950.2893,771102.9234,731125.0733
1057,EXOSC4,1166796.0428,464320.8028,750001.8661,482044.4494,2162812.401,1407559.0582
1058,EXOSC6,212372.8552,61084.03455,85975.37396,75241.53214,270452.3353,236859.3084
1059,EXOSC9,1591567.316,79512.54383,73887.91255,72266.75173,1524578.314,1992047.385
1060,EZR,127324887.01775,59981165.576630004,50631129.5342,100224853.76405,145117459.91624,156806932.68222
1061,F11R,7827545.545,7459210.966,7109954.609,8608322.811,8830561.055,9532155.089
1062,F2,627028.56578,1014204.9806,2223338.6589,3280161.9536,730497.14345,799986.7514899999
1063,FABP5,4792702.5551,797669.97636,1015716.9045299999,1238934.0962,4824240.4553000005,6725159.564599999
1064,FADD,184644.175,37523.44059,60350.95032,58872.64226,328842.3566,189396.5472
1065,FADS2,14562193.109499998,1260744.49572,1820475.9718199999,2390244.31069,22506516.9795,17415691.880400002
1066,FAF1,1179240.8133800002,333187.05286,489822.84724,502717.9968,1379588.50905,1717066.40534
1067,FAF2,11880210.8796,1135188.734798,1506051.33225,1693341.132158,18749290.34428,12696933.120730001
1068,FAH,2501908.0505,585438.3159200001,1084804.8086,739248.1991000001,3318486.1119,2609115.3277000003
1069,FAHD1,5521626.541300001,544535.04281,929582.6962,947323.0273,7915258.010399999,5114367.4127
1070,FAHD2B,6722543.948,886530.0846,1328724.7788,1280667.1124,5030515.351,7594990.25
1071,FAM114A1,495058.2589,63013.18808,83526.86409,82951.15895,462380.8548,554857.0258
1072,FAM114A2,990549.1971,214538.7343,361080.1972,329781.9619,1698322.031,1172888.089
1073,FAM120A,1121190.4013999999,236481.24061,287963.53833999997,291368.7946,1834111.2332000001,1242977.9984
1074,FAM161B,4118941.0343,306726.55558,1409197.1241000001,378575.88877,23234177.93,317539.04689999996
1075,FAM162A,2084528.7781,75558.15824,140460.01447,131076.11226,1902352.5203,2562693.9220000003
1076,FAM186B,598645.9388,68577.036234,204997.11064,185255.32684000002,2159546.91804,345010.54527999996
1077,FAM234A,304781.2646,685205.6576,520770.4215,870824.7075,405043.6611,382401.4689
1078,FAM3C,2898421.31074,702235.72154,1465535.1538,1041860.15829,4281522.066199999,3591916.1195799997
1079,FAM50A,10074376.819899999,829383.89989,1507848.6844000001,1323056.69084,11626011.5614,12503724.167100001
1080,FAM89B,62767.60576,29845.71008,33313.99257,49170.99658,122487.1262,76344.62254
1081,FAM91A1,314226.49103,141404.8755,219986.21054,132026.0326,541776.56615,381386.36462
1082,FAM98A,2579299.8841,751964.2861200001,848570.88689,691687.35093,2744999.3989,2923611.9469
1083,FAM98B,10768425.53238,2313758.42401,3266149.290702,2175055.71723,11842078.48975,11655149.92032
1084,FAM98C,279934.1088,68094.83041,114734.3252,85543.60526,596637.7413,321266.4761
1085,FARP1,863841.1841000001,885439.1813,700823.5501,900230.1735,1244504.24,855893.941
1086,FARSA,12569013.94917,4681762.1119,5614708.9737599995,4284164.5259300005,17197088.860600002,15181733.1596
1087,FARSB,36794076.87955,9064887.39423,12960214.86664,8339305.35002,46809211.4158,41204516.1493
1088,FASN,962844468.978739,417195225.62641,449605842.526058,302514115.280231,978506726.2143741,1127496728.313372
1089,FAT1,10466200.163,16470645.07974,24521689.2426,16335029.3462,9912996.246,11706375.0899
1090,FAU,28453908.2431,2525867.06145,4085722.6166,2219191.43703,32268651.6584,29125717.0699
1091,FBL,52616673.623,6907154.95292,10755735.11867,6973241.44616,57996234.3715,73335953.9574
1092,FBLN1,2446715.17069,8859354.86487,26762224.02521,14181276.0753,2577875.348645,3008779.67388
1093,FBXL18,665668.2930000001,253095.83619,379015.5416,352426.7657,805050.6061,824363.1065
1094,FBXO17,622476.5644400001,293375.627974,402802.563626,527378.51856,863110.87866,879528.83121
1095,FBXO2,7670200.1313,2943424.11391,4708394.51708,2810352.3563,7807247.116599999,9169306.451000001
1096,FBXO6,272887.3653,124579.8118,165883.9833,101297.8291,264230.1827,372011.9649
1097,FCHO2,673433.4975,157577.9258,258626.0853,184442.3147,1175804.363,675301.4449
1098,FDFT1,6522852.764800001,1080406.58314,1237029.24736,1558677.24441,6382084.456,7994050.0539
1099,FDPS,61148419.439121,8548373.803749999,11166381.088071,12040851.700353,55504358.261213,74407753.25087
1100,FDXR,1716325.164,206215.9678,301116.2594,184400.5454,1991555.278,2032819.782
1101,FEN1,27231158.2002,4744838.409965,7029683.1591,7721286.78633,32136079.89837,32521821.80629
1102,FERMT2,1828529.70915,761167.56868,1007635.24278,1015230.63896,2274826.34081,2028404.49229
1103,FGB,2062724.5931,1430747.7301999999,2612589.0725,3450888.0059,1463374.7333999998,1641534.1979999999
1104,FGF16,523593.3175,926863.5897,963320.2252,342692.8548,294000.3285,231447.0671
1105,FH,95467473.444148,10391753.017619,17178556.139643,14910459.99404,119989885.41813101,111819469.36453
1106,FHIP2A,306591.4297,82171.37683,130447.5024,93946.28708,268568.3872,384277.6752
1107,FHL2,26671142.7643,5146883.8958,6130420.3223,8971403.1254,27096905.9747,23240980.997
1108,FHL3,379555.8268,101197.9611,138101.7791,190336.1788,609518.3069,405396.1325
1109,FIS1,5591630.951400001,623313.70345,848274.1614,706927.60203,7028459.3574,6632783.1792
1110,FKBP10,16002858.22129,2142189.8188899998,3419600.6512100003,2971993.78248,18347181.61778,21553345.4131
1111,FKBP1A,32806719.289660003,3224686.8049230003,3377530.415408,4539658.882366,56422678.60821,25913106.79021
1112,FKBP2,7251454.0093,409600.06812999997,514460.5933,619210.3646900001,11102196.6212,7745250.491
1113,FKBP3,16785159.01542,2056309.92178,3158762.97128,2674809.94179,21573763.687060002,18999466.97851
1114,FKBP4,10606307.0844,2612055.9502499998,3269216.8038500003,3675812.298,11334022.803199999,13300738.3523
1115,FKBP5,1936491.0315,705481.7635,994743.7737,549265.8114,2419383.1328,2356609.1816000002
1116,FKBP8,4513225.10848,299338.43975,338005.4149,400236.3426,5879239.8686999995,4788837.3358
1117,FKBP9,13917390.88672,1741301.39448,3046579.16615,2606739.63004,17512957.68876,16313767.3143
1118,FLAD1,144126.2223,62574.97528,90267.12503,83480.49244,188940.0962,168011.3471
1119,FLII,12720829.729589999,4187266.40268,5065551.346419999,4241664.87167,14024774.47831,15104513.11093
1120,FLNA,729038082.59738,233134385.662876,329677503.195065,292856698.733384,868679115.25205,816725429.971968
1121,FLNB,589343320.34822,227911642.137489,366977866.36626,271182268.717191,738175269.76745,684561778.6913
1122,FLOT1,5324145.1841,4174212.99405,3242130.7658,5069507.331,6562111.952,6095663.7625
1123,FLOT2,13085661.66281,8905664.21968,7311772.44836,10498484.92253,15721360.1537,14329798.714060001
1124,FLT1,1537687.0082999999,352993.7444,605650.8875,475462.87139999995,2386536.3257,1558486.0177000002
1125,FMNL2,484826.8419,338184.5319,319866.7475,431266.8339,617322.4491,596948.7709
1126,FMNL3,3725306.28065,668814.51387,831011.8602110001,691559.76022,2904011.03248,4309748.2352599995
1127,FMR1,4028339.7578999996,951443.75742,1164693.69261,967175.76783,5987618.2252,4260940.5193
1128,FN1,8233223.9394000005,8724235.3678,14276479.5637,12179635.8365,6681477.2395,6623334.5539
1129,FN3K,455472.9352,175764.0062,267010.399,287302.4501,539155.6134,513481.5366
1130,FN3KRP,2521004.4326,1233711.15907,1228740.69647,1044792.12928,3659190.1300999997,2847676.2014
1131,FNBP1L,1406021.46739,349686.944481,505417.38307000004,422367.48072000005,2112350.27411,1496346.32233
1132,FNTA,648256.3541,207532.734,269878.7149,228585.5509,1097188.482,835338.8794
1133,FOXK1,2329833.0701,335657.76045,365016.77547999995,284042.2963,2834620.309,2989161.2456
1134,FPGT,89969.88575,36618.03487,60688.53486,59655.87138,93263.0161,138738.3711
1135,FRK,721676.7253,674310.7397,844056.5098,902380.9785,1152768.517,755418.3675
1136,FRMPD1,893161.8065,1617813.369,4459417.336,2066696.445,712744.5604,914684.7514
1137,FSCN1,185002502.63255,60022826.784354,72775181.615529,96275276.380246,212879711.31296,226877987.59077
1138,FTH1,9040739.1249,4020715.7791999998,6010487.144,4217082.9322,9556726.5636,7678351.4350000005
1139,FTL,6539051.696599999,2584461.8398700003,3699357.6643999997,2448926.39722,7547365.2471,6132574.2243
1140,FTSJ3,1103227.5012899998,88484.196271,164759.36798699998,88334.736607,2278977.77699,1126260.82097
1141,FUBP1,85233044.01483999,8039649.343429,11527878.585855,8327428.185568,115459161.09166,97963041.40847
1142,FUBP3,10938924.64167,1760788.072253,1530327.14303,2263029.4986,14330366.048799999,11258620.3864
1143,FUCA1,1180768.3508,1268304.5297,3136927.3634,2482512.1507,1433281.7899,1616542.5623
1144,FUCA2,3645070.57209,7840596.85107,22207525.0719,13686801.719,4743393.90618,4875964.12224
1145,FUS,124057179.744,5661725.49734,7159808.69398,6497895.84371,142444502.103,145168500.985
1146,FXR1,13292216.11265,2831322.065214,3831685.82385,3098598.282886,18646221.16186,15878788.48658
1147,FZD7,951660.2785,687175.8583,936962.8292,968202.1614,1458248.6574,1262751.8415
1148,G3BP1,12498127.3622,1602614.712166,3070303.782204,2514271.708277,18358592.57584,13888830.2959
1149,G3BP2,5790421.07039,906785.77984,1410384.52228,1053765.53623,11059335.6618,5196164.9693
1150,G6PD,657894492.691008,135720556.871969,182096586.52136,128245848.811862,661940833.479435,607896915.757796
1151,GAA,1385492.8483,1194663.6834,1706776.5541,1031770.0647999999,1857627.0041999999,1541010.0908
1152,GABARAP,4045105.591,1408058.3716,1293109.4496,1011463.1118000001,3766196.5889999997,4372999.704
1153,GABPA,197450.5631,55981.06489,76867.56773,105089.9126,267615.4458,225478.1987
1154,GADD45GIP1,900245.586,51403.44468,110646.8134,223996.3055,721896.9717,1128098.339
1155,GALC,232453.8151,346796.362,737612.9594,327251.8712,380332.0659,278884.6494
1156,GALE,16632620.737,2513595.41602,3024061.50197,2642866.25003,28916485.5575,14835288.9592
1157,GALK1,560218.1366,215193.1676,272147.5004,248187.3675,766310.0668,655302.5337
1158,GALK2,4168091.1714999997,1173284.81121,1708202.8096999999,1380997.85192,7440738.7190000005,4545854.1842
1159,GALM,3033768.5352,830523.84861,1280727.09588,1084936.83467,4220058.7408,2861350.1536
1160,GALNS,4112930.85976,2124158.8890899997,5873378.8255,4556607.8599,6022261.9659,4678356.057940001
1161,GALNT1,1700854.473,998730.5834,2062843.639,1365060.225,1789742.522,2446842.032
1162,GALNT10,745291.1891,413802.2422,980403.6082,960039.2816,1071181.72,913832.9929
1163,GALNT13,5794357.793,2570453.016,5624198.247,1323270.136,3459130.78,7017804.892
1164,GALNT2,16749212.427410001,6435620.26818,12744299.138980001,10070987.42354,15629269.55335,19940964.3295
1165,GALNT4,4047350.2615,2182292.7916,3151110.3344,2380570.9773,3617497.3305,5042711.66
1166,GALNT7,27652665.29313,7760448.82949,20261357.40701,14855877.2601,32207949.4874,28887477.088940002
1167,GAMT,457201.455,99229.04951,125961.0362,147303.9215,580654.7379,583227.8017
1168,GANAB,181177773.73372,53159401.914203,75934050.715616,51866876.011472,247446375.91379,192884018.71361
1169,GAPDH,2811576710.562616,453044736.557058,579809753.816773,494775261.901938,2971927300.0671263,3172671556.697753
1170,GAPDHS,320379299.7759,42515996.674219996,47877186.150570005,41982870.84762,456995195.0828999,283500426.4868
1171,GAPVD1,3273010.8044,962260.524,1245849.7308999998,1118599.0838000001,5314774.4399999995,4096266.3284
1172,GAR1,4313193.62248,1352289.754559,3280716.2020699997,1065332.317864,5884369.21683,4941353.44845
1173,GARS1,175465418.55781,42544174.730711,65612461.808417,41471919.404561,258091931.24317,195214099.44554
1174,GART,92967134.4206,22565076.43478,27973728.00357,24020133.44304,125421281.1872,111380588.6746
1175,GATD1,592520.3002299999,123273.27343,210445.48292,238773.25178,602536.10044,665873.58927
1176,GATD3,3825831.5586600006,121367.65411,221965.60035000002,188787.258485,4868210.29144,3503371.4018400004
1177,GBA1,18505591.7157,11538212.0293,34933727.0945,10909587.8275,28316018.0798,15704060.7185
1178,GBE1,4714709.5091,1112842.36615,1769087.67994,1654481.65515,6630876.9054000005,5316634.5218
1179,GBF1,9387174.0821,2322035.40447,3187316.45286,2790144.53023,9913693.3539,11473693.6995
1180,GC,1799112.0887,5200849.416,13731201.405000001,33710375.339999996,2278320.627,2269534.6499
1181,GCA,1726155.495,348307.3169,585508.4373999999,470794.5946,3164623.105,1534011.2099000001
1182,GCK,7428471.812,4476680.866,7137151.468,3125870.608,2366912.477,4697410.915
1183,GCLC,1929827.1904,438329.7772,865391.2519,716101.3809999999,1934643.0554,2085855.9512
1184,GCLM,382738.8208,136810.6663,210988.5671,190337.636,561615.3223,431689.3896
1185,GCN1,162939439.956898,35154931.331906,43498438.419515,37105218.116478,202235598.21285,172599351.22247002
1186,GDF15,6015215.6411,20297697.0083,40938815.184599996,8053267.491,6491887.6851,4303371.5704
1187,GDI1,94529037.45947,18886889.137444,34404293.861477,32952708.349832002,121875571.90277,108804531.49287
1188,GDI2,45370454.10505,10805464.75745,16982165.53066,20352196.787869997,44667574.7678,55663710.1082
1189,GDPGP1,1307196.969,388943.96259999997,679038.0733,1830304.0265,2203405.1289999997,1430807.2418
1190,GEMIN4,758874.7063,287176.0418,468638.4846,261397.9071,1199344.543,773870.1292
1191,GEMIN5,4827872.953989999,1563572.27143,2107650.34047,1957918.35042,5922685.5974,6292689.3549
1192,GET3,10293706.2447,2408568.10331,3138679.55815,2707985.85368,12668550.5681,12197546.8793
1193,GET4,2959837.5577,1171587.4803,1567437.2963,1049935.0825,3417895.2701000003,3792414.2951
1194,GFAP,825020058.254577,113868324.63542101,172730714.069105,165898735.044711,818897066.913589,1031656168.220905
1195,GFM1,12448440.50345,1089108.065341,1633244.117166,1449157.99472,17096964.87951,15523524.45528
1196,GFPT1,56655435.1167,16951040.934270002,19800649.680490002,13780767.08658,75642191.471,61020200.7253
1197,GFUS,5702709.6668,1413088.97485,1762995.7261,1275056.20176,8101648.6049,6657664.6021
1198,GGA1,2842604.747,484063.7083,617874.8363,614269.8255,2810566.102,3431177.282
1199,GGCT,10081744.8376,1101327.426,2074043.4948,2390175.8722,9590264.561,12296165.864
1200,GGH,2679514.41939,5380871.3188,14290406.7,10259676.7302,2615721.99988,4995137.1655
1201,GGPS1,8831979.68173,1437833.731447,2275444.666726,1965522.7216599998,11016303.65182,9500574.79434
1202,GHITM,744996.3864,53390.31846,73878.26227,51781.6039,920636.8068,854335.8022
1203,GID8,458054.4035,249094.3859,443640.5461,302784.9913,785554.5976,584927.3442
1204,GIGYF2,2526962.855,465003.28324,519055.17363,433367.95514,3370292.8458000002,2854804.2830999997
1205,GIPC1,6641302.737,3503790.6739,2909367.6100000003,5053973.4575000005,6953832.4976,7824422.0853
1206,GIT1,3272722.976,961601.2085,1301803.408,932663.9928,3582143.606,4543206.525
1207,GIT2,1055911.7654,321829.8458,323944.2174,283402.2263,1248315.3702,1183117.5158000002
1208,GLA,5179244.56409,8519657.95239,17396505.30397,8053697.48685,7046327.2588,5596633.63564
1209,GLB1,2452868.7434,3364239.4316,5916033.4311999995,2762948.4571,3652980.2327,2729277.0143999998
1210,GLG1,3842082.5607000003,15293676.2954,19019782.4059,16798200.132,3220059.77249,5091318.0879
1211,GLO1,84425733.322,9025277.1126,21570502.189,16318926.5066,97783733.216,87437224.09099999
1212,GLOD4,24431894.81013,2985656.538721,6197779.701959999,5777088.728364,28125071.42361,30417971.9243
1213,GLRX3,41894988.2912,5683300.58122,8356561.9601,8731811.7756,47702261.1824,49416332.6341
1214,GLS,8651527.331,804431.5413200001,1212116.70682,966075.69775,11787633.971099999,8650572.3986
1215,GLUD1,126065734.74277,6321831.53893,9177604.310588,9258461.938887,167835331.05341,131848363.63795
1216,GLYR1,73345.24872,5788.00343,2936.614735,2643.845909,137171.34623,74109.84544
1217,GM2A,11057518.015999999,3242700.2683699997,17238320.345399998,11575036.9439,10044112.3462,12882878.4021
1218,GMFB,5199604.783,677903.1525,674841.6501,877158.4241,5813775.791,5891737.8149999995
1219,GMPPA,3155031.119,783203.11161,1035561.3585000001,754159.1881799999,4313882.3113,3029291.9757999997
1220,GMPPB,405101.2546,164917.5143,206127.9642,171159.7998,523348.7445,417608.2053
1221,GMPR2,4421884.3217,1474274.9224,1994408.3786,2073142.5278,5575549.0734,5239909.5292
1222,GMPS,24905348.84226,7722428.795150001,10474864.97766,8590244.63061,30151003.57603,31297528.41634
1223,GNA11,5269970.94025,7823308.80635,5296656.34227,9963694.318160001,4961360.83526,6984930.14303
1224,GNA12,10082506.1928,16727658.411300002,11674836.2587,22685979.8131,11189116.328300001,12144416.4475
1225,GNA13,109472.0497,96528.09378,117898.5405,180026.1275,134953.0464,152749.0525
1226,GNAI2,20590106.42136,33001496.15348,23352900.31042,43259451.12479,22197106.39024,26978136.46779
1227,GNAI3,1836407.94245,1712579.32425,1306648.3402800001,2182124.37671,1787000.65418,2560827.80896
1228,GNAO1,1166252.789,1130495.038,1006931.624,1303406.354,1776560.891,1192925.364
1229,GNAS,10283631.026337,17404492.191008,12768711.423079,19683773.706367,10288517.105593,12327162.03702
1230,GNB1,36455766.80935,50369580.5103,34328033.6576,63419336.39888,33719276.02586,39922254.06667
1231,GNB2,2829608.6769000003,2463090.4035,2437119.9902,4023607.7748,4058441.3710000003,2656997.1138
1232,GNE,27150520.38695,7630507.255244,10097243.469011,7850802.96664,35559300.39841,29819391.50169
1233,GNG12,3640310.4957,4637667.3672,4029091.0209,5843841.1132,4953114.6659,3390839.1896
1234,GNG5,2353844.36298,2364217.04023,1524716.58293,2724282.78972,1966982.5541,2933256.46679
1235,GNL1,3211384.0601000004,810961.99559,1031451.4065700001,956238.03672,4848262.8351,3304632.5486000003
1236,GNL3,3200257.47317,566232.26879,929956.28107,584532.29443,4808783.351670001,4104724.19577
1237,GNPAT,224892.1634,38235.48406,67957.28079,57222.03795,225308.0316,342979.0279
1238,GNPDA1,40315487.9386,7377449.55761,15532751.031569999,10089461.797,51461251.5063,39581684.964
1239,GNS,25285122.95339,11943333.26165,40670113.85024,26211282.07478,37730505.41393,28522938.144759998
1240,GOLGA3,4293241.6381,1623132.0723,2069454.45426,1654011.37508,5065392.8747000005,5274324.6672
1241,GOLGA4,450859.4994,163614.0889,235722.6395,167771.2077,824042.9433,417515.0913
1242,GOLGA6L22,1570090.885,374969.662,828139.3171,451938.7325,1289078.806,2139549.885
1243,GOLGB1,18843364.671800002,7744297.2999100005,9152990.71294,7814670.7061,18538048.392500002,26736852.5578
1244,GOLM1,1605710.1974000002,4815859.468,9211423.945,6768073.7528,1740678.7381,1545099.2766
1245,GOLPH3,1862740.1060100002,566978.581713,621270.929827,497730.344882,1956869.0723899999,2070163.7747400003
1246,GOLT1B,320214.65489999996,97833.29044000001,213948.69249,257204.55550000002,510842.36620000005,320324.6629
1247,GORASP2,9724200.03749,2555400.3390079997,3439316.295192,2102664.7381450003,8782013.894749999,12263154.63016
1248,GOT1,58933128.55766,9279180.15073,18638174.84068,16490003.17245,66147320.95391,63915367.47004
1249,GOT2,52481433.7941,1698435.14923,3440160.0602,3046291.26091,64622371.5688,56771001.0157
1250,GPAA1,637306.177,99808.0076,119640.2956,144142.4837,1305513.897,628368.2274
1251,GPATCH8,35139.41342,8138.266011,16567.1434,6946.269187,62734.24967,35011.89638
1252,GPC1,13459159.05747,48775152.647,68378487.0165,58857428.4922,14035330.961959999,16089704.2135
1253,GPD2,4158215.6569,598832.35121,883759.92398,852719.05973,5248093.8203,4301904.4966
1254,GPHN,422316.2573,216064.1386,398745.4587,287424.74985,711421.5318,420297.931
1255,GPI,373858319.62846,46689877.119751,111277714.79799,93916272.948643,441051936.08919,408386084.19191
1256,GPR107,612010.2436,160260.4649,208328.6188,166360.9695,706080.2183,651551.2509
1257,GPRC5A,27577516.1989,87972973.2905,73024850.8593,69207511.9807,24636665.8022,32535432.9874
1258,GPS1,14016820.4281,5368350.6995,7895977.41248,6036938.32017,15291865.9051,18492885.5109
1259,GRB2,6337946.056600001,1626012.96744,2362387.74635,2043991.33163,7855319.1302000005,8116735.335200001
1260,GRHPR,53368996.40402,10833282.492059,14443527.4664,12402732.06698,60360028.68443,65913826.626
1261,GRK2,379849.8782,120568.8019,158147.5927,128154.1203,543937.7234,460583.809
1262,GRN,12155625.20594,39658440.52615,93330369.2502,39249094.50625,14566691.28737,11522839.41813
1263,GRPEL1,18311007.437,1153660.34999,1626968.70052,1159244.92792,23472466.627,21525203.178
1264,GRSF1,3880105.047,301740.57289,556658.6960499999,851220.8439999999,4031820.704,5644562.5370000005
1265,GRWD1,185054.6562,86441.63808,114933.8619,89518.36018,243689.4805,223236.9241
1266,GSN,253986374.43002,91713446.743382,233681236.99537,178957322.99969,334758670.10878,278072367.27653
1267,GSPT1,57782703.427099995,16368772.848702,19283712.48911,16962610.27496,66239507.179400004,67791256.61787
1268,GSPT2,4086345.723,1223254.1902,1563089.0779,1394878.2528,5279226.484999999,4990854.205
1269,GSR,3710043.0716,917071.72171,1669678.7666,1071032.7804,4868644.4495,4251974.3562
1270,GSS,39231653.929,6916608.44048,13791347.8653,13430998.7159,50262959.0483,41927283.972500004
1271,GSTK1,13153720.42783,1017678.746875,1558536.35805,1597444.697525,15373774.1119,13116035.07793
1272,GSTM2,1439020.533,328978.56299999997,596885.9214,433042.3067,1370865.2669,2216387.6774
1273,GSTM3,49016327.89679,12303412.449327,13738582.103508,12340995.57177,41858619.50717,64558752.56668
1274,GSTO1,60467122.93292,9317449.39646,17709807.567229997,14036684.39199,52450894.567,67323054.94745
1275,GSTP1,144338300.033471,15311166.339516,30662105.373042,25896385.143103,154794261.8278,160865191.2709
1276,GSTT1,1823430.7865,391296.4098,722565.6579999999,515029.2544,2326547.7233,2168182.8657
1277,GTF2B,401296.025,53869.14373,76972.73141,61071.49873,624972.6252,407266.1684
1278,GTF2F1,746525.6424,123081.7718,197092.8297,171467.149,1437048.248,891765.1182
1279,GTF2F2,6563158.1866,903578.0665900001,1052145.5832,947138.4554999999,7018527.4434,7662630.3128
1280,GTF2I,33468657.170878,6512184.804189,9753411.757947,8671369.463609999,48932586.722571,41484732.394753
1281,GTF3C3,374106.5028,298232.8156,476378.9148,665834.0759,688300.4106,479998.9706
1282,GTPBP10,1075766.823,28652.12769,54762.82247,56218.94752,1465500.749,1348508.513
1283,GTPBP4,8409296.8949,2002082.09174,3125493.05677,1738574.3492700001,12303092.7572,10232088.2979
1284,GTSCR1,9242614.977,558822.6136,776333.7351,643737.6747,15785452.61,10381560.93
1285,GXYLT1,168039.146,48999.62986,151741.2771,86076.77915,162757.0044,203924.9526
1286,GYG1,2953182.9902999997,895602.71214,1209921.094,886012.81864,3448329.1415000004,3234257.625
1287,H1-0,22418163.4684,4419498.51962,13466815.45627,2612725.90356,26548469.1023,24853499.1347
1288,H1-10,1671583.67271,230856.756532,509740.1605,191412.661722,2667179.2706999998,1612490.7457400002
1289,H1-2,35436308.232999995,5689177.4251,20238103.856,2539496.1473,37066391.19,37251605.845
1290,H1-3,156203233.385,32556596.6644,98917907.5067,13655327.3501,198194095.757,188974494.932
1291,H1-4,137457973.07680002,36561860.0567,124808942.88849999,11975131.538040001,157439370.4544,189157373.41459998
1292,H1-5,896770577.50419,210823240.7906,667558252.20779,103399650.6508,1106903713.66384,1041354897.36509
1293,H2AC1,5262731.885199999,1850631.24392,4410646.9807,1209016.5212,6094725.0723,5685910.648800001
1294,H2AC20,821072079.79064,314750078.65746003,722410565.18376,136429037.40561,1106153780.3563,991850554.00793
1295,H2AC21,2168910.868129,811399.566536,1712288.491688,358655.543694,3120654.260223,1827496.862002
1296,H2AX,60424779.8002,24416162.7856,49354038.5948,15898873.67727,68623814.007,61003214.147
1297,H2AZ1,59011693.04857,14784777.209523,33881994.419154,6924622.75362,74851293.621193,71389630.06844
1298,H2BC13,22410329.136,8928378.094,18322308.997,4624008.1379,36880298.116,22578530.305999998
1299,H2BC14,2545973113.471151,957905150.2098,2190056697.166667,450406700.997765,3497484803.290802,2923432258.157034
1300,H2BC26,50289888.371139996,17432595.32852,44747983.03169,9350656.45205,49761280.93066,60836424.84259
1301,H3-3A,1066287297.24008,446310571.718648,1070722089.18464,174312472.936422,1497396725.50951,1293004962.7578
1302,H3-7,7133514.7249,1642125.2532000002,4958573.0433,631420.0015,11879390.836,9605649.803
1303,H3Y2,11857686.23081,4848413.71747,13351875.90611,4113993.19623,6078300.20655,8829178.6863
1304,H4C1,880216652.5087,381738669.883929,956990864.9768599,173248986.141873,1266460752.54432,1121947387.26427
1305,H6PD,4152601.4709,661024.79853,1011302.1646,911975.8076899999,6698520.4622,3845429.1084
1306,HACD2,3227124.9606999997,673777.14518,1326137.5734899999,706790.7588,4805857.2687,3871034.2787
1307,HACD3,9236403.9551,1158625.62099,1743561.7752,1734262.05252,13898837.621199999,9705334.9398
1308,HACL1,339473.142,32313.17268,65509.27144,78765.67102,549585.0982,319605.8394
1309,HADH,11657297.2263,702989.69826,1233481.7678,965226.3904299999,13104908.7989,12964443.135200001
1310,HADHA,225415566.32172,10608090.529247,13015198.402708,17086850.166609,322051045.07932,232028485.22688
1311,HADHB,90075357.65711,5439942.300222,7047669.149468,7418267.94936,132653833.89034,90127797.03773999
1312,HAGH,9515986.3866,1607823.0833,2548668.9142,1626824.7155,12696133.338,8223876.7319
1313,HAPLN3,31867892.755075,369911649.319059,269074582.344206,370160695.551168,34062055.158188,40385645.622953
1314,HARS1,48242499.214200005,7775805.74738,17433710.9889,12071842.8059,63532884.712,61255307.0535
1315,HARS2,1822617.4425,236391.12078,258078.90856,217521.70458,1881253.0174999998,2581525.0066
1316,HAT1,658972.5854,271285.0884,402008.41779999994,329422.67462,988753.0304999999,948086.9798000001
1317,HBA1,14328703.7361,8650489.7215,13557813.552800002,19724444.0875,7850903.4349,24181712.188
1318,HBD,5805546.96559,5952939.25603,9787232.2132,10620022.6392,4438073.45575,7120419.67567
1319,HCCS,3422690.24,257651.76815,506790.55189999996,300448.3121,6519303.085,3338588.6548
1320,HCFC1,6318666.488700001,1606403.9535,2498596.7784,1577726.0894,9140728.1948,7326752.8986
1321,HCLS1,836484.4796999999,90095.12614000001,117602.89768999998,125576.53813999999,784889.4946999999,426012.4408
1322,HDAC1,13866089.0691,3832659.9495900003,5736760.9876,3318650.22278,16594519.8892,17340644.3965
1323,HDAC2,3032472.7771,899306.2795,1116970.0107999998,839986.7236,3198874.772,4162448.3699000003
1324,HDAC6,32802.46231,5318.379295,6328.971696,7587.229482,63976.58211,36747.28527
1325,HDDC2,1001807.1738,188491.44542,243215.23470000003,276180.25800000003,1410072.4757,1037159.1772
1326,HDGF,23880480.69737,2300724.1105,6125558.2999,3410394.79599,21974624.3358,28583588.07944
1327,HDGFL2,4949043.8163,519427.77966,759456.0453,704304.3282,7746512.5601,5831117.3028
1328,HDHD5,4501186.859,365505.5612,444789.6775,398568.58259999997,7004177.692,5326949.066
1329,HDLBP,47068874.23071,7081760.075078,9396730.077913,8348973.936375,62536509.14693,51850089.48065
1330,HEATR1,2018264.3839,571159.13903,988377.58388,579550.6585,2739848.0586,2540776.0252
1331,HEATR5A,64969.65874,26053.79434,38581.60304,30279.58918,99786.92327,92696.05924
1332,HEBP2,6671427.4653,1066694.2082,1965062.9126499998,1614177.4442,7940322.4478,7236899.8241
1333,HEG1,440436.7456,1114926.89,1309743.471,1121645.077,570123.6286,456098.9029
1334,HEMK2,499347.1326,115938.25867,162693.71703,173344.12894999998,695328.5553,620695.1812
1335,HERC4,3865188.936,1064888.37373,1628667.1011,1726278.97251,5811355.8593,4633810.6557
1336,HES1,287499.3306,52295.79661,99683.12093,63328.51478,2461108.51,133570.8214
1337,HEXA,14750068.297586,11629100.742717,43757188.85109,23207396.418556,20876869.52078,17418649.475224
1338,HEXB,38478470.52873,53958235.66855,105106150.38266,45562982.17746,60216100.57428,42381711.91874
1339,HEXIM1,1027592.5787,284716.706,406925.84140000003,464329.41390000004,1280966.1195,1176018.004
1340,HGS,11858770.1961,2914657.41956,3744616.37484,3189247.37828,12360244.884,14312754.4645
1341,HHIPL2,356971.4792,443657.13730000006,1277072.2112999998,298394.0902,450604.99,456177.0003
1342,HIBADH,1427681.0769,146257.30962,216853.65775,221048.26775,2319676.4215,1294160.6985
1343,HIBCH,6718493.59837,1046365.58187,1663608.71512,1348211.99707,5748218.8142,7444159.4692
1344,HIKESHI,2910794.7645,398656.2253,819079.1681,745493.3043999999,3242674.4174,3062219.5722000003
1345,HINT1,56019041.479776,7243153.084682001,7989504.617652,9354605.604845999,71135686.35215,55723549.813985
1346,HINT2,3023940.222,213772.43773,325379.76339,467817.55478,3223613.1716,3410606.8046
1347,HIP1,1843279.3805,781984.5446,967317.9704,689763.54575,2852944.9714,1685274.0883
1348,HK1,48864204.7021,4977280.10937,6680939.10014,7217929.61479,79410724.4984,48254243.30458
1349,HLA-A,30676149.056870002,56656449.945944,48304265.395394,53466675.185174994,42919430.52352,24977340.5671
1350,HLA-B,23152345.115199998,33576672.3564,36281082.3464,32368321.429700002,28991849.8212,19758114.7678
1351,HLA-C,5634281.3947,9147808.8532,9857949.333899999,9188910.3752,8145370.8859,5127878.9449000005
1352,HLA-H,1538941.849,1889208.846,1850441.5125,2342144.7209,1760298.5085,1544409.9016999998
1353,HLTF,1194274.2322,219237.17118,386118.05784,309568.07089,2374122.0575,1338496.4759
1354,HM13,36002357.055700004,2926458.85667,2099676.70493,3205161.50494,31653255.3824,42455553.5726
1355,HMBS,4610231.7792,683797.97904,1283275.93899,1397221.2877,6392453.9775,5861371.0588
1356,HMCES,1409281.2703,163009.11544999998,271457.04041,271912.55793,1681461.634,1443207.3550999998
1357,HMCN1,2755353.1475,753955.9672,954685.0396,838979.5437,3501553.2396,2887195.1495
1358,HMGA1,54395018.1438,8378490.5442,13910729.840899998,5791121.8833,67606022.53,73892530.897
1359,HMGA2,19055245.617,1897148.5037,3726990.0040999996,2612338.66,19713811.473,19266731.192
1360,HMGB1,21656699.699,1711758.05849,3053905.00464,2304902.84774,21765663.55914,32028136.4708
1361,HMGB2,16501494.5438,758105.40963,1928563.6263000001,1038841.4672,20005481.336,20297529.5803
1362,HMGB3,59496379.387,3193220.40313,10464538.825100001,4603471.37778,69471337.5831,70742971.1188
1363,HMGCL,9575117.4632,919520.39396,1503620.48531,1084862.69443,11550533.474100001,9641355.6611
1364,HMGCS1,8374927.5208,1889065.3463,2034120.0726,2419145.6799,6082485.5793,11058633.1824
1365,HMGN1,8264484.050000001,305044.44136,495955.1853,229749.76081,6767795.152000001,11110832.622000001
1366,HMGN2,20169298.0719,585149.92727,984482.816733,566675.48374,18920070.438,30059279.815700002
1367,HMGN3,3959165.913,114184.7753,206934.6586,109259.5895,2218598.448,5114909.391
1368,HMGN4,7188115.868,185807.19764,228395.9763,160802.39719,8157140.074999999,8170707.153
1369,HMGN5,165091.1553,20176.40439,31776.87707,29621.63557,247474.4669,141070.0755
1370,HMOX1,670505.48862,134948.043858,198558.59886,146759.47218,780669.70145,702634.66839
1371,HMOX2,5479313.403899999,653477.6176,734879.47675,906741.9164,6521485.3101,6595498.4266
1372,HNRNPA0,23824719.167000003,1227359.266258,1391320.027878,1165915.65759,23953146.3017,29805372.536399998
1373,HNRNPA1,94830826.23661001,7229435.723191,11165440.323318,8505222.548469,103471800.591668,131088741.476432
1374,HNRNPA2B1,445552428.018997,13121803.661597,19309700.9560089,20848956.227268,560438820.0434899,530609822.80689
1375,HNRNPA3,483358024.24624,19332024.545807,28805401.0894118,21453123.869899,658772412.81382,556527418.88154
1376,HNRNPAB,51076998.4718,4600275.71765,8762567.75789,5260116.55728,49199550.1137,63084279.099
1377,HNRNPC,284813646.1495,46934013.446535,78724905.916462,38526642.676996,316086870.23879,349024802.76897
1378,HNRNPD,72046171.02928,10023208.687799001,23711447.459207,11427825.098343,85599472.10272,93765955.79753
1379,HNRNPDL,32165836.21361,3293183.742659,4475217.661355,3905477.480769,32246725.52881,48468278.12623
1380,HNRNPF,59949192.4218,7242936.6684,9647470.43931,8276449.66944,75056741.9339,73272995.8516
1381,HNRNPH1,60270150.63673,6269183.847323,8193261.620284,7929878.639315,86147747.5098,69831982.61048
1382,HNRNPH2,17669174.2609,1612412.81269,2324375.27898,1975776.3181,27430365.8085,18947654.2328
1383,HNRNPH3,7871624.65232,967637.5943400001,1455263.19946,1377888.68207,11752748.33117,8648627.69872
1384,HNRNPK,194091136.05099,20214008.824737,31421417.463912003,24216964.938396998,254684313.51868,226496110.75515
1385,HNRNPL,115549780.09271,15664252.353183,22388876.07953,16021008.236739,157614197.4041,126298391.61264
1386,HNRNPLL,17551857.558799997,2994810.55316,4930234.98834,3130223.84912,25385958.7092,19290510.687
1387,HNRNPM,313479577.46778,22809482.278825,28545334.399269,31692158.295543,474508725.05762,348783971.37378
1388,HNRNPR,81606855.15294,12469771.090155,21391398.82147,15639465.457566,100789786.6865,102372434.32136999
1389,HNRNPU,307855733.929,76242485.04503301,130344094.814086,57369190.969537,393929607.84845,350196188.7438
1390,HNRNPUL1,36156162.37517,7455508.699528,10825893.294171,7714752.718586,42866761.02008,44173958.06172
1391,HNRNPUL2,45739708.0488,11090480.740473,17673356.16849,8852837.872149,57508693.53225,48306301.83584
1392,HOOK3,86073.65207,23636.9567,44597.21349,28558.11977,109015.4107,84615.41808
1393,HP1BP3,40707475.50415,9258290.95783,15577726.81232,7008475.14373,48677271.5707,40988905.440850005
1394,HPCAL1,20774662.6239,7352725.71525,8674536.08344,7854593.17484,19804618.9468,28779461.98751
1395,HPRT1,28964234.412,5825975.83709,11243780.15721,10509341.667919999,33079475.1622,30601973.343000002
1396,HPS3,244285.9779,100147.5332,146820.7139,173945.9116,394244.2488,320022.2264
1397,HPS6,887391.8296,300930.722,649561.1084,504689.82180000003,859052.5684,805395.3911
1398,HS1BP3,8783722.39046,1002453.04088,2003215.32234,2001062.2053820002,9270371.41,6857320.98582
1399,HS2ST1,577276.4725,165053.7587,305112.0801,247040.8056,595537.2031,518630.0809
1400,HSD17B10,67788526.03424999,6029008.784401,11154107.722288001,14669487.479223,103779786.908719,67500420.847288
1401,HSD17B11,10433775.32183,1047878.12027,1609898.37558,1260382.0816799998,14588802.2674,10478444.82461
1402,HSD17B12,24286689.6919,1671627.50126,1566147.71893,2157721.2110900003,25155640.0488,23728763.9648
1403,HSD17B4,19557699.9532,2221076.55928,4223102.80263,3150724.2954700002,26317873.0466,19378043.762000002
1404,HSD17B7,1197631.096,125657.3212,181295.8224,182340.5298,1628829.654,1090607.682
1405,HSDL1,1940529.5524,176810.9435,251694.75188,258579.79667999997,3704064.3710000003,2000996.1581000001
1406,HSDL2,4423320.763,380740.72585,541149.8792,481699.02788,6696111.8397,4804426.8103
1407,HSP90AA1,1212250969.553368,352551561.52851,536402071.365143,411368292.530991,1452514995.737685,1477511955.336733
1408,HSP90AB1,935649409.833569,283839711.360736,408683285.916584,295047646.756427,1139152693.443879,1112191124.578139
1409,HSP90B1,385652709.1467,35067903.770238,45119442.075691,50868945.15189,387031087.82834,404279073.29461
1410,HSPA13,5247672.5385,5241316.7424,18735782.879100002,11284267.2044,6402715.654,6194413.2264
1411,HSPA14,2143448.1879000003,712486.7289999999,961402.8995,752279.3014,1712519.2464,2770406.2703
1412,HSPA1A,113933578.901495,30139552.476783,54457320.328975,35410804.662799,146266850.880768,137188634.25513
1413,HSPA2,610658371.2678,149206206.85187998,200793272.04997,165585697.55508,669753308.2737,735164262.6803
1414,HSPA4,146686868.936894,33196484.160607997,57179940.15089,45389794.522709996,131926312.433516,168083680.493038
1415,HSPA4L,11416179.78035,1930621.83082,2895932.7857999997,2567386.051,14426206.302269999,14184138.2535
1416,HSPA5,622528536.582701,51778420.469216004,88392228.39320199,64114508.308732,880233038.84007,651104840.18861
1417,HSPA6,212272303.35284,61721913.934085995,92724691.76296,61827865.45532,256862011.88473,256860461.42103
1418,HSPA8,676579840.537336,208966703.793899,273562748.429932,230447072.276122,725253708.500298,848862746.717079
1419,HSPA9,427936265.81518,17404367.32617,23360688.726236,23027467.519078,609612267.72188,455197815.78047997
1420,HSPB1,233753954.39613,34054885.950452,40118905.1182548,34866084.327963,265297812.92385,244318936.36976
1421,HSPBP1,1575073.4945,392347.18573599996,644275.79802,595946.95907,1211632.5006300001,2570970.5534200002
1422,HSPD1,778955748.399539,28084985.241299,38742563.8296304,40816771.09536,1115919697.263238,874098770.090584
1423,HSPE1,446737795.34756,6915260.426777,11164200.847406,15126687.569957,669583554.59438,464683097.66675
1424,HSPG2,241491043.688376,2341801672.040127,2976539266.758096,2466994927.189146,196403585.8789165,277712274.670696
1425,HSPH1,41543415.142689995,9768040.556535,12177465.567266,13472987.847919999,45663564.25271,51044736.25054
1426,HTATIP2,3786258.4502,1353181.22413,1693333.02666,2734120.70425,4870924.3687,4044682.4966
1427,HTATSF1,6743492.7254,2620987.92911,3559903.1884000003,2193064.3281,8400967.1764,8570983.8035
1428,HTRA1,3822067.0182000003,4121623.00194,7759718.0298,2489778.9406399997,5350518.45041,3204328.83427
1429,HTRA2,101533.2884,7141.238972,10938.41262,6780.102054,159236.1838,102076.0214
1430,HTT,547184.6004,582840.6155000001,1376754.325,1601778.8016000001,986289.5406,409606.2853
1431,HUS1,209292.9717,70534.29894,112257.2735,120198.2871,261137.1015,256784.8165
1432,HUWE1,42591140.11279,13464667.984928,18372902.377702,13854724.165025,55226856.15914,48505365.587749995
1433,HYI,92441.91748,35562.03983,93116.36163,105748.2793,144389.2949,101956.5225
1434,HYOU1,144230535.28173602,24012783.398649,35742605.681125,25016484.160934,185869912.100769,135833112.969124
1435,HYPK,3635255.5437,462742.07761,757121.9173000001,689755.6488000001,3983795.6209,4667784.6369
1436,IAH1,5413159.72874,734273.34867,1637946.963,1273321.2663,8061889.337,5565139.748
1437,IARS1,49744301.58075,19834177.01129,32072520.56303,17294048.12582,67971739.01334,56002456.51897
1438,IARS2,27303957.7603,1892558.4841,2775753.13675,2489801.09839,40655919.7925,29110870.7189
1439,IBA57,55015.5723,18213.23206,35030.10006,25887.03021,95474.19428,73718.44795
1440,ICAM1,38110595.54004,57239023.60154,79436490.70452,53841016.17129,69376175.34618,26751340.690927
1441,ICAM5,4216932.038,227663.1808,298701.2129,237198.5132,5624117.123,4045137.757
1442,IDE,25401005.2143,7377668.27616,9907214.31751,8242162.24367,30471839.599,30179230.7526
1443,IDH1,117380369.17555,15162971.840578001,25530147.68473,18739894.219944,135017768.54747,126520047.40314001
1444,IDH2,82877775.96000001,7076662.78347,8933879.34533,9038035.90599,92791430.0178,85780395.8023
1445,IDH3A,28144999.00123,2043759.089367,3084056.34254,3009740.82477,36987563.52573,28959211.998829998
1446,IDH3B,10775271.6303,833618.68693,1363949.63687,1073403.9369299999,17600421.431,10799999.9578
1447,IDH3G,1793653.9959,256413.57330000002,401811.9074,181321.1149,2633730.224,1611325.2725
1448,IDI1,4644475.7617999995,1247899.69063,1237092.79477,1050740.45539,2948563.56196,7136620.745259999
1449,IDS,82364.94845,50196.45531,119172.4531,99975.66076,92793.18108,91595.84971
1450,IER3IP1,2588202.152,361895.1897,788830.2225,301033.6185,3767629.664,1864507.799
1451,IFI30,385413.7315,305353.374,1052890.104,751856.8282,496581.7321,503628.9407
1452,IFI35,2838291.338,570095.7713,964823.2958,815922.2005,4084772.6849999996,2603685.636
1453,IFIT1,3528572.6579,1298928.68221,3831912.9651200003,1282322.85221,6018798.1725,3090096.70414
1454,IFIT2,362290.4581,75330.05558,179633.371,92373.12459,951354.0027,270085.7266
1455,IFIT3,17098863.7428,2444942.88852,5080112.791,2874995.8377599996,26065738.5815,19151611.9373
1456,IFITM3,2670450.26209,2404881.25668,3591896.7737699994,2045863.72209,3309137.5891899997,3121887.55162
1457,IFT25,214315.4989,76311.98229,124909.1552,114222.365,278577.8848,246594.8483
1458,IFT27,6511077.122599999,1002152.3149,1046422.3946,1236365.014,9446470.8607,7146735.8725
1459,IGBP1,3890054.84389,565095.44905,849502.45148,923974.70603,4511099.07306,4590199.81014
1460,IGF2BP1,26408544.985409997,4098175.14243,5465936.7416,5169062.3334,32786880.3597,26789402.71447
1461,IGF2BP2,19048069.24606,2210529.744501,4064790.929665,2645236.939134,27581387.2086,18675156.94524
1462,IGF2BP3,43178499.998500004,5736179.1655,8162394.46906,6907024.86262,50989560.5621,47355375.290300004
1463,IGF2R,71922953.63914,24507240.45833,51627236.60524,18227274.73792,104102018.65204,60855166.892
1464,IGFBP2,526672.8873,472310.4446,2360565.951,1825658.454,610407.9713,667088.7114
1465,IGFBP7,21229.303015999998,61777.684080000006,322955.73948,130269.29177,2608.5452895,13827.69443
1466,IGSF8,451327.06570000004,981041.6628,1099490.9037,868186.586,439349.68090000004,539381.2137
1467,IK,8969113.6276,1263489.70875,1851814.1425,1203504.37476,11133553.2019,10786512.565299999
1468,IKBIP,7192070.300999999,457048.99528000003,539732.9514,742763.34959,7913553.489,6820245.785
1469,IKBKG,144770.791,42722.38917,60358.91241,71643.80523,253208.1606,183007.8212
1470,IL18,5461361.6245,611422.4066,726194.814,672589.3757,9631182.636,4991665.6184
1471,IL6ST,1396590.6628,1519270.8781,1227189.0797000001,1195619.4514000001,1227050.5008999999,1407524.5399
1472,ILF2,34400502.981138,11351086.823118001,29543659.89021,8940715.888264,48908994.59445,42489943.88179
1473,ILF3,137249836.768,45451048.3837,102121078.5564,32491803.99999,176888226.1813,169956170.5771
1474,ILK,11621130.539,2907639.87274,3049830.2135,3617902.21937,13391361.331300002,11736059.3411
1475,ILKAP,1762424.1967,422428.5566,500553.9983,501485.6574,2764638.594,2280286.814
1476,IMMT,127257381.3294,6015353.834535,7960984.957947,9072300.244567,165849431.15471,135877486.92333
1477,IMPA1,19568671.7129,2302605.6804400003,5561477.058549999,4405600.90296,30277084.573,20124067.5011
1478,IMPDH1,1354745.959,1411845.292,1574697.371,1694410.113,1604408.642,1505371.072
1479,IMPDH2,51506762.8527,8893121.73503,9824933.29936,10640313.01673,60587823.3934,66272105.172
1480,IMUP,14600572.8391,906405.26656,1039633.45765,1482154.5756,14104673.9817,17545843.2299
1481,INF2,3532021.9575,696810.30187,923409.43672,852224.75448,3743964.4595,4467272.5293000005
1482,INHBB,126285.1168,235352.758,450954.2116,266721.6668,160946.1523,175373.0231
1483,INPP5A,708368.9164,1633667.466,908208.3087,2091767.144,533771.5499,1111360.167
1484,INSRR,1346993.934,488502.3291,663417.48,571494.24,667563.8392,692441.9947
1485,INTS2,347118.932,163167.8827,249514.9778,211658.9114,515605.596,438264.7566
1486,INTS3,1033500.1266000001,406130.9144,899786.89729,1090011.89705,1536551.5254000002,1149037.953
1487,INTS7,427891.8037,127658.2533,225260.6143,148451.9067,650752.8858,496982.8935
1488,IPO11,394109.17661,197776.998,271375.19542,214097.32613,373072.41160999995,545254.5141500001
1489,IPO13,32063.67004,13322.80017,25940.99016,23284.52918,41866.78792,43672.80622
1490,IPO4,7887234.713449,2192359.820735,2854337.286502,2552931.875004,10654171.526134,8632385.082121
1491,IPO5,44985674.2449,12107087.572531,19298976.82742,16559461.653444,52104130.397829995,52760128.76753
1492,IPO7,65248567.104382,23685038.744277,35482503.994575,25501053.133308,80998110.55547,76830718.61159
1493,IPO8,871103.3578,239283.8849,304245.4338,257388.3438,1367921.02,857803.0981
1494,IPO9,29444733.923789,8217207.571729001,13473617.105699,11142513.477766,33370574.340898,35460993.894385
1495,IQGAP1,367508229.65589,155032500.338543,197200998.708319,198024590.131131,414736340.437762,400964224.41989
1496,IREB2,9749309.95,2167872.1468,2326136.5296,1787984.1613,9454108.388,9491239.84
1497,IRF2BP2,544891.9102,132186.53853,122022.31872,89544.59092,980404.9611,800113.1133000001
1498,IRF2BPL,2357929.6956,581316.48934,789356.3282000001,746706.49958,3654785.7108,2906005.6210000003
1499,IRGQ,2933909.2476,831473.72447,1257566.1149,1029142.2757000001,4457755.4519,2806198.0682000006
1500,IRS4,60889.42272,507606.6218,1544106.078,1093810.398,18648.17097,65797.81217
1501,ISG15,13528391.866700001,3136737.4524999997,5290060.1559,3891508.7282,19771507.222999997,16469378.4543
1502,ISOC1,3192452.7059,737129.5761,1330885.3248,1097303.8591999998,3884479.185,3899527.5664
1503,ISOC2,439750.1481,117081.06093,188745.97652999999,146722.76018,651455.8979,498371.24549999996
1504,IST1,13208805.3862,20014095.1155,19615319.2757,18130510.5916,12171529.6755,16834044.4844
1505,ISYNA1,17506748.5111,3783087.8059,6893510.1431,6237182.19189,20638498.4021,21364695.9374
1506,ITGA2,19049425.28582,37144914.40202,33289007.93647,53729778.32945,25900428.17755,23181433.139399998
1507,ITGA3,62847242.43648,191800852.56068,167372652.37629,194522765.98065,73244275.25016,63626620.20218
1508,ITGA5,2672879.7733,3217758.2879,3516529.1318,3785971.7175000003,3732686.8002,2968666.6277
1509,ITGA6,7090986.5232,13746790.3102,12255020.0449,16180760.6246,8411479.8653,7116924.5169
1510,ITGAV,49594307.470520005,60305679.58987,57614105.16569,68436564.81887,58668712.954280004,50030658.90671
1511,ITGB1,115798641.685152,322925895.87118,258606675.356659,385631751.595042,109661838.970543,132632681.560205
1512,ITGB4,2129666.1529300003,2362078.1303999997,1869080.53514,2266570.8374,2065552.31035,1775451.90656
1513,ITGB5,5264120.530106,4328530.437716,4159826.5215620003,4670849.731747,6180120.3685,5663649.495477
1514,ITGB8,18593868.01,7969256.724,10359659.11,6888504.467,15572906.92,21120337.29
1515,ITIH1,250990.266,1614112.204,2936107.99,4169064.961,262028.3632,317076.3387
1516,ITIH2,12866179.74494,76441068.46525,152415370.12938,183815173.6304,9563940.26404,16413105.732689999
1517,ITIH3,1022211.1342,4993561.5932,9380726.054,17626718.17,1043481.9852,1296161.1964
1518,ITIH4,2245185.51,7048694.684,17395626.241,38435508.18,1460128.3179000001,2337578.9934
1519,ITM2B,452592.7829,794230.8154,1841438.6734,763020.9745,304409.8831,401655.4146
1520,ITM2C,145700.4657,90854.23567,130440.6734,97927.06821,153491.1283,185332.373
1521,ITPA,2581386.0274,691912.92947,1043326.2561000001,849979.3838,2154225.5127,4042297.0985000003
1522,ITPR2,5522804.8689,1558600.2751600002,1807855.82259,960269.80871,2816950.5442999997,5927521.5703
1523,ITPR3,3070846.0322000002,227972.74448,250268.73354,301269.50203,4144705.1072,3322179.3946
1524,ITPRID2,4195992.7205,382586.2946,523250.07771,388367.14317,4963215.3779,4415436.0185
1525,IVD,9655505.273,672854.1207300001,1080888.81381,998130.45595,13406813.451,9725569.575
1526,JAGN1,64289.48572,7070.250342,7886.90983,9380.525308,67476.89521,84873.87693
1527,JAM3,344611.8677,267434.4583,299193.5116,296153.4651,627809.9283,361232.1741
1528,JMJD6,406460.35290000006,167595.14384,223739.22685,226966.32085,663429.1746,435594.103
1529,JPT1,14466476.036,439599.548078,268189.919808,795532.14233,19026350.2786,17087687.0536
1530,JPT2,6999495.7949,965463.98431,979199.9513600001,1228136.80718,6100880.987600001,8619069.950199999
1531,JUP,14357300.9515,14757872.0432,10993082.1503,16970222.608,15493405.322900001,14903826.2256
1532,KANK2,1223488.3114,153155.46331000002,170175.5969,218515.54519,1441267.517,1393494.9674
1533,KARS1,23251650.32123,5771371.48816,9809486.48594,6715872.111875,27083252.868640002,28366506.63176
1534,KAT2A,5262494.131,18419548.087,16587714.832,20881602.351,5116149.536,6862284.938
1535,KCMF1,432759.9501,110286.70201000001,115708.75752000001,113827.67511000001,1235499.1088999999,397970.9912
1536,KCNMA1,84325.27228,50147.62407,60103.54242,68976.90849,108722.3315,89581.07596
1537,KCNN4,75607.2496,56776.79056,68389.1919,64424.27408,93218.38897,85813.18984
1538,KCTD14,88146.49114,33370.61108,43331.83037,18257.05154,187181.7162,84010.69153
1539,KDELR1,20007895.644,3744217.5424,5510278.199,3247305.9491999997,14071157.246,20813146.186
1540,KDM1A,2209218.4298,971612.9837399999,1202337.7412999999,868161.24055,2823003.8097,2529938.6596
1541,KGD4,594602.3407,81113.3829,74342.78105,66928.96146,1201785.359,578580.7742
1542,KHDRBS1,68635454.39079,9958943.7556,15722443.23204,9803378.83213,82786368.72346,82779024.74937999
1543,KHDRBS3,6310662.0929000005,1350715.4297,2016584.6005000002,1068849.5565,6623499.7345,7620246.1903
1544,KHSRP,14452405.0871,1563710.52555,2017928.43747,1853028.84156,17404014.7837,16256211.2199
1545,KIAA2013,145221.3576,54944.47574,91247.50986,120251.85521000001,221837.87215,160003.78689
1546,KIF1A,3405479.9422,891876.9061,1360943.8113,1572497.0013000001,3871974.0574000003,3947494.9359999998
1547,KIF23,3283044.7991000004,1786538.4763000002,1677363.8819,2869943.6625,2178659.2391,2878938.7984
1548,KIF2A,2321333.048,328092.3808,394614.801,407857.3018,2455369.355,2723699.966
1549,KIF3A,112275.1735,27968.66687,36939.61355,45070.82597,130297.088,147758.4542
1550,KIF3B,454775.4106,136631.3947,199620.9926,111529.7901,610781.2908,489408.0855
1551,KIF3C,521005.782,29810.31378,40637.48246,44505.84797,603041.9283,594987.1727
1552,KIF5B,30631044.1381,13762714.569910001,17713819.29271,13041356.07823,35985168.6091,38532900.7103
1553,KIF7,31702150.9285,4195793.1729999995,5400226.7239,2747294.2913,33024593.3949,27093705.498
1554,KIFAP3,557412.1908,154986.3443,229399.2877,123192.3716,850493.9577,617973.5913
1555,KIFBP,2844825.8034,950573.862,1252069.1352,1285647.8939,3009276.3431,3829283.3308
1556,KIRREL1,1285698.6631999998,1377119.9377600001,1836549.0997,1436240.7027,1820385.9156,2144563.04488
1557,KLC1,7009461.0477,3568418.4118,4411352.4606,3000819.4142,6253099.6219999995,9123564.4946
1558,KLC2,2685857.6584,854979.65229,1062515.70752,978893.5264,4361705.391,2968551.0767
1559,KLC4,1337754.6952,471770.65150000004,595133.7703,715191.5594,1802734.731,1522122.519
1560,KLHL1,2853773.8537,248932.33344999998,513711.2344,339604.38733,917000.1081,1593598.2206000001
1561,KNG1,626302.0798300001,990406.72668,3402944.66832,7360627.05263,632360.55416,921554.18138
1562,KNTC1,113812.3548,82627.04554,127575.5252,149983.2685,131752.932,170100.7003
1563,KPNA1,5252234.199,1592619.4065,1840868.2757,1432718.5948,5354025.92,7048206.686
1564,KPNA2,10281699.2122,3408292.32383,3668698.19396,4349977.65565,11725664.614599999,11467360.4679
1565,KPNA3,2083412.1984,589889.393,882805.0976,741466.071,2346634.5149,2690538.3577
1566,KPNA4,10530737.270399999,2874939.3936900003,5256119.58732,2995022.5847300002,13867316.6929,13234481.1844
1567,KPNA6,30936713.857199997,7214977.84733,10474017.51577,7342460.92043,32980615.1743,40976982.043
1568,KPNA7,511102.4035,197915.8428,304393.5911,339837.9046,452020.8371,520806.6167
1569,KPNB1,94337030.02289,27994510.913675,42073403.22791,35430025.476225,111006875.18207,121854386.81419
1570,KRAS,1573735.191928,1837374.694205,1464440.396903,2849152.837067,1884440.047838,1889569.679939
1571,KRIT1,165134.2959,122363.4413,115637.6782,153228.0316,300681.834,207997.6419
1572,KRR1,6015551.251800001,1689760.4505,2642855.1659,1366822.2977999998,7846394.0388,7984331.795100001
1573,KRT1,31935092.44546,32688161.7338,22878466.69106,44045504.65087,10620446.23764,32360194.50617
1574,KRT10,7703080.11262,15502482.8912,10185687.85496,14541085.05646,5256275.03965,11972886.26575
1575,KRT14,589326110.8415201,97033638.03253001,146602668.28434998,87899314.58236,557785950.9836,677420546.63781
1576,KRT15,100921407.846,8768961.7715,10205174.599,10737505.6236,121982703.889,97662261.906
1577,KRT18,2417657417.033083,281227604.691403,380767346.240894,231262025.311362,2760035560.214548,2342541940.91865
1578,KRT19,1076752914.26589,111603343.810428,181509560.083897,107941943.605324,1150751054.22938,1136011179.9123101
1579,KRT2,174831916.87569,55146385.856000006,60386979.360300004,48024849.8812,72096115.59143,240232963.155
1580,KRT28,754502.4795,2004649.309,931951.8887,1321164.921,737008.0963,1615145.402
1581,KRT6A,5629503.6797,761306.43525,1344928.9912,729118.8868,1394836.5765,2971870.6829
1582,KRT6B,365080204.5989,48580162.70811,71918182.17502,48744898.30874,301035284.3718,435211691.7567
1583,KRT74,426097668.8067,62116240.52106,105888070.86653,75054262.66301,313807641.6817,458225792.5389
1584,KRT75,190101184.5374,10469404.79756,9947664.25015,11499428.11405,264881351.595,169493398.3484
1585,KRT8,4185241738.654912,342494661.34386003,482375870.8528851,320037987.872609,4082648961.127354,4368289795.405132
1586,KRT84,4681467.8506000005,371923.86692,717559.0553400001,880076.37425,1409935.51211,1696604.51198
1587,KRT9,19437790.37137,13426138.106527,11146629.31224,25057481.28739,5747998.15579,16515939.77592
1588,KTN1,125240682.3505,66770623.99978,78919787.619017,51324392.2126,129378781.01695,139802102.26844
1589,KYAT3,4895346.3077,792271.7954,1341242.1431999998,1224298.8711,6513428.877800001,5912994.029
1590,L1CAM,84541879.009385,107674835.506452,284507169.02925,145202233.18722,93226501.863828,79541120.924331
1591,L3HYPDH,3402165.2835999997,830979.04679,1282538.5104,1113630.35748,5615028.1424,3949135.8692
1592,LACTB,2655698.2425,255684.8722,507559.7562,345558.0198,5630304.898,1895918.1681000001
1593,LACTB2,3778729.0615000003,440183.077754,797358.65802,775937.50772,4299506.6433,4617791.3999
1594,LAMA4,3700312.9994960004,10731043.90636,14096414.05266,9746539.49337,4128298.1790099996,4184135.0522400006
1595,LAMA5,216510483.086022,1068841044.422044,1261434816.3236861,924383812.669007,227437172.479462,249240156.155369
1596,LAMB1,99722825.474873,934310626.863685,1010752104.59874,795587170.844945,73542364.220037,106697268.817936
1597,LAMB2,3965545.77676,9769718.46484,16178689.567030001,19094584.34344,5920977.79564,4944527.83116
1598,LAMC1,59859512.324533,571971977.600178,631706393.354579,509891243.867778,55270527.4857195,65147125.547357
1599,LAMP1,42608354.092760004,12232141.411279999,13962601.768032,10405018.672748,59380824.474089995,33756320.24582
1600,LAMP2,37665300.437580004,7420025.305878,9368901.472145,6090608.309556,50337606.74883,28381160.299726
1601,LAMTOR1,361508.21116,92020.32077,125516.16163999999,132254.51575,500860.0527,309193.93311
1602,LAMTOR2,168155.5988,51211.87852,65208.96257,61247.78246,274494.4843,195626.8877
1603,LAMTOR3,3771478.159,857717.25864,1438609.53534,1073384.64132,5916344.719900001,3560776.1002
1604,LAMTOR5,900250.8794,155497.2561,180658.7925,238519.9943,1632670.654,1069122.555
1605,LANCL1,1038218.7789,343427.160528,572004.8511399999,356018.09853,1363967.50833,1220406.18722
1606,LANCL2,1014040.9869,493164.70050000004,921827.4397,981559.9421,1143808.9769000001,1487411.649
1607,LAP3,15172958.558,3195138.4972099997,3648110.49131,3393027.06084,16848126.9094,16272774.3766
1608,LARP1,6666394.55602,667725.4983699999,1064021.04459,726077.5526,8963403.08001,7097221.97399
1609,LARP4,619300.8886,83100.05716,127382.29879999999,120309.26565,1122610.2092,639962.7264
1610,LARP7,2927686.724,299264.05288,533739.6832,307738.41657,3695169.3449999997,3518040.083
1611,LARS1,38411416.467140004,13005850.71882,18895850.17555,13110655.83499,46657640.97183,44717407.61375
1612,LAS1L,836878.31066,192509.310207,354389.62095,389330.933313,1701643.5224,799879.79334
1613,LASP1,34055409.54876,2341634.807725,2158542.084506,3502466.302504,28277291.73196,35835973.58009
1614,LBR,3684673.4091,264371.6533,399285.22867,479531.5356,4787804.9244,3996877.8013
1615,LCA5L,3761170.9570000004,641059.8533999999,2360584.0471,651551.3071,16361617.121,1443434.8228
1616,LCK,15240534.6748,5344284.64767,5406336.050299999,6660983.8547,21900050.5809,16234806.1754
1617,LDHA,960503176.952,151531312.96132,325495221.25456,299961424.0209,902743579.59915,1163322490.03626
1618,LDHB,345393559.51309,57897886.868083,113443602.72309,119497201.856192,344765673.00163,461227990.1044
1619,LDLR,8448919.3541,10389204.66375,15200330.585,10885526.7277,7815322.3281,8325148.0514
1620,LEMD2,2548057.37884,367039.39914,478857.42594700004,417249.969539,4161304.33435,2373281.84359
1621,LEMD3,780761.9223,93515.67287,156890.8078,169143.6604,988418.771,785599.2274
1622,LEO1,251036.7588,91116.7741,135486.0967,95970.61016,363067.3179,285140.6741
1623,LETM1,12481655.064000001,692207.732947,1098054.6549799999,1015593.78413,15811779.1435,15164258.9514
1624,LFNG,355902.7885,158018.9169,341681.0203,306024.3608,366579.8049,379517.9157
1625,LGALS1,632299571.67225,83221102.353683,90407623.27535,113475977.26228,631297167.51796,713799274.48352
1626,LGALS3,40766508.96898,11133236.37053,22755632.54,12174771.50974,51603709.7277,41065771.68462
1627,LGALS3BP,58048959.317595,963086770.618085,1354532522.37503,640593639.24541,37038628.7152619,66300218.677023
1628,LGALS8,3307558.1376,1770646.67,2248332.7099,1665621.4856999998,3597136.3334999997,3615314.6744
1629,LGMN,3088174.21118,2670756.70502,9100896.831039999,7689467.27407,2612557.5176,3748020.16808
1630,LIG3,2267402.52,759178.3817,1100750.90399,647094.3422300001,2885482.0247,2564343.6382999998
1631,LIG4,427929.21121000004,137572.69239,223728.06456,106991.38673,436799.88791,508987.12860999996
1632,LIMA1,15121777.752799999,1977210.1973,1578800.0465,2960431.5206,20482663.059299998,13360780.5007
1633,LIMS1,6388221.765000001,1898997.1974,2137637.1832,2368954.0619,8394966.129,7302576.4399999995
1634,LIN7C,3502640.6055,1714876.2356,1663091.2895999998,2733871.3267,4069412.9267,4219822.7932
1635,LINC02872,802448.2982,191065.60575,382029.33640000003,172177.74059,389983.314,534061.7333
1636,LIPA,5840608.58959,8721509.96839,20485588.10213,7217212.83296,5120974.50812,5146799.95178
1637,LIPG,3006130.2271600002,16665072.288259998,30057032.81622,17970059.67041,2409907.48266,3241645.62148
1638,LITAF,1143416.37,2472190.859,2262708.352,1970762.928,1103894.123,801833.5421
1639,LMAN1,13513336.337900002,2095570.50395,2408449.64218,2959601.35744,19494672.574199997,13235522.5068
1640,LMAN2,12548918.6345,1816419.74811,3757222.8016,2267861.4401000002,12586019.7545,12123111.752
1641,LMCD1,905055.94932,164367.832265,193267.714194,222497.437324,1185840.6395999999,982354.552936
1642,LMF2,231997.772,54345.46086,94370.07303,71352.59484,387109.8914,231900.5055
1643,LMNA,723764893.203632,101118697.44878499,215544493.637142,115753912.08234,949034155.98293,804783474.903313
1644,LMNB1,152109428.16932002,19884672.929724,31668996.535497,27275530.454456,202113894.72683,171009719.51466998
1645,LMNB2,46328586.32771,5661176.5649,9347196.649073,8062284.157067,69303159.93898,49973095.77218
1646,LNPEP,11063742.336409999,3964796.91561,7565060.78559,4162816.29043,14756080.42912,11481347.41334
1647,LNPK,913194.8686,205532.1,256056.5205,215034.012,775090.008,994814.1844
1648,LONP1,5183193.987600001,441124.81620999996,972275.99361,664023.0509200001,10614623.8678,4766096.080399999
1649,LOXL2,38422822.17465,629073278.17183,606238706.96915,457032916.84152,31659000.37157,47570672.547726005
1650,LOXL4,5218813.77014,28160419.7243,29351461.6281,22540384.915799998,6399973.314,5499893.2575
1651,LPCAT1,973436.91282,115014.905,135293.6106677,193441.2867,1375840.12658,923629.4263200001
1652,LPCAT2,8285691.0588,888332.70595,1404356.40269,1316407.4532,11136329.5584,8868272.1587
1653,LPP,3611714.9340000004,793326.26575,1088934.11926,909597.76726,4259862.5684,3561414.2464
1654,LRBA,866003.1495,347160.4577,522026.9654,275630.5456,1207827.096,778291.6373
1655,LRPAP1,727516.324,248240.55016,769192.343,1626159.5237,1079132.7072,832876.8061
1656,LRPPRC,261668078.637812,12290246.692114,18935160.900836,22057520.561703,370536344.414817,312907928.97538203
1657,LRRC1,241628.5095,161958.1618,130895.7961,243401.8423,308294.046,242259.9363
1658,LRRC20,3148721.5927,446738.38606000005,676680.5307,634930.4573,4620376.0028,3168816.323
1659,LRRC40,2975563.50218,662461.45496,792485.33681,783857.1796200001,4247960.81878,3401606.4477600004
1660,LRRC47,11470957.76627,2669417.586968,3507600.403373,3289004.612936,16554444.820559999,13504626.77611
1661,LRRC57,1144094.0928,884750.3284,857829.3267999999,1292383.225,1467090.0396,1259007.6095
1662,LRRC59,71147436.1892,4532041.422809,7311894.993511,7108332.321875,76858496.78684,78757792.20601
1663,LRRC8C,95092.93962,43786.4734,68011.32999,69684.70114,144306.0912,121462.2448
1664,LRRFIP1,13953661.1849,2497325.97122,2761115.1043,2996008.6619,16594764.806400001,16735213.371399999
1665,LSG1,1270040.5085599998,154989.342267,255154.03066999998,266870.14457,1593293.10113,1407340.31262
1666,LSM1,177359.49719,65144.84097999999,82113.43496,80991.55561,271516.5817,217564.3926
1667,LSM12,5669649.838,1427910.476,1437087.902,2143444.097,5738440.658,8216178.42
1668,LSM14A,20642768.4129,2029484.3920070003,1828568.453979,3370728.594009,30859490.2661,21024623.448599998
1669,LSM2,4266577.637800001,490169.24165,1122142.64735,825809.709,5273553.3245,5254862.1678
1670,LSM3,4026200.4796,804286.8429,1699929.3583999998,986345.4434,6301057.7809999995,3911127.3637
1671,LSM4,5486777.2132,895822.9591000001,1660541.0547,1081485.9994,5483601.036499999,6830501.250600001
1672,LSM5,138833.7044,37670.40832,76756.98731,50718.15238,227746.061,158563.7764
1673,LSM6,3588060.4009999996,454269.84530000004,1171129.4191,636704.9118,3891844.7470000004,4346836.244
1674,LSM7,13551594.836,1780771.6667,3852921.0142,3016533.5684,16174590.640999999,15613549.609
1675,LSM8,3833922.016,436783.994,1195231.425,794007.8077,5607139.781,4163881.908
1676,LSS,6625437.79258,1266090.255941,1413507.25643,1233373.986073,7146429.6241500005,7067332.4161
1677,LTA4H,57195554.177880004,7558053.92222,18327696.31832,17384065.8079,62818738.99789,73362176.3123
1678,LTBP1,1396974.2733,6920537.783,14965900.072999999,5868231.902,1140756.1139999998,1294018.4841999998
1679,LTBP2,14169042.77196,42076709.24874,89817489.39083,36631640.74411,13812675.415855,16041220.9699
1680,LTBP3,2074687.5079,6625594.1966,12009891.194899999,6222549.2006,2699566.4416,2305338.7977299998
1681,LTF,3950455.36863,17811166.34853,72589550.01215,147632502.5691,2029584.0110479998,5173285.65628
1682,LTV1,1052355.897,147058.1288,150457.4108,152177.2817,1780904.904,1052017.171
1683,LUC7L,11320008.389899999,1149029.68812,2210672.0080899997,1308447.3784400001,12029994.0172,14138329.965499999
1684,LUC7L2,10142469.992109999,1008146.021295,1826186.2990199998,1162541.196479,12450974.81983,11497633.34612
1685,LUC7L3,8802746.0629,1847989.781,2490355.34658,2037464.7843199999,7540103.8811,11116911.3458
1686,LXN,43790899.224009,5652793.518914,12323681.151421,10228605.709867,43484923.02822,49716999.621664
1687,LYAR,4934536.59856,1230270.07063,2620036.41853,1413686.72122,5741528.66806,6180434.91499
1688,LYN,435538.77548999997,628111.1233000001,524784.9909,780173.2693,517146.42617,613313.4174
1689,LYPLA1,9852270.019199999,2940557.8917900003,3049478.3382099997,3109245.56101,12714452.9602,10634291.478600001
1690,LYPLA2,4683360.3718,1287345.7443000001,1253920.9844300002,1231814.81667,6759942.4938,5294597.2154
1691,LYPLAL1,6148809.083500001,920379.6372,1391621.0118,1255693.0479000001,9645211.19,7001011.6655
1692,LZIC,5036132.341399999,908011.23127,1507936.85787,1288246.6099800002,5727343.8423,5695721.4533
1693,LZTS1,444461.6376,118797.7708,171421.0062,115993.3975,207391.965,301159.6087
1694,LZTS2,5830832.183,8070896.299000001,5473208.275,9481756.702,6446419.429,6197834.244999999
1695,M6PR,9035287.1423,2988091.9941,3437389.1356,2732421.46834,11422152.5178,9430454.3413
1696,MACF1,39183393.575,9992028.200679999,13572705.08684,11800505.23205,46195434.8311,44788208.1554
1697,MACROH2A1,28397522.81245,11754319.66246,24408776.31724,5895301.56533,35434463.678899996,31845273.959569998
1698,MACROH2A2,1280197.652,876953.3895,1543450.254,349549.4141,793772.3537,1969731.396
1699,MAEA,351009.5852,80126.55028,112756.1325,66006.25061,601884.459,364183.8637
1700,MAGED2,7899974.3782,1226318.67991,1479814.93851,1774323.72402,8880958.092699999,10320743.3997
1701,MAGOHB,7612962.3482,1361049.7693,2747663.8204,2184353.5527,7833249.7256000005,10391493.603
1702,MAGT1,2848515.835,301945.4452,358256.0789,407331.5169,3000999.532,3360235.204
1703,MAIP1,2259329.77,67729.34881,52018.15369,106648.4522,3431404.414,2975878.74
1704,MALT1,70073.06064,18594.89717,34597.86227,25889.2119,81858.99439,73944.45073
1705,MAN1B1,173387.2819,61052.1186,98065.95727,91154.29202,198017.7983,242650.3815
1706,MAN2A1,1617484.086,834717.6874,1651287.8964,1034342.4611,1637574.4699,1773805.1483
1707,MAN2B1,478113.0463,275226.6297,522892.1145,282460.2618,718080.5536,549315.0779
1708,MAN2B2,172034.51,198726.398,517094.9549,312308.6938,201712.585,231376.2004
1709,MANBA,2917717.36422,1808960.3643,2838407.5895999996,1699608.445,4397210.9085,2892523.2872999995
1710,MANF,3362070.5797,278314.27953,435366.24293999997,491830.08509,2788688.4665,4152218.7443999997
1711,MAP1B,10590240.97013,2289585.114975,3849394.029683,2004123.40727,10433899.54783,11090734.93103
1712,MAP1S,49608.26085,19275.74086,32265.31011,28981.89268,75771.43793,60783.68098
1713,MAP2,8226046.602999999,610923.12684,863164.76359,1085306.04841,9600072.79,9663553.91
1714,MAP2K1,7347020.062,2030106.4508999998,2447266.8244000003,2275034.0865,7237934.065,8587150.55
1715,MAP2K2,13823431.0594,2969031.35499,3122663.3206,3402743.7338,17957742.7709,16915250.6877
1716,MAP3K20,1764378.12,294543.39202,594494.2221,413577.03825,1965785.6846,2083294.0979
1717,MAP4,127967900.82672,9931555.948417,12311386.55254,11546235.504661,127870310.21149999,149020864.14078
1718,MAP4K4,2165709.2756,2248138.3861,2163571.8162000002,3126928.244,2263133.6383,2537317.5291999998
1719,MAP7D1,4305407.599099999,854046.64492,998294.0806499999,848212.8421400001,4029031.3741,4723114.4843
1720,MAPK1,28381886.0545,6359136.541999999,9108027.9539,8355336.34244,29029636.967100002,31751722.1569
1721,MAPK14,1085115.7257,268280.7439,345299.7632,368937.4886,1381006.7906,1320657.3471
1722,MAPK3,2198452.8253,540782.3775,756724.4956,633469.1412,3791723.5590000004,2348853.435
1723,MAPKAPK2,1390054.1294,408663.96409,486059.0182,439765.0595,2131928.4011,1876534.7543
1724,MAPRE1,66027853.615,7015070.2820999995,7894749.987600001,8248553.1799,58055736.5759,85763131.986
1725,MAPRE2,1518180.6280999999,117379.94152,91087.92469,118981.04755,2046048.6888000001,2057764.3392
1726,MARCKS,13648853.3226,9413653.3086,8955268.8149,16059304.6774,11415964.6513,13158701.1951
1727,MARCKSL1,46602839.453,24412040.507799998,17352478.831,41487823.7103,45933984.127000004,76471782.427
1728,MARK2,623934.5438,350447.1687,306888.7062,468434.9244,834695.0842,810917.8395
1729,MARS1,58441705.99278,18525372.34393,24130689.038842,16516591.496527,73900675.83089,64835802.36616
1730,MAT1A,6988623.585000001,1067715.95916,2064283.4376400001,1603765.2393,8323225.6372,8177967.7625
1731,MAT2A,36789904.535000004,7244922.81026,12772946.8577,10480761.0169,46590116.8866,46221555.76439
1732,MAT2B,4192004.2029999997,798340.22416,1755176.67179,1176951.4046,6991814.1435,5335281.8989
1733,MATR3,61529669.50598,7664079.348715,10694657.894441001,8087714.742093,79912731.49026,70652621.51437
1734,MAVS,3595463.028,401317.26676,556801.03237,486601.7903,5975563.950999999,3730683.7068
1735,MB,2135471.376,223260.0986,311523.7504,285607.8671,2232865.894,2895539.948
1736,MBD2,838297.5571,240304.2334,358525.3551,328039.6188,934238.734,909372.2583
1737,MBNL1,8183968.541859999,807576.512705,870649.0102311,854212.144496,10678453.20893,9124475.4979
1738,MBOAT7,14444184.2342,1126669.84113,1179994.6965100002,1273609.06029,15016594.538399998,15070328.5723
1739,MCAM,1703482.8147999998,1062649.82258,2969653.469,2078964.6195,2908617.5673,1730773.6322
1740,MCCC1,2099992.355,97550.58495,146656.1766,157511.2656,3194171.526,2255571.996
1741,MCCC2,4935960.5483,837183.3681,1499785.82782,1107830.34198,8442380.8288,4588076.286900001
1742,MCFD2,8460.213489,4898.299545,6225.288735,6458.267552,11379.98641,12410.92595
1743,MCM2,17135297.7234,6765018.42776,7164364.59747,6716771.03193,20829485.378,19682238.7046
1744,MCM3,27510828.2291,6679043.7124499995,8153613.06891,5957530.36197,37761168.8388,29619594.1759
1745,MCM3AP,29648.14116,6142.285501,15589.64346,3517.504909,45240.53397,29447.10432
1746,MCM4,13770321.304100001,3385737.6868,3380045.7011,3366244.4992,17096229.246,15018042.1462
1747,MCM5,24262182.148819998,8180644.96101,9116954.82028,7272065.56427,26501664.15119,27601644.42931
1748,MCM6,16253539.836,5312404.4511400005,6593367.7232,5739128.24547,20637014.6637,18142754.2831
1749,MCM7,11112151.885,3818498.86217,4003896.90761,3897352.49146,14947766.4908,11938033.1969
1750,MCMBP,58114.06333,30066.24839,42096.87312,35378.57382,91050.59904,74209.23146
1751,MCRIP1,1716711.3914,206238.75261,287922.07714999997,247402.92706000002,1912970.334,2368653.805
1752,MCTS1,11276702.54386,2062044.46477,2710343.4566099998,2645287.00603,12470310.273839999,13583575.22264
1753,MCU,492412.4514,109165.3339,163521.3096,185087.0572,791488.561,492835.0581
1754,MDC1,218680.27181,70176.41735,107049.94198,106488.32188999999,279149.5956,302358.6087
1755,MDH1,184595413.723862,26046233.722242,57026495.67865,47562778.656663,198905354.308489,205567829.209027
1756,MDH2,457346973.39311004,14639883.153765,28857434.67289,27525779.950388,554342818.42566,541573421.4261
1757,MDK,8990487.208110001,53466189.89561,306288139.83439,99818443.68624,4943073.9835262,10506682.895306
1758,ME1,14542524.718,3368543.784641,5880649.20889,4844416.880354,15269645.63543,14943008.28477
1759,ME2,5327859.1299,745026.9744800001,990945.33474,917053.8894,7400729.7789,5347136.7952000005
1760,MEAK7,194135.93794,94086.35740000001,99364.47853,119183.18312,234629.28574000002,223967.94358999998
1761,MECP2,1492976.591,56915.23922,70133.52106,54769.3813,2186317.694,1312272.496
1762,MECR,2238823.091,350776.713,1040329.241,741826.8714,3767678.871,2017395.216
1763,MED18,2218373.6697,725977.09151,992038.1034,626521.1972,3227668.9666999998,3136867.6717
1764,MED23,96830.10484,36065.64332,63724.24049,46046.01924,109474.9773,104573.1126
1765,MED29,2637884.3106299997,644462.14599,623264.46639,654576.59557,3817204.5101,3201343.51332
1766,MED4,314389.5892,124061.7202,168172.3005,131178.4859,378304.2179,392476.9984
1767,MEIOC,571392.1392,272618.056,369306.8156,145607.7769,380920.2375,520281.3
1768,MEMO1,615375.71858,290297.095982,338433.27003,358974.29005199997,640965.33497,698470.41477
1769,MEPCE,543264.9114000001,77816.64193,160709.63282,91582.85548999999,1071272.4734,475167.7502
1770,MERTK,1729779.577,186412.5008,442670.4112,294881.7222,1483553.987,2330428.747
1771,MESD,16367656.181400001,867652.15869,1467906.96468,1332497.41967,21116989.818099998,16452682.825199999
1772,MET,1009272.043,256999.3614,693065.9316,397580.0968,1089682.657,1168223.631
1773,METAP1,1395979.182,193744.3716,280051.6214,415803.5733,1995175.866,1606460.776
1774,METAP2,14545936.72706,3408252.87076,6324182.37763,3487135.5319600003,16850178.1198,16684475.44046
1775,METTL25B,15683419.388,1044399.3703000001,615550.27837,1332100.0822,23081583.297,16760074.793000001
1776,MFAP1,2987316.14,449787.67590000003,526861.814,558417.7386,4120798.642,4164659.933
1777,MFF,1531404.2013,63014.718579,59663.055518,76637.04862,2996153.0300000003,1203627.5356
1778,MFGE8,58068725.241109,238909528.90055,149379038.223528,333427627.01387,53071066.877695,59925444.254219
1779,MGA,445658.9571,897753.4227,2348176.65,694584.6678,376192.2693,459790.5514
1780,MGAT2,728279.7601,236546.9929,534472.3162,381817.2421,854474.8495,885113.3899
1781,MGAT4B,692024.2831,410527.1585,855963.3947,527552.4308,1031541.259,842515.3737
1782,MGMT,1039196.5519999999,176130.80891000002,229948.82173,230519.17703,1439550.159,1257471.7267
1783,MGST3,11929044.601458,107107.5968,90999.18877,261926.7593,11823875.837458,12093323.8761
1784,MIA2,553134.30201,58722.638332999995,126492.517226,112915.829673,717701.122,540019.6685200001
1785,MIA3,2380474.657,259320.74277,407666.49046,303424.70208,3536885.9497,2310303.463
1786,MICAL1,1901676.8693,310521.85473,446906.63619000005,561888.04816,2398888.97308,1774819.0569
1787,MICAL2,1005469.2213000001,91166.66206,82453.63268,81464.24658,1041240.7279999999,878258.1508
1788,MICALL1,2213137.12251,1445418.0172879999,1673408.600091,1270408.563193,1394927.5372799998,2920063.342819
1789,MICB,2413398.7988,946738.4952,1748899.3128,973317.3740000001,3776303.9339,2175683.2848
1790,MICOS10,10480285.14,675005.2048,510978.0019,1323633.248,9134936.92,11605628.64
1791,MICOS13,13879490.82,598396.5644,761285.4274,768789.8555,18019704.55,15029500.96
1792,MID2,66338.8368,41557.56988,37837.051439999996,37071.79894,122835.23481,74529.13588
1793,MIDEAS,624658.3910000001,3200410.4045,9736529.862,6264776.3100000005,805304.7219,664859.2809
1794,MIEF1,936146.1884,352600.4856,469552.9996,314739.3282,4376654.451,623734.5815
1795,MIEN1,7608833.297,1052410.848,1596335.9526,1365175.3277,11915258.675,8715157.497
1796,MIF,140228296.71134,16019135.582692,28656912.234263998,29064084.325396,217332109.775602,132124928.21872601
1797,MINPP1,3676007.06479,2483074.06853,9451942.87808,7599857.97401,4428922.93787,5113737.77368
1798,MITD1,155416.8482,542553.4008,731100.8572,444791.9543,245932.6283,192443.8816
1799,MIX23,2373830.342,140337.5157,268487.9215,343393.2781,2629608.75,2994044.153
1800,MLEC,7652210.770200001,816282.35504,1361791.4518900001,1373401.62947,9020750.841200002,8227726.2338
1801,MMAB,1448687.9413,185582.28475,345330.276,296097.04929999996,2363734.3441,1557040.7029
1802,MMP14,584296.1242,403275.5713,625978.1497,476775.0718,963078.6549,493450.1942
1803,MMP2,6100745.65823,22616541.5444,67734161.9809,32781787.40859,4857925.05101,7112184.61045
1804,MMS19,3542463.5803,1325435.3968800001,1672219.29394,1390711.65215,5712397.3803,4076500.823
1805,MMTAG2,108704.2297,7607.952129,14581.87691,10174.63033,170577.408,77588.21909
1806,MOB1B,7138260.1392,2246941.3071,2323274.645,2961114.7335,7585228.905300001,9556538.4548
1807,MOCS3,841697.869,294313.1384,226860.2624,339585.1937,567901.8489,1419754.622
1808,MOGS,10401619.643,1227886.91377,1580629.2281,1700126.79402,17542639.2273,9570267.7261
1809,MORF4L1,452067.3662,100386.2955,170502.5374,122337.6843,608774.1602,532105.234
1810,MOV10,3958499.6514600003,1047335.69469,2154200.9857799998,1163429.5997000001,6379128.484,4938962.7681
1811,MPC2,292796.3173,11715.38394,18683.51552,18729.86584,446458.221,260220.9224
1812,MPDU1,897458.842,60467.79668,57063.05507,84267.80564,957133.6101,1067632.817
1813,MPHOSPH10,45140.98889,7541.714851,13834.6409,13028.78069,76596.66609,40117.50387
1814,MPHOSPH8,98797.8286,40987.79879,47085.33308,55536.1373,139101.7683,133870.0646
1815,MPI,1505969.491,256571.569,269551.246,214700.825,1659550.582,1639434.817
1816,MPP1,295420.665,194735.6507,170308.4446,343786.1257,318498.9093,384794.7353
1817,MPST,2161404.8324,328950.9354,320780.3824,317740.0541,3616556.9390000002,2147855.9243
1818,MPV17,3526440.65,71125.41993,90285.45508,1241683.422,4450156.996,3549919.415
1819,MPZL1,1500339.8113,3529013.242,2372328.2243,3829741.255,988382.1414,1825159.3516000002
1820,MRC2,1847122.477246,2750153.3656719998,6560993.28812,2857917.53894,2019354.3733950001,2746626.7604900002
1821,MRE11,11915771.4798,3427266.35928,4574115.760910001,3304139.15838,14513991.554,14207055.961
1822,MROH2B,5500871.559599999,136083.93734,935194.7541,109782.63227999999,39810559.069000006,350013.06157
1823,MRPL10,152290.5103,31972.04627,53294.60477,56845.04416,251771.0639,170910.2843
1824,MRPL11,1397560.1419000002,157789.60776,289051.0205,295098.8264,1595922.0518,1648050.3746
1825,MRPL12,15414000.22603,634285.1840890001,964091.7325299999,1063697.0429,16676152.999662,17292478.04788
1826,MRPL13,1464643.218,103988.5109,119529.9639,145256.5373,1587632.542,1980651.962
1827,MRPL14,335828.0228,61848.99951,113448.6042,116851.5326,540641.2795,352864.2794
1828,MRPL15,2629093.0729799997,394145.91051,549274.42062,557051.25417,4448808.9207,2822060.3785699997
1829,MRPL16,4930518.9982,483672.71591,683683.0942599999,632910.14194,7295057.0766,5434249.2870000005
1830,MRPL17,4285613.3592,452174.18740000005,676605.9571199999,673879.0798599999,6617465.3021,4365884.110370001
1831,MRPL19,4161269.6328,380588.03291,582833.72335,525020.33852,6192357.709,4820246.286
1832,MRPL20,1791185.669,113748.299,89989.12467,81388.75697,2947408.507,1490643.383
1833,MRPL21,841686.7594999999,180815.91744,226648.53379000002,186204.79976999998,1364355.1972,914919.9764
1834,MRPL22,2797654.1444,296352.35336,427807.67567,434730.80542,5267645.0253,2926081.6831
1835,MRPL23,171876.5964,35647.62248,52960.95967,66101.06384,296506.7812,187031.0502
1836,MRPL24,2363829.0663,244828.07580000002,266574.3615,289914.73840000003,4147326.5371,2496241.5082
1837,MRPL27,6031620.52,394784.3845,506366.1005,524144.4747,8835378.594,6218365.01
1838,MRPL28,1847445.73459,158327.274876,264218.267757,223454.35363199998,1890485.70562,1976874.15086
1839,MRPL3,8544336.5197,469132.79926,622656.19992,572017.37956,14034305.0324,9677949.855500001
1840,MRPL37,756551.8936,85936.47805,142348.1322,113824.325,1097361.288,878521.6813
1841,MRPL38,6727078.3996,561657.27274,721029.155765,820761.29255,10958946.8622,6558795.3251
1842,MRPL39,2058061.7111,218176.28577000002,354003.20378,292646.65283,2481299.2437,2455768.287
1843,MRPL4,885518.8888,727881.9703,1057118.993,857851.9836,1336357.972,1092828.183
1844,MRPL40,2551191.3924000002,99771.58981,114555.87483,171335.93501999998,3164861.4396,3124706.3832
1845,MRPL41,4562292.4511,329349.93412,433374.89243999997,588264.9147999999,7463580.0607,4500944.6381
1846,MRPL43,2753446.1729,499028.33105000004,741716.01826,881783.97128,4490963.6139,2969857.9504
1847,MRPL44,1281160.2716,188279.09769,282024.5856,256400.2012,1782729.6579,1535932.4062
1848,MRPL45,3561920.7155999998,440254.87002,897022.3429,1022392.1278,5365818.075999999,3524616.2615
1849,MRPL46,932733.3894,184524.4917,310486.6421,222974.7567,1042160.585,1291372.899
1850,MRPL47,4157689.1329,298214.97241,380548.59345,518750.52895,5316880.6522,4186169.2851
1851,MRPL48,376502.8749,79452.61706,92774.76223,111484.9454,783739.0362,420255.8259
1852,MRPL49,2031950.018,76195.2881,101651.8972,121212.9826,2813858.562,2151833.415
1853,MRPL50,595303.47809,121967.25249,161270.40993,187246.65349,978786.6177000001,638150.33101
1854,MRPL53,697395.0644,51264.31776,71469.77217,67303.55913,742816.9763,807842.7527
1855,MRPL55,508855.7974,50853.41614,77353.4502,44758.504,850269.1245,558801.3242
1856,MRPL9,5871470.6225,824202.5656399999,1284681.9882,964494.9014,7222702.418,5961989.4167
1857,MRPS12,1982115.085,169255.3775,121985.3061,195903.6368,1849557.245,2416627.821
1858,MRPS15,2191866.588,297788.9974,351288.8299,269427.8268,1817098.336,3004909.487
1859,MRPS16,2323798.5413,137340.9826,184732.51395,211387.35179000002,4167101.8151000002,2467850.8973
1860,MRPS17,253473.1362,29824.1516,39798.66915,48467.53408,408328.078,321209.7313
1861,MRPS18A,862319.0738,257203.8206,375731.5056,298338.6014,1213764.266,1239908.519
1862,MRPS18B,3273280.1773,231624.92352,329881.56697,270411.19654,4786694.476,3633090.8998000002
1863,MRPS2,1400076.019,242466.295,264399.364,321308.5012,2603709.542,1483437.351
1864,MRPS22,4559497.789,148828.33386,220874.4609,220915.8849,4920846.995,5325546.949
1865,MRPS23,1374432.6481,139689.58559,266356.9986,300020.799,2351118.7988,1348218.8906
1866,MRPS24,1523552.328,146261.7035,288456.8121,300002.9651,2711948.297,1519508.719
1867,MRPS25,1274152.0527,152019.18693,262543.73230000003,227953.75040000002,1505949.8868,1699839.9484
1868,MRPS26,2083635.95,239726.9745,163293.0048,543322.0571,4087286.375,2235530.527
1869,MRPS27,3879173.1134,220226.73617,379911.39868,439060.9376,4668602.291,4811756.876
1870,MRPS28,3834275.3188,275347.60052,364961.92246,486920.0751,6169540.722999999,3773392.4983
1871,MRPS30,96386.36499,10400.50216,22878.2661,17456.9901,146737.8248,125106.5063
1872,MRPS31,1602972.0315,560591.60802,367547.06905,794376.1335499999,1945358.8668,2057829.0378
1873,MRPS33,2244795.861,209488.2744,230572.43728,448912.5889,3469163.848,2232342.444
1874,MRPS34,11159829.9239,1068438.8720800001,1310240.4029599999,1175765.43897,18693387.3836,10729181.7462
1875,MRPS35,4287271.9924,265710.34917,500404.16272,544722.48375,5170962.214,5385575.0213
1876,MRPS5,2559128.0534,223465.700164,292175.31767,698668.835,3381601.8113,2879475.3677000003
1877,MRPS6,8971708.515,1051637.223,1651716.67094,1841167.3604000001,13883156.508,9211781.297
1878,MRPS7,1468907.7836,170971.82096,255896.94011000003,297985.04693,1933955.0877,1711714.5193
1879,MRPS9,707516.7109000001,44866.7132,59315.691300000006,74999.38604,950857.5555,696926.0573
1880,MRTFB,962549.1647,97555.39146,218980.49329,121018.47868999999,1247796.2778,1024117.2413
1881,MRTO4,5153925.64,1057199.4785,3165733.4207,1246595.0048,6398204.404,6444947.591
1882,MSH2,3234211.8034,919013.0640799999,1301426.96619,914053.18045,4145304.6633,3651918.0584
1883,MSH6,6417685.499100001,1362241.069,1863996.7146,1186735.7404,7414087.2173,7661127.4917
1884,MSN,224477498.988084,166523498.199575,141494901.242735,246294675.350034,246657781.62927,261402671.06118
1885,MSTO1,335852.1011,87705.52224,109363.539,78276.20378,487310.1531,434341.6582
1886,MT-ATP6,4040986.56,210003.89919999999,207242.27990999998,293618.207,4327184.616,4056389.23
1887,MT-CO1,3736897.741,78002.04019,62963.01395,106207.9138,3559330.142,4169273.962
1888,MT-CO2,20810525.2494,1450462.0604400001,1953432.2899500001,2472821.57589,40206181.2704,23214058.1408
1889,MT-ND1,198244.9823,27374.49416,39179.81224,39358.5987,295289.0261,254668.7795
1890,MT-ND2,1309682.153,57499.62584,82418.75452,146806.361,1084613.264,1737244.008
1891,MTA2,5454332.08312,1963956.9606320001,2574764.482163,1617141.460685,6378187.67541,6082363.808259999
1892,MTA3,1708479.669,809670.964,1029717.954,820799.4555,1498371.638,2389473.713
1893,MTCH2,32967106.101600002,2275553.1007,2821380.30025,2579190.26413,50044250.6867,35146997.6758
1894,MTDH,6338632.5481,583198.335245,1246161.39821,714478.24994,6761577.7368,6933164.28889
1895,MTHFD1,106435558.9137,28447193.70035,32072659.12954,28926080.3092,131344038.0112,122732071.2099
1896,MTHFD1L,12921525.4726,1937121.7941,2149930.96833,2279552.99365,18625132.9072,15017320.99
1897,MTHFD2,6600029.506899999,501926.46877,601544.76453,660723.00713,10769597.291609999,7540744.73158
1898,MTHFR,1202347.225,473612.888,653043.5965,465592.3656,1315557.372,1960686.467
1899,MTHFS,4277582.0666,993211.5013700001,1358690.89321,1756258.27316,4830218.61055,5182275.2395
1900,MTIF3,131558.8584,8187.013252999999,15928.564852,8842.273207,275937.8408,134513.64329
1901,MTLN,2849210.767,234251.4405,246464.2752,208429.1164,4829751.854,2688056.249
1902,MTMR1,131218.215,11676.3148,11430.18097,13993.54975,198334.8068,113560.9646
1903,MTMR11,3408047.1959,261099.55883999998,304027.82753,281681.8966,2807140.473,4461172.0833
1904,MTOR,2276169.26265,875195.367312,1341948.1288700001,1103053.485972,3687703.46954,2469240.46271
1905,MTPN,23441029.799,3486543.1602000003,3953473.4352,3554730.2096,21124795.535,31378844.552
1906,MTREX,13025092.2769,4467232.18669,5775669.2638,3447365.8842,17175502.3369,15486643.1122
1907,MTRF1L,58652844.6,11011006.179,22441382.729,10436885.4,70425443.0,67299447.47
1908,MTX1,3915943.3496,352881.97016,404315.75693000003,442819.0492,6211127.390699999,4306186.6373
1909,MTX2,1928296.531,90184.06627,124617.3328,113303.3163,2707934.642,1597879.19
1910,MUC16,293719.5819,2944463.937,3015608.712,931788.7361,413306.7778,241520.8331
1911,MVB12A,297249.9523,783979.2687,1103415.988,482107.561,467457.0194,410633.8262
1912,MVD,9072176.0351,1608603.9954000001,1691231.0978299999,1620401.6581299999,10089503.621100001,9094171.2966
1913,MVK,4968941.759826,910862.828696,1014312.0841870001,1119760.6462670001,5858015.432817,5416784.938725
1914,MVP,77191576.634424,61807060.476817995,89759794.077514,42226481.302015,86066232.854694,80559158.747733
1915,MXRA5,4435344.80853,15171302.91977,22874923.6538,11236983.63418,3277453.7401,5367124.86229
1916,MXRA8,6090301.51936,4921197.14279,10941181.4362,7675798.8068,8818652.8746,7293196.27669
1917,MYADM,3532741.0357700004,3296056.6107900003,3560738.15499,3144271.60058,3843926.79312,3672793.24534
1918,MYBBP1A,22997412.513925,5561586.6426099995,10056814.963441,5202920.180591,34456884.034603,26731563.227849
1919,MYD88,1091331.165,137356.2868,148838.2308,167763.1633,1107290.991,1270567.544
1920,MYDGF,11586958.350000001,372390.86742,514527.1705,687389.75,12140730.991,13799932.586
1921,MYEF2,4820672.5851,648836.9675,835093.298428,668323.776511,7659602.3456,4532235.544290001
1922,MYG1,10645221.9016,2278224.3579200003,2953017.82938,3144804.53425,16052251.4044,13675661.655
1923,MYH10,315752185.52747,103664912.341023,155598340.390475,90506842.13112,356095875.92291003,368412761.55453
1924,MYH11,68675213.93924001,30840816.127258,54628193.20200001,27563967.61521,63676557.93186,91831900.33842
1925,MYH14,7025112.7884,3853593.6013,7010845.4408,2565402.7821,7781076.6388,8259670.2559
1926,MYH3,3466938.47,2785741.316,2750595.111,1743838.701,1302365.109,6168001.158
1927,MYH7B,150081.03436,45523.42301,78480.68781,46057.66984,153235.48322,176774.70001
1928,MYH9,1433616010.26456,558317320.676997,741923879.542996,500831912.727683,1409231738.274633,1764103495.253941
1929,MYL12B,122173408.29573,23070592.36119,38967357.57655,26834236.71158,159202848.72618,134607254.25863
1930,MYL4,1340667.3802,1038297.42609,1106381.1861999999,801340.60349,984582.917,1301319.6568
1931,MYL6,144555229.5641,33185953.46623,46375339.3133,48993333.79149,175099248.4608,169859924.8457
1932,MYO15B,1198614.0887,619499.6279,1630135.1686,441757.6299,777170.8458,1009180.0403
1933,MYO18A,8608257.0738,5782701.6317,14636939.225300001,17212845.9551,8199787.1824,9130087.2274
1934,MYO1A,1427775.098,1821790.636,1008609.459,3006281.879,976073.67,1997697.445
1935,MYO1B,17799836.419927,20149001.477397,13204855.036636999,34741476.279276,19348791.95916,23563389.70548
1936,MYO1C,56057903.34061,39693171.09703,28019314.48904,55831180.3251,64448179.40875,65680403.69328
1937,MYO1E,1034247.4280000001,412719.1018,511163.69759999996,480450.8578,1086899.5636999998,1261721.0321
1938,MYO1F,328778.6101,81599.12822,92501.68393,130414.6553,462075.0987,432543.0854
1939,MYO1H,184942.6323,146920.4477,200341.591,223281.7335,188633.9107,176989.8422
1940,MYO5A,317713.7197,111404.7063,122507.1925,172433.1809,326121.8575,392343.2963
1941,MYO6,37622789.96098,12423295.954115,15713452.914317,13889101.784906,43065241.52126,46093986.4418
1942,MYO9B,307028.1656,91243.46698,72682.80484,113086.8051,270400.3649,412716.3463
1943,MYOF,150414270.23009,75542086.938277,58695593.809338,86758449.496741,171640221.293664,155469065.719336
1944,MYPOP,5404880.918500001,1379575.0033,1569998.3505,1424833.8203,2599518.3947,2829361.3574
1945,N4BP2L2,1789381.19,1320031.658,1224969.6,1613754.546,2513573.984,2235171.802
1946,NAA10,12377636.42588,3434479.732526,4150278.830489,3763286.2194840005,16871802.625192,14080965.729556
1947,NAA15,24845995.6922,9318971.40301,12505827.62208,8281028.80791,28896706.733099997,31569371.399
1948,NAA16,12026526.84,3687325.3943,9647916.515,2007321.3557,12393384.135,15375426.133
1949,NAA20,566002.8757999999,135176.26921,175332.82176000002,148753.27827,956476.2329,585462.5787
1950,NAA25,5061823.2216,850582.32825,1182595.7992,1410379.1221,8168011.8606,4582101.5905
1951,NAA50,4104979.9233,1213222.3237700001,1395960.28367,1204426.99736,3858206.7179,5706613.7107
1952,NACA,25637758.09073,6326604.76158,11938091.849558,7236277.426095,27595041.61165,33540229.41323
1953,NADSYN1,193793.4528,62169.87946,124095.5317,62077.76948,269142.257,180502.5915
1954,NAE1,4864477.866289999,850094.15271,1396318.63368,1046105.78301,6731424.0973499995,6251073.68001
1955,NAGA,537620.034,275955.4723,829511.5683,588894.668,827465.3021,644058.0444
1956,NAGK,14138362.853500001,4891111.65673,6005269.79753,3611456.01514,14284075.3374,15388403.0889
1957,NAMPT,25417090.59567,6684510.57133,11211953.16337,8235496.7566,31025669.32709,26418536.3165
1958,NANS,6339548.8244,1595274.9582,2119127.0574000003,1185823.5894,8194851.938,6380510.7838
1959,NAP1L1,30904063.53148,7321587.5013379995,11276340.04767,9750668.7361,29239116.44592,42631689.12014
1960,NAP1L4,44395452.440630004,7290528.5378,10413849.2684,10203306.20431,59522694.0134,49186536.85323
1961,NAPA,11963603.206,3369849.97522,4622481.88205,5077270.860950001,12692373.3072,11751313.7903
1962,NAPG,4521943.405099999,1533760.3517,1841183.9029,2720099.6823,5835091.5352,5005736.0503
1963,NARS1,53045960.39475,10727505.564860001,15618126.78609,11784393.34131,68909887.49964,58382733.09977
1964,NARS2,1869615.653,127198.6348,198178.3811,180361.9322,3797172.566,1751822.105
1965,NASP,47586503.642740004,8959244.800103,16852255.968179,14522695.824526,60632860.32046,58854099.39084
1966,NAT10,3987741.6766,930344.4358699999,1392630.4432,963998.04526,5229888.0529000005,4570425.632599999
1967,NAT14,589098.2408,78556.57728,119721.7842,114730.9129,937070.506,616612.1966
1968,NAXE,26725233.99125,2798619.29525,6187273.4604899995,5860122.87299,31019637.0124,32016608.1137
1969,NBL1,695369.8132,1146432.188,4092679.002,3511923.831,488343.1361,787328.7295
1970,NCAPD2,994913.3376,315583.6369,434457.0024,595739.2103,1731101.792,1297519.787
1971,NCAPG,767509.6903,228714.4928,333663.5149,277449.82738,1102827.40427,850316.47375
1972,NCBP1,2459942.051,1041805.1473000001,1781031.3891999999,678833.1089,2331781.6174,2932022.9
1973,NCBP2,4681071.654,577980.70843,585805.424142,556962.33427,3797599.2896000003,5295421.784
1974,NCDN,2690921.74802,939989.0903099999,1135567.43457,968800.97618,2538587.46996,3937645.9272
1975,NCEH1,14744846.517517,1621085.204151,1751088.21087,2622496.88924,15823889.631663,16401193.128709
1976,NCK1,489709.98419999995,114806.83331,116773.97575,144472.55264,694595.1237,490832.1588
1977,NCKAP1,21927507.7971,13633892.80987,14443008.86005,12855931.44991,28076150.5395,25561633.6781
1978,NCL,962586155.54581,167701390.275408,388402019.311472,143596572.930643,1156924497.7892,1138530526.3975
1979,NCLN,7944108.1094,1167389.5037500001,1390184.88934,1748412.27967,10904522.1347,8079337.7296
1980,NCOA5,2735081.5939999996,317119.27789,410803.93319999997,330567.44761000003,5279133.319,2752333.526
1981,NCSTN,7408331.4245,3880422.9812000003,3408153.8297,4480697.243,9933124.6552,6380987.4633
1982,NDRG3,9622092.1533,5323151.64358,4541099.9285,7158631.703,9356668.7681,13606082.3365
1983,NDUFA10,7922681.1368,513118.49011,649546.3226300001,735040.15157,11643769.3223,8858273.2139
1984,NDUFA11,387668.5094,115973.4614,154927.9739,138217.5178,654248.8493,399881.6623
1985,NDUFA13,8286744.103180001,1436506.349443,1731298.692939,1905106.9050079999,12198769.349709999,9750029.90729
1986,NDUFA2,1026180.30326,100144.252425,109371.68530000001,122406.905052,2195929.3176,1096868.5566399998
1987,NDUFA3,2543754.152,203414.06498999998,373804.36079,263457.94685,3648275.225,2753446.731
1988,NDUFA5,3659761.301341,249695.34645100002,348276.55651799997,365532.944173,4135488.1471,4850717.62668
1989,NDUFA8,1459104.726,94812.76378,133691.7452,178653.6349,2739413.449,1353863.837
1990,NDUFA9,8987727.3576,1094315.04458,1530619.90424,1332558.15897,13616644.228,10206933.4051
1991,NDUFAB1,10456487.9502,643255.40635,433593.35133,838705.89162,23541362.719,13120704.394000001
1992,NDUFAF2,1986640.2428,168012.31300999998,249635.60192,202629.73102,4186128.1321,1333203.554
1993,NDUFAF4,3224492.2978,117855.2653,157260.57817,224887.62709999998,3970331.623,3297978.5190000003
1994,NDUFAF7,430607.9895,68299.66397,98575.97295,93496.64569,736033.9313,500181.7886
1995,NDUFB1,1225840.686,105973.9223,236207.0131,273900.4742,1907550.575,1199454.441
1996,NDUFB10,4064365.33024,205385.34386199998,329709.99436,292681.906792,6823502.014450001,3996767.56707
1997,NDUFB11,8224021.6634,261718.53375,248575.28395,260125.14411,8664086.644000001,9941754.52
1998,NDUFB3,2753229.9102,219198.94425,337034.04029,288013.71077,4895694.285,3030927.0259999996
1999,NDUFB4,3079697.3131,327318.60439999995,879557.1944,713833.8640000001,6106417.5478,3098436.7015
2000,NDUFB6,4393461.264,303051.25986,431006.44142,589104.4950600001,5685806.1282,5009331.249299999
2001,NDUFB7,2297970.6380000003,157100.56751999998,246461.02774,241150.1346,2933434.082,2872109.7309999997
2002,NDUFB8,855321.1928,98410.15872,141567.1414,145990.9352,1770768.993,908389.1572
2003,NDUFB9,8543631.0278,878736.44297,1197696.49689,1232878.4999,11617184.397999998,8922407.4922
2004,NDUFC2,2721415.5974000003,120939.3136,138875.628,201687.008,3417512.834,2787468.3087
2005,NDUFS1,12898366.993900001,1091830.817789,1421202.53439,1601599.58831,22893359.857,14167890.296
2006,NDUFS2,4976323.2938,710379.11621,986890.31773,1109491.56583,8157149.7669,5783168.798900001
2007,NDUFS3,10614659.54535,1171342.50199,1768836.94955,2431413.26199,21485223.3951,11865698.8792
2008,NDUFS4,1295561.478,89582.19569,138239.6487,162597.8209,1659972.924,1704955.667
2009,NDUFS5,605571.5932,46229.11051,135287.1002,60183.56953,841894.5444,669939.9794
2010,NDUFS6,1440805.791,87984.93816,147637.9806,121803.7814,1591073.774,1599683.324
2011,NDUFS7,5115489.0619,1164156.8921,1772838.5054000001,1968341.1373,9047132.965,5178789.6542
2012,NDUFS8,4007447.49,84932.72984,72908.14101,139384.4453,5441107.56,3658908.558
2013,NDUFV1,4794305.6686,407980.9181,652755.29978,648618.02455,9004956.9675,4888611.0438
2014,NDUFV3,969548.83439,51729.538094999996,81238.463228,128020.497684,1598418.7391599999,1118662.18096
2015,NECAP2,3769617.7642,440459.02793,638185.52963,1341970.3428099998,5271425.106699999,3985433.7453000005
2016,NECTIN2,3706250.1459999997,2452505.1167,5174960.82,4839955.0636,4683463.5559,4246073.215
2017,NEDD4,585368.0061,700520.0517,738361.7471,424448.5756,912688.7388,651859.9659
2018,NEDD8,28572218.834,2082689.8982000002,1599522.59051,2268764.77874,25319549.2739,37420809.682
2019,NEK4,268515.812,224702.1009,586981.3012,641032.3346,398377.4732,284830.2707
2020,NELFB,3050898.3455,639835.0779,1090993.0108,690372.9197,3681185.5793999997,3780572.1477
2021,NELFCD,381445.9898,115478.2162,155614.0691,129510.5255,419024.2651,582148.0666
2022,NEMF,565223.5197,96716.40089,138212.2859,109396.5877,734909.8723,624677.0011
2023,NEMP1,983529.8018,176011.6718,218734.47952,469215.43499999994,1776110.5706,936576.9977
2024,NENF,6232846.7142,715100.27014,1583527.6125,1101083.5821,8111682.199899999,6468106.1651
2025,NES,32325192.60721,3103004.578635,3844432.141866,4201732.893925,42207049.1841,40039926.21494
2026,NEU1,5050233.5332,11269605.7085,27152419.2101,9517135.7158,8026053.690400001,5533917.6977
2027,NF1,811341.5718,615309.9835,696903.292,664741.7607,1086515.4096,889349.6246
2028,NF2,1635457.50378,1195393.08892,1102522.43445,1694475.23005,2623865.3843,1606087.59839
2029,NFATC1,3176876.028,81685.95526,93669.0777,130331.917,4256739.198,3240689.897
2030,NFU1,750169.8556,40555.99266,63913.37628,58933.58121,892544.6933,812933.2948
2031,NGDN,47951.71047,14722.91324,15922.93756,17732.3346,75065.27707,56217.71832
2032,NHERF1,13341535.85326,6191980.16202,4748115.15968,7579235.6789,18300756.14242,13584218.8069
2033,NHERF2,3854187.929597,2648050.1623319997,2358356.055303,3547535.3755860003,6345520.318398001,4356963.4197350005
2034,NHLRC2,7149618.6263999995,1319952.22132,1948957.72202,1607272.36643,7287097.237799999,8594473.0196
2035,NHP2,5074826.8153,1464912.9905,3701551.447,1090565.6168,5299735.0874,6112761.1565000005
2036,NIBAN2,25860722.991932,15778352.597471,14956626.689271,22274776.91694,27521156.41661,30556324.016705
2037,NID1,45207618.277963,335769069.69615,396074010.86758,258298640.154245,44530300.948726,55259487.589943
2038,NIF3L1,2975524.3938599997,591655.88677,1268285.14916,1070829.54085,3684406.8847,3095426.42171
2039,NIFK,3442048.3904,417258.0588,840301.12096,467210.04362,3728649.1001,3966992.3228
2040,NIPA1,366568.7737,94316.38621,183303.7718,135525.7247,508158.0269,440884.151
2041,NIPSNAP1,10017963.822,850675.4808799999,966366.0136940001,1060003.18291,15744864.476800002,10641290.1434
2042,NIPSNAP2,29566525.696000002,1597349.25159,2073720.8227,1782587.5794,51467867.057000004,34427684.698
2043,NIPSNAP3A,613866.7379,34181.66724,65844.81075,57355.92117,929468.8682,581857.9225
2044,NIT1,3516364.5732,837523.4711,1419295.9978,942960.6076,5166173.329,3669163.2709999997
2045,NIT2,40715353.504099995,8148802.72295,11472568.9223,9702507.17963,42759219.9378,49210560.2246
2046,NKRF,1900958.1023000001,438703.78139,625743.7845000001,495086.35797,2820750.9015,2202550.8947
2047,NLE1,97802.56981,40255.5861,72585.99563,48511.47371,157269.6572,107017.8141
2048,NLN,9809419.4608,1230411.03133,2227732.6301,2443182.2527,10324695.8881,11917463.8937
2049,NMD3,2584855.3635,784621.2760999999,936487.1306,720628.2629,2928114.2597,2983895.8888
2050,NME1,482597758.43659997,66614402.974080004,153012153.29284,132933205.57279,542621421.0419,575636039.4143
2051,NME2,313955735.17912,38155949.825347,91350531.52557999,72664988.50524,289552011.95477,371379524.51035
2052,NME3,3528246.3012999995,540349.64526,1142968.6252,668529.8282,5755349.8299,3510281.2854999998
2053,NME4,3029616.3109999998,140932.81066,260240.21790000002,220058.456,5116261.89,3432436.9979999997
2054,NMI,192293.9731,60677.59858,94646.54229,81759.63649,269363.5435,204139.601
2055,NMT1,16440895.5578,4732836.46363,6351823.92919,3833460.64782,20928773.9663,18513880.1536
2056,NNT,33515726.3569,2754575.4462099997,4463259.61334,5165659.22395,43690126.358899996,34250095.6639
2057,NOA1,7385362.312,3720527.597,3972618.531,3449577.579,5115338.39,8685745.56
2058,NOC2L,3342478.8811,784512.27193,1263300.7799799999,620426.90407,4046187.3821,4467438.2804
2059,NOC3L,1953945.5945,405844.27190000005,801783.0007,342504.1725,2308829.0301,2368602.5725
2060,NOC4L,95658.50235,27171.75985,49216.95864,46130.2527,163947.8821,111797.4623
2061,NOL10,169231.6226,63993.50198,97022.67291,75861.01527,247695.0683,182313.6289
2062,NOL11,470811.5649,133005.42847,283853.43817,221140.29608,659875.2608,605136.7790999999
2063,NOL3,179159.1754,61968.1247,118000.5724,85290.84941,293098.196,207833.2663
2064,NOL6,1115707.2715,408002.64021,545152.1841,525119.33373,1815250.2623,1360672.0105
2065,NOL9,524466.2413,138350.8931,225243.6528,154029.9754,637308.3404,683091.8622
2066,NOLC1,56102436.77409,4044917.1075,7101281.364560001,4358300.2347800005,77955257.72667,62412521.25758
2067,NOMO2,12808457.331,2205375.17095,4834246.0246,3833032.5557,14355768.2035,15285789.0801
2068,NONO,79224270.58548,11343100.222378,14619425.13388,9963525.347435001,98076211.43806,91175723.00667
2069,NOP10,239492.307,94403.05221,158990.9735,86343.88078,408833.9318,293204.1329
2070,NOP14,156863.6167,61570.28453,84118.3381,45652.89083,334215.142,215094.5424
2071,NOP16,2166926.9764,319144.9101,573965.4939,470153.5024,3446604.353,2426331.1677
2072,NOP2,7523066.4975000005,2161947.17957,3687641.58459,1552842.3694699998,11573529.1051,7936864.5809
2073,NOP56,21953071.45203,5519699.519707,9284473.70651,5106925.115741,30186633.03702,24856576.85673
2074,NOP58,34679612.887099996,8757166.47463,14763196.48904,6643175.401127,39555822.873239994,39538267.94595
2075,NOS1AP,1446123.53,645915.8581,423322.5756,881024.732,1753764.956,1517625.832
2076,NOTCH1,249493.7396,280858.3174,238252.6565,220210.3561,361040.3695,270120.8462
2077,NPC1,16659586.74661,3443605.47752,3678787.12218,2510296.989937,23157015.5756,14148659.27505
2078,NPC2,28693423.4935,3332955.17106,16830361.5228,8255050.0763,27248273.254499998,28313310.2491
2079,NPEPL1,52749.16701,11042.65687,25522.03626,16985.80514,66291.00328,42411.74691
2080,NPEPPS,71758083.24924,22546800.042320002,34362441.09708,28168735.00117,88969597.2835,73290565.89475
2081,NPLOC4,13957423.783130001,3034742.9813800002,3956499.1998799997,2713552.95363,13785586.30139,16771341.02239
2082,NPM1,833743039.713117,129129413.70726201,244173271.268048,107075960.181118,929953373.7299939,1018245635.885305
2083,NPM3,3232763.8496000003,609204.7535,826815.042,686483.3355,5451273.0532,3567956.2017
2084,NPTN,5061047.92365,4151415.93977,3162481.76024,6031632.23686,6084572.7534,4941092.10932
2085,NQO2,184743.4617,63711.23208,123274.0264,91972.45523,136421.2043,168241.9103
2086,NR2C2AP,7272.787648,3258.040709,4951.131455,5864.473277,14091.65988,6536.769435
2087,NRAS,1079280.59357,1250797.385,1065382.87666,1741803.7392799999,1255206.77788,1303651.69381
2088,NRBP1,2812451.1216,999058.98043,1376496.07223,1514365.3939,2798461.4849,3868609.2396
2089,NRDC,7242959.8897400005,1934558.784005,3616015.771578,2738608.818017,9448440.58129,9513964.284880001
2090,NRP1,3120554.1081999997,4811048.646199999,8739682.7278,5217969.3304,3840795.1335,3819647.6273999996
2091,NRP2,28761.72557,53218.46933,98029.36131,89071.27247,20955.55187,42378.19247
2092,NSD1,693894.5885,76190.03082,179796.4928,95364.1719,1271495.645,582323.6356
2093,NSDHL,35312763.520500004,3963231.52498,4200322.59885,4731648.7491500005,32047271.7992,38326839.1032
2094,NSF,28406275.3435,5853865.03884,6557896.69798,6464241.77472,35420712.6584,33040835.812
2095,NSFL1C,20226051.013,2429789.04195,3942137.72405,5621046.0827,23661257.9507,23508519.0608
2096,NSMCE3,177963.0382,31248.97022,37543.76768,39033.92665,353550.3865,202838.2025
2097,NSUN2,24821914.82915,4580865.89066,6426772.38682,5500403.17936,33925176.66518,28047862.68309
2098,NT5C,975255.76519,305487.077082,434442.42594,404198.66309,1281839.78401,1246144.26688
2099,NT5C2,24102538.4038,8700099.68059,19395341.54751,7684019.80227,34495571.4731,24907544.98044
2100,NT5C3B,2893225.1296,700464.75777,1022023.1871999999,731372.9509,4264454.8132,3565730.5835
2101,NT5DC1,8495408.9264,1336952.57901,2585830.79964,2372905.72592,7974886.748299999,11207163.8408
2102,NT5DC3,1735989.3397,208413.54575,359520.7923,395935.62,1909163.2548,1695470.8256
2103,NT5E,18371431.6245,46730079.25413,39363138.58406,59492013.25388,21159189.64826,20931427.12012
2104,NTMT1,2196262.41676,317741.47611,416686.2178,429234.98203,3002540.74522,1880467.70114
2105,NTN1,1556399.3672500001,2989379.6195500004,10650744.06421,1573227.563,1436622.28366,1828198.5807000003
2106,NTN4,1231056.5736,5051100.9265,6231058.4396,3975885.9241000004,1514170.8769,1586024.21
2107,NUBP1,2951066.2018,674350.1823,910010.18637,1347665.59853,3109403.6321,3091285.0928
2108,NUBP2,842461.1359,337676.4,521639.31496,540026.60527,1022424.7412,795472.20735
2109,NUCB1,16396019.1585,19723656.40262,54314409.08909,36625321.28639,16701118.32685,18672645.40036
2110,NUCB2,9377674.6991,3881163.9494,7230109.4849,5783080.1853,8931006.1802,12255545.2645
2111,NUCKS1,21568112.362,269306.55163,925727.87787,611401.79102,23569737.020999998,28775107.696000002
2112,NUDC,74611255.33774,12386112.414233,22481847.299373,18961730.801181,82081788.19335,96658919.6871
2113,NUDCD1,13601249.822999999,3664104.9153,5661037.6744,4337454.283,13514161.4886,16094249.7642
2114,NUDCD2,3557423.952,358137.7703,344615.8568,422454.5284,3848210.4,4339287.996
2115,NUDCD3,2702843.5724,265829.25353,451474.78287,470006.86271,3975927.1004,2984763.6444
2116,NUDT16,174693.2925,33170.86491,47679.29832,48257.92917,163978.1273,233241.9729
2117,NUDT2,2940261.5547,968789.871,1296895.8190000001,1197697.8595,4004996.2474,3845573.9693
2118,NUDT21,16056172.4419,2216991.0586,5159179.56446,3307626.37707,20335014.1793,18392608.1242
2119,NUDT3,1277129.4778,289697.53962,417752.8479,467656.8956,1943529.758,1648337.7781
2120,NUDT5,7565200.558,1072671.5486599999,2358867.2350000003,2301705.5761,8722289.575,9330959.5592
2121,NUDT9,461582.7057,68940.99228,127431.815,194178.512,569903.3946,532735.7819
2122,NUMA1,54967809.187537,56213211.478775,68451308.45349,49114102.893105,69063891.13205001,63150059.32748
2123,NUMB,468886.5025,134745.1637,134194.7723,174283.9198,725024.5334,466885.9785
2124,NUP107,1266240.8460300001,196958.39548,406881.121,177393.45243,1486253.4811,1185146.58104
2125,NUP133,4166865.8577000005,1280919.40438,2101040.91761,1202596.91409,5226694.0455,5370458.638499999
2126,NUP153,1296709.6428999999,146001.33007999999,161398.38672,186492.91590999998,1485510.4944,1475598.8035000002
2127,NUP155,3061620.4676,469135.13946,889472.6292,437852.14548,3552120.8605,3580321.4611
2128,NUP160,1727432.45017,398776.818965,724742.109225,402371.46282300004,2791731.2582799997,1809252.36058
2129,NUP188,841563.7412,212017.58766999998,349279.45373,358687.11181000003,884734.2926,1131833.5685
2130,NUP205,8666915.9625,2317177.6906500002,3914967.1484000003,1846483.5903899998,10815654.4679,11089978.001899999
2131,NUP214,1584755.551,283706.39808,484508.80811,360718.0663,2200439.4056,1819830.8987
2132,NUP37,832640.7705,274839.05684,375762.23878,283073.15552000003,1032331.3526,1030905.8549
2133,NUP43,3026443.0624,715130.9919,968864.8561,739349.0385,4217491.3147,3018266.8600000003
2134,NUP54,239088.0655,19140.75929,28427.5469,38629.7039,366454.0249,267629.6492
2135,NUP58,543007.5946,83555.2424,162969.9146,68571.87748,921184.5525,565193.5335
2136,NUP62,354396.25680000003,118773.71763,157162.12039999999,130831.3189,461640.92925,465564.4683
2137,NUP85,195046.8404,60559.41638,95427.93789,57189.9868,203249.1145,257159.7028
2138,NUP88,1034134.317,220580.4658,261459.5445,246021.1157,1436159.927,1158110.174
2139,NUP93,21823514.219,3979239.51745,5933834.66334,4387033.87103,27367546.0764,26274108.0723
2140,NUP98,11944104.0739,2399456.3469,3332656.8168800003,2811800.0945699997,16709904.9155,13785061.018
2141,NUTF2,38336443.7915,6943352.1562,10262119.8095,10079624.0536,47685279.9782,40427862.4904
2142,NXF1,2054554.7237,360098.93855,463059.71625,378291.14528000006,2225830.7260000003,2504533.2997999997
2143,NXN,13401139.02006,2929703.6765,3672765.24908,3509610.22459,18770471.662,17285618.88035
2144,OAS3,1413746.0556,398251.7411,607176.6995,368613.7036,2229367.8933,1250785.371
2145,OAT,35090785.210859,2102655.455826,3410934.822781,3150665.9693879997,41057318.19431,46620006.072323
2146,OCIAD1,6784807.8803,392821.84388,454302.78155,576065.0954400001,10374734.0197,7019077.4455
2147,OCLN,1907757.5169000002,1993227.5546399998,1533420.7204,2007720.41017,1845913.8651,2201999.2232
2148,OCRL,2894263.00855,1101575.59122,1552540.3346,943273.6297899999,4456879.0834,3117661.1903
2149,OGA,5702616.0914900005,1803743.76767,2301020.85357,1920425.7843499999,7738577.50966,6789597.20049
2150,OGDH,24077900.53624,1530497.781761,2575191.1108,2594956.83081,37883269.74689,23539568.5576
2151,OGT,4033038.68,1437673.38659,1702363.2065,1428360.6908,5695820.4935,4813023.1883
2152,OLA1,68538409.33065,15432791.53948,23241327.46063,21093213.02635,75971775.15083,90388984.07212
2153,OLFML2A,1038624.44492,3918114.4678999996,4566405.0062,1892449.0854000002,855035.52946,1344827.2255
2154,OPA1,25027225.73412,4560618.121778,6929628.699419,4781063.993515,35344876.31718,29572199.33589
2155,OPLAH,1703389.4937,503245.03468,766732.6416,432388.32724,1715237.2059,2015185.4457999999
2156,OPTN,8608053.7637,1332556.1746,1410300.85147,2134651.887,6950080.049699999,10599055.4104
2157,ORMDL2,372634.6877,80352.50933,94714.88452,53030.5215,627571.2852,613943.2442
2158,OS9,932580.1094,192477.8505,365173.5966,243077.9577,947016.8604,1005444.636
2159,OSBP,8049876.618,2760928.8915999997,3116679.61142,2283556.62895,10110034.093,8728920.7804
2160,OSBPL10,420078.626,60643.73648,68208.14392,71016.95661,743015.6013,395350.8386
2161,OSBPL11,200004.91572,55281.48654,96849.303969,95551.094095,257834.33717,189213.07816
2162,OSBPL1A,542737.9227,138645.76983,196838.58021,207159.70176999999,645606.1485,622300.9502
2163,OSBPL9,2177217.9200999998,661755.64862,671957.83451,638014.04896,2009059.19271,2685556.6667400002
2164,OSGEP,1459281.422,457785.9319,585791.134,408346.577,2444563.269,1456249.736
2165,OSGEPL1,213709.7852,43032.38892,57671.66033,77682.65036,451738.9759,226506.9371
2166,OSTC,165713.8651,10511.18211,19886.70851,21900.19655,196893.5949,182775.5975
2167,OSTF1,2057695.9648,770981.4591000001,806847.1794,774280.6335,2984015.8951,2263171.4596
2168,OSTM1,926749.2723,227565.0231,228840.3251,147802.9231,1027381.04,774536.485
2169,OTUB1,17060656.92034,3654244.136047,6839411.911100999,7302709.082302,18649855.355448,23027164.975567
2170,OXA1L,4413647.5714,309474.86518,578622.7690300001,376515.27391,4675527.2718,6065308.677
2171,OXCT1,1908058.437,158525.53548,261486.37670000002,253034.71026,2965794.2837,1590046.7454
2172,OXSR1,9230528.203,1992102.1236,2907502.3721000003,2893010.2783,12632938.0679,11096520.0873
2173,P3H1,7344922.1002,2587190.1004999997,4132596.7484,3360768.6161,7199490.8944,7323835.7769
2174,P4HA1,18656385.2804,4823592.94379,6446038.88972,4993775.56215,23245451.13317,18236263.3367
2175,P4HA2,1747687.9338,506565.1889,674387.7459,486102.86379999993,2815851.049,1829421.7209
2176,P4HB,830683303.33571,60389601.65931,98994634.65748,106028085.30474,749880411.15332,814279352.37579
2177,PA2G4,62938318.22459,12812280.41955,23054388.73382,16787291.25284,87878264.36427,80477550.4338
2178,PABPC1,135529616.34307998,22921276.162317,32164998.042679,27943072.826409,184489963.7035,148904408.93867
2179,PABPC4,76805536.067488,12090934.196287,16719067.927908,15133401.184298,98720540.835965,82572428.84599599
2180,PABPN1,10760598.1454,1157173.117966,1986251.357764,2155247.557997,10194563.82796,12934995.24989
2181,PACSIN2,14938273.22768,4356638.836383,6589481.8394,5439582.232002,17627668.96395,16463004.283352
2182,PACSIN3,353238.1575,324171.28,509910.44,373405.8279,576543.2879,374247.3974
2183,PADI2,133499447.85085,30370494.68304,60865000.091687,24279498.747455,165727718.57868,107606101.801
2184,PAF1,3312283.5306,750363.073016,1300566.544486,978972.180114,3731395.9409000003,4085476.3901
2185,PAFAH1B1,24137253.9839,6623206.1482,9368024.4981,8092937.1405,28159260.3175,28842155.2905
2186,PAFAH1B2,8182474.707700001,1386153.31776,2653363.55441,2024291.81872,10466575.1263,8388141.3443
2187,PAFAH1B3,26816056.98888,3494596.327201,6199052.8892,4737556.89325,40519207.99919,27050782.16282
2188,PAICS,51289926.71202,18233669.996243,26324996.92937,17292369.540651,54091587.64758,70747411.6589
2189,PAIP1,7855878.6389,2202774.1768,3520436.168,2371249.7719,8589248.5109,10202464.6422
2190,PAIP2,2479925.137,561931.3062,815646.5542,749190.8593,3346963.447,3588844.839
2191,PAK2,56608858.190500006,5571484.66243,7043428.49558,9836684.59329,58760975.7895,69460202.8907
2192,PAK4,11857756.97458,3706458.0879,3451911.10292,5159016.682560001,14714950.48329,15490630.85465
2193,PALS1,149775.0542,55363.95951,81048.74415,81556.9121,250660.6855,191618.554
2194,PALS2,1792668.8258,1360429.1258999999,962966.0015,2139289.1179,1943443.9368,2331445.7652000003
2195,PAM,892756.4018999999,1121022.6727,3970903.5804000003,2347128.3044,2526433.8817999996,916352.6391
2196,PAM16,1316047.129,43092.26645,19274.07794,77340.80006,2015439.867,1225484.223
2197,PANK4,191687.8759,54996.51308,108336.5163,139564.7352,278681.4335,261575.6677
2198,PANX1,651414.7302,438635.1442,332442.5197,714122.0261,772124.562,894789.9846
2199,PAPSS1,479803.4274,77468.28818,146714.6769,99214.48814,716362.8868,536231.8121
2200,PARK7,238797901.45528,21532759.010976,48165088.437984996,50885642.175113,296326815.85611,266800607.78375
2201,PARN,1866847.0191,528700.0681,938482.5701,614914.6403,2576859.6242,2040854.3624
2202,PARP1,78462390.266451,19114445.310122,30844466.724977,15928455.323307,84121321.17745599,91221736.291134
2203,PARP12,109223.7341,24228.89412,25718.65751,25537.45257,124704.6955,103976.8582
2204,PARP4,6178383.0985,4204322.76244,6122614.4436,2698260.8576,7859982.0867,6462450.4966
2205,PARVA,7887730.083099999,1787888.723,2460616.038,2284291.8712999998,7833935.0112,8631270.2802
2206,PATJ,19214642.677899998,135788943.503,436067850.0,970910602.191,4971266.5121,25455771.4903
2207,PBDC1,4517791.6144,984414.24678,1669919.7548,1277187.3076,5599332.1703,5490479.852
2208,PBRM1,32877149.96,4252271.037,10883531.52,7562150.713,48996207.38,34549587.73
2209,PBXIP1,12876677.94505,1502943.49879,1898598.4771,2179605.80374,14133797.327599999,11251905.31267
2210,PC,8360673.915999999,1142130.53,1896750.2519,964869.9041,1619238.9294,3493291.2898000004
2211,PCBD1,21214141.329380002,2647464.417371,5737480.629914001,4393695.953005,28458887.71536,21303546.8465
2212,PCBP1,38444192.65131,4930094.343464,6241138.086159,7026760.179331999,54094293.145569995,42361178.113974
2213,PCBP2,113409151.14685,21102711.75823,24600601.26372,21432690.437868,140142796.32089,144791976.60843
2214,PCCB,648886.44084,169114.26249,297005.00944,316145.32746,1259972.6178000001,776727.1788
2215,PCDHGA12,1899539.19,408873.9529,382307.3439,655111.2978,346904.981,1471795.397
2216,PCDHGB4,2556499.528,632001.5086,779412.0012,374962.2233,860359.2773,1417062.339
2217,PCID2,2914560.9307,793721.4272,1020579.398,694334.2386,2949620.4157000002,3601636.2048
2218,PCK2,7736682.233,1400439.648321,2222993.016217,1571968.593457,17917609.45376,7504532.707760001
2219,PCMT1,44550965.7722,7912621.18062,14392037.7282,10119466.879719999,53823131.491,54443943.8289
2220,PCNA,51731876.098900005,11268198.99681,15494107.09737,13531293.69853,50247856.63099,63081171.11187
2221,PCNP,14317535.530158002,1241065.40823,1165898.8234,746730.88616,16551801.357909998,18061388.679694
2222,PCYOX1,14850786.362599999,1468003.7727700002,2509212.4615,1782845.5197100001,19600887.9412,15856419.564399999
2223,PCYT1A,18019292.10523,2593158.14936,4258561.03586,2813634.29792,33780750.4079,18011560.57235
2224,PCYT2,7815619.601600001,1755341.160832,2248554.130074,1744745.4992,8625051.6301,8894236.4833
2225,PDAP1,10610479.746,369799.08282999997,383665.5385,703889.4328999999,10370146.81,14779269.59
2226,PDCD10,6551608.791,2313390.2546,2330915.7261,2637398.29,8374016.742000001,8197681.454
2227,PDCD11,2874432.29676,409078.95332,737804.69132,521614.93809,4117612.7254,2807759.9608
2228,PDCD2L,2855166.9154000003,654977.48546,835838.69481,951509.95584,3681209.6996999998,3793285.1288
2229,PDCD5,24893323.9765,1354880.65974,1304540.09528,1980022.4244,21814813.0307,30828967.8626
2230,PDCD6,13473032.1252,11569061.42501,11340586.41557,8430828.77598,18193240.7992,13700336.0351
2231,PDCD6IP,104114171.806961,122105118.53171,123874450.95877,115894808.642231,120005818.97944,128546813.40851
2232,PDCL3,5512876.7116,2042102.0189999999,3565434.2323,2830280.8722,5724575.7048,7876368.0391999995
2233,PDE12,124815.4557,58419.91694,130463.1133,73077.92487,171489.2495,153437.7496
2234,PDE5A,10500008.80834,2345726.92999,3677437.24735,3330889.18623,12911124.431820001,14333082.18524
2235,PDHA1,35393312.3782,2036974.90404,2887025.26356,2525468.33525,50042629.6432,37342373.3933
2236,PDHB,13462068.28128,644179.27035,964833.9932499999,1156499.300254,16198770.261789998,15080221.43057
2237,PDHX,8151678.4704,650222.45582,941904.22424,1047764.3698,12120017.926800001,8022962.3141
2238,PDIA3,484419399.72045,45986118.098243,82552960.707068,102795185.401637,525480773.0602,514559234.29162
2239,PDIA4,371338580.09874,24228302.293668002,39929013.75222,42069968.81673,362020802.01573,395755367.23839
2240,PDIA5,3739399.1245,468356.79004000005,1060834.4474,563830.4327,3792616.6534,3138533.7073
2241,PDIA6,130881042.01319,7639277.6721250005,10233769.114741,10911793.736341,140275914.1763,132689678.41885
2242,PDLIM1,49113178.946755,4527954.619295,5535761.93636,7818366.685211,48613129.926388,66135591.216522
2243,PDLIM5,295935.699,47459.49878,72864.46592,92028.54068,319405.878,325534.9649
2244,PDLIM7,633403.7433,270620.7692,282994.4403,309175.8197,527893.4752,914289.7302
2245,PDP1,394353.8556,165757.9157,209744.4966,189003.5222,730954.5422,430212.7684
2246,PDS5A,9173066.4633,1965402.0323,2644837.9787999997,1914650.5084199999,10729337.7047,12085793.9698
2247,PDS5B,2817944.72136,749770.49969,1020917.31644,602854.19251,3142391.1149299997,3314392.61042
2248,PDXDC1,1207836.4855,230478.57681,461547.87083,353670.59141,1286950.4317,1121743.2966
2249,PDXK,8322515.21945,1846775.367363,2383777.34541,2581969.83596,8705265.59107,8920833.1631
2250,PEA15,2150213.2477,148000.07143,129839.1355,206416.84373000002,1305005.3248,2856304.8898
2251,PEBP1,74209872.6513,6253689.338169999,10308693.44011,9930574.11535,77875871.8038,82685671.7066
2252,PEF1,4107807.1085,1559716.0329,1873013.9456000002,1402227.8671,4603294.5275,4815508.2722
2253,PELP1,1685824.245,559138.5368,947577.828,347388.8418,2384427.868,1591683.018
2254,PEPD,46979987.95346,8472669.863324,17887631.55413,12593444.20169,61613561.69935,43542661.51182
2255,PERP,3350575.9845,4339878.1267,3488569.7318,3616621.8332,3695963.8595000003,3393125.8705999996
2256,PES1,8868327.075,1307098.85,2182512.909,1391972.9069,12726971.679,9378633.596
2257,PEX11B,195914.8103,37669.15489,39197.40309,62514.92007,329900.2165,232878.689
2258,PEX14,3807089.9082,273171.4369,348030.0882,331356.55327,4885216.2307,5013466.4486
2259,PEX19,242990.8213,92445.64931,171018.7644,103996.229,522069.2803,301533.0846
2260,PFAS,13821711.2898,4287596.44102,6526455.72331,4599028.10155,20867605.8514,16121412.7595
2261,PFDN1,23830467.92,2987051.7063,5299948.4217,5358382.2715,23915499.245,28684283.795
2262,PFDN2,42731106.3276,5699730.83885,10920323.21193,10473550.389999999,44645355.1918,53163629.971
2263,PFDN4,6208480.2125,1398343.3784,1894380.674,1686965.5708,8741277.702,7427962.5
2264,PFDN5,22691554.2295,3825597.3619,6304346.261,5984601.3219,21911491.5449,28797837.7911
2265,PFDN6,25505842.2427,4960815.83754,8602782.7657,10910691.8881,28110248.1435,29051940.6047
2266,PFKFB2,1531257.7447000002,327532.93575,304641.52304,263404.00968,2090722.1604,1492435.831
2267,PFKL,8494006.55865,2142085.541104,2419937.365,2211618.894485,9502404.51006,10220828.36905
2268,PFKM,1794929.02719,624671.60538,770758.8443,567813.7473,1698390.3505600002,2559195.0047999998
2269,PFKP,142882081.468256,39300511.225103,43393676.940688,39045540.464174,178221064.717084,152849680.966078
2270,PFN1,504322802.979633,63960388.532294,66701384.403291,80826851.420705,504664118.378301,702500911.167341
2271,PFN2,6847901.39476,1608725.4428599998,2082979.28225,2056820.01206,9594323.58908,7958730.7017
2272,PGAM1,391975302.99406,47795028.545108,101628241.049518,95916137.085655,432551214.09213,473785955.62093
2273,PGAM5,13936389.129099999,1724355.64166,2454620.61186,2122378.08166,23562882.533,15132625.096800001
2274,PGD,151397293.19077998,27574524.042131,42022010.457069,34357517.330074996,133364668.59875,178865052.6021
2275,PGK1,679276031.551312,127920054.628208,200699376.868588,163015624.903458,785439483.249996,805719313.213471
2276,PGLS,4665981.2465,1039354.32786,1923520.10883,1576338.1750699999,6071089.179099999,5185274.7444
2277,PGM1,93271016.87494,18667997.273653,27930763.429980002,20334698.70285,90693898.46288,98902519.44943
2278,PGM2,15768221.583300002,3228843.1299,4568234.7954,3829755.402,21459133.3235,17069325.5156
2279,PGM2L1,12407038.80412,3541216.694525,5236962.30414,3744784.079469,19009697.71779,11813771.77431
2280,PGM3,17215394.78488,4021054.487785,6023972.70305,5075967.106765,19712953.19216,18716729.39928
2281,PGP,24581890.80061,4028035.2834799998,6392404.787839999,6155870.906239999,25209604.967210002,26075222.676850002
2282,PGPEP1,760416.8803000001,110671.54866,172886.29623,112753.74572,1110286.6693,730481.013
2283,PGRMC1,70801434.3159,6451404.13982,7480260.450379999,9973033.50951,83043609.3548,70682505.11919999
2284,PGRMC2,7137970.67319,902681.127621,1293540.5607929998,1270086.99761,8002582.24528,7660355.6812
2285,PHACTR4,21074.27999,6257.688502,8127.898594,10860.11747,38945.0721,28269.05627
2286,PHB1,72809929.609118,3586537.579316,3977090.034537,5133560.984649,101714758.997636,79307636.082318
2287,PHB2,76261262.18648,4617269.465515,6172282.9354964,6954519.736142,112074879.678,80125524.12572
2288,PHC2,440977.1691,74982.91713,88956.68698,82754.22265,752088.3536,478479.1497
2289,PHF14,358634.5236,83879.89284,119330.259,110010.9263,537397.6489,379757.1963
2290,PHF5A,4709246.449,1253457.215,3305490.938,1006923.139,6253336.312,5036816.961
2291,PHF6,3513053.7615,901164.19219,1350979.0296999998,913841.81423,3489512.7428,4637467.9461
2292,PHGDH,50772881.19659,6586251.06605,10968503.57469,8038280.94118,88098904.47292,50959983.52944
2293,PHLDA1,2561812.9157999996,2217368.9139,1898930.9389,3682241.1328,3017100.3290999997,3351790.0848999997
2294,PHLDA2,2604036.586,2149459.6352000004,1989102.1702,2585991.5779999997,3494476.618,2739692.886
2295,PHPT1,26098619.2794,3013462.32419,2532304.18821,3435715.55887,24425877.9398,35154397.384500004
2296,PHYH,289732.988,36026.90312,44427.81188,42497.77869,327009.4348,339702.3444
2297,PI4K2A,306010.3243,80991.74921,110520.3918,126995.3306,288804.8491,285203.7911
2298,PICALM,18774413.5648,4211155.8998,5688632.6111,5728853.8165,24205007.9582,21387199.2922
2299,PIGS,328591.0457,87225.64266,156046.1961,103905.744,521728.0836,356214.5204
2300,PIGT,1768046.2266,158525.35908,211258.05889,263080.96758,2703441.6193,1661001.7284
2301,PIGU,227559.6672,70841.31953,110693.1224,127818.9669,304765.48,265232.222
2302,PIH1D1,1317564.8717,173830.84749,224276.40417999998,216271.63824,1133791.3311,1688778.5612
2303,PIK3R4,2103284.7602,729512.108,937114.9116,608284.7583999999,2757580.3231999995,2184626.6174
2304,PIN1,3662867.7846,483591.75898000004,521591.40057999996,943618.6124699999,2923604.9827,4943326.4594
2305,PIN4,3396352.1798,593721.76049,701560.45509,813231.2101,3573546.8552000006,4450888.948
2306,PIP4K2A,344876.6265,76886.46839,59280.98096,123466.0739,433379.8987,280237.3646
2307,PIP4K2C,8769377.74898,1993586.43112,2014137.01584,2270650.92944,11108201.09569,10574879.35395
2308,PIR,2770748.5148300002,303809.832956,453493.935698,487832.279108,3777469.1399,2998927.79666
2309,PITHD1,1482136.4926999998,205333.79794,346959.3945,274807.85404999997,2157169.0214,1591017.2447
2310,PITPNA,13920257.8454,2016957.16493,3645227.9335000003,3520192.5789,15223578.261699999,17635967.5863
2311,PITPNB,8646560.075100001,1902080.80241,2329815.9605,2970167.99507,7424138.3662,12760269.2978
2312,PITRM1,18180477.37471,1461569.429796,2208716.175685,1567656.156479,24354858.45369,19869568.50465
2313,PKD1,1444951.1,711879.828,933783.4935,531333.6171,1322859.949,1711936.405
2314,PKM,1891486050.136891,582155434.017554,751758659.356992,527465683.721643,2165201523.50768,2028982326.487112
2315,PKN1,3195911.9560000002,659712.0999,730899.5874,716789.9423,3663894.375,3409852.2290000003
2316,PKN2,3658971.36742,810315.23808,1021308.96213,1223383.5081,4288043.3743,4131334.649
2317,PLAA,290640.47392,112378.12002,142849.81836,150665.96288,396579.03715,335639.07534
2318,PLAU,6270049.80425,19985141.61475,68025820.40043999,32624153.5196,6398794.19471,6881413.8104
2319,PLBD1,1104457.3789,883760.6124999999,1218078.6098,684955.5791999999,1731878.1337000001,1013684.383
2320,PLBD2,16147055.052220002,9682871.97686,30205474.134370003,17935460.36555,19759146.43206,16882921.50078
2321,PLCG1,2310098.26753,601390.55957,881139.83554,636161.96192,3948753.5377,2966288.8693
2322,PLD3,1760486.6596,626326.3193,862290.4292,529022.3978,2378886.4869999997,1492344.28
2323,PLD5,832459.7121,371834.0484,505141.9387,388243.35,600451.7384,1520908.649
2324,PLEC,881387924.368531,185670551.912258,264006403.546248,205683724.856609,1201337540.27103,956233587.018722
2325,PLEKHG2,14977401.87627,2097301.684101,2661097.04537,2698461.264952,23670581.8803,15535719.38606
2326,PLG,2599496.65,3068454.325,2270835.567,2809708.65,3348026.797,3246130.33
2327,PLIN3,59638676.36117,6268057.231132,8830822.370852001,9271429.116798,71643022.98695,67715153.6803
2328,PLOD1,33239795.98712,70737637.35066,113970107.99587,46721447.460152,35685860.58311,34711507.048140004
2329,PLOD2,18125120.814519998,5696187.17472,9920342.57717,6993023.63908,21630485.48316,21315097.30199
2330,PLOD3,16189577.1995,8689921.00526,15578613.1494,6914872.97397,20415342.8279,15592075.802000001
2331,PLP2,3692150.0685,2443583.8234,1481674.4398,3426408.4449,5637602.1174,3796763.0337
2332,PLPBP,1649521.33,278350.9639,517619.7771,654374.0882,2153503.335,1590940.9
2333,PLPP1,846215.7513,619573.4186,466135.8413,572543.7215,805143.7259,892922.5532
2334,PLPP2,549590.5116,421919.922,470598.3247,371938.9453,1190336.939,544417.6697
2335,PLRG1,2231458.5296,512704.789,926269.0581,415071.6238,2335473.9269,2729973.6216
2336,PLS1,23246916.8391,7110382.6152,9805088.9613,14057824.1546,22339020.8768,27861442.5943
2337,PLS3,113028422.56560001,34043741.382343,47085593.447465,67499843.30691,120764826.38436,137480014.01759
2338,PLSCR1,85509.7769,190814.4168,239074.934,169912.2945,102031.9802,75023.51484
2339,PLSCR3,619270.26492,1584911.4514000001,1461815.9458,1227401.5341999999,794363.7637,759455.7721
2340,PLTP,254738.21467000002,895454.75275,2829058.76139,1176643.01967,165587.57274600002,265284.74294
2341,PLVAP,1244818.7,182493.4851,269432.1772,323508.5256,3526703.195,555641.2071
2342,PLXNA1,1686104.1993200001,7670491.2315,6683684.4728,6373383.7645,1300387.7128,1933152.13054
2343,PLXNB2,8932390.02205,9526593.2916,9493133.01594,13030295.49448,13263997.6965,10676061.34659
2344,PLXND1,2347931.051,3847234.2385,3230858.0535,3563000.5878,2021626.6524,2750765.2406
2345,PML,2251761.8241,505800.72131,928998.85167,522652.033,3705250.1780000003,1955772.4092
2346,PMM2,5905007.1282,1278967.12118,1814789.64583,1609711.712,6135947.7765,7650067.6946
2347,PMPCA,819640.1869,92977.03161,67035.72078,68223.81277,1415044.724,799115.3131
2348,PMPCB,1702832.406,89234.26449,125383.9208,156536.6562,2545785.293,2023352.29
2349,PMVK,5568829.4417,968418.18379,1335374.15259,1401643.43914,7554992.2266999995,6711720.3953
2350,PNN,5540867.9903,871599.852321,1394581.931453,832529.976425,9323830.7054,5674620.12477
2351,PNO1,457656.0419,107108.1036,175237.9596,132329.5857,786136.9577,535411.9075
2352,PNP,5374800.84488,1597040.969394,2838249.36911,2921992.52411,6733119.51918,6038514.75431
2353,PNPLA6,190079.9004,42266.7888,71455.49173,91923.54909,272786.1678,200365.0613
2354,PNPO,290857.619,70485.4496,88705.69445,87045.48126,559095.7502,292978.6669
2355,PNPT1,6302081.4015,711345.94337,937539.88791,937280.04742,10826699.7194,6814978.196
2356,PODXL,2133810.7089,3447845.9546000003,2544564.3515000003,3146478.22,2091158.4947,2404716.3703
2357,PODXL2,265152.4074,684920.756,1273620.934,1078484.718,269690.0436,374823.4504
2358,POFUT1,7813295.1463,960728.38114,1696641.11025,1854668.91728,8915784.6084,8674100.9368
2359,POFUT2,1558757.1548000001,278238.33697,564457.7823099999,408616.07661,2517765.6225,1666351.2365
2360,POFUT4,2959624.7742999997,409507.61880000005,1487191.92445,1004964.5663599999,3825088.4447,4063887.7410999998
2361,POGLUT1,255555.4334,45350.91437,81656.9557,76181.18104,254769.7018,304308.2549
2362,POGLUT3,2470642.2122,267416.03638,448621.61204000004,399981.51349000004,3002558.0723,2804093.755
2363,POLD1,30314070.507,13932816.794,17317429.306,9627898.227,39947802.604,33127812.151
2364,POLDIP2,995109.2542,131771.40008,219860.14857999998,205654.86860000002,1549337.4889,1233581.3834000002
2365,POLDIP3,1399007.048,204827.9785,212997.9456,216408.7053,1855663.92,1852436.678
2366,POLR1C,3210484.0731,942486.9450999999,1315553.60848,938090.2361399999,4093290.0877,4377293.359999999
2367,POLR1E,1493597.529,255568.0971,401975.7161,273379.4022,2009878.581,1855272.536
2368,POLR2A,752287.9,244641.90527,476074.42513,353753.40859999997,1231148.8144,798260.2238
2369,POLR2B,2265299.59868,943072.40341,1607155.3911599999,849788.14038,3325819.6752,2585022.69524
2370,POLR2C,477598.71074,211581.89589,288452.3175,207325.75121,578025.4098,642845.19402
2371,POLR2D,326612.645,72210.96301,134381.2685,121894.0539,278238.1392,481532.8786
2372,POLR2E,2321306.9202,470759.3457,1009573.9358000001,541726.9412,4369355.538,2415641.3573000003
2373,POLR2H,2821870.3334,690031.3198599999,1172609.6514,994533.2277,3050258.6858,3299203.0654
2374,POLR2K,553311.0445,119437.4577,244114.9744,99478.1864,599779.1754,564409.8789
2375,PON2,6153873.6041,853043.92942,1145799.28911,1322678.8723,6442701.8367,7267299.9829
2376,POP1,393169.6654,135882.1884,210616.6156,170000.1737,460076.5973,509943.0451
2377,POP5,1302107.141,319844.6561,826345.9258,325515.215,1942496.037,1291896.802
2378,POR,28172875.81127,3332780.139067,4287550.705452,4093536.9968809998,37780881.5666,29001841.14884
2379,POTEF,2164927132.62103,581260475.794292,447896266.911383,909563830.00723,3246591299.79947,2355278670.6834426
2380,PPA1,88812729.7498,18112017.32872,28761926.47718,22984462.98637,86317651.48405,107443099.4974
2381,PPA2,18385178.61919,1880348.72707,2847364.52939,2398226.63505,21634105.2887,20054497.97002
2382,PPAN,2900228.8987,451133.57050000003,592851.414,642081.9612,4457934.968,3119604.8986
2383,PPARD,203455.9484,1180531.528,3095831.243,6174289.706,123833.2497,278148.5301
2384,PPAT,826921.0042,255413.3262,477554.245,303887.9151,1467451.455,1024685.93
2385,PPCS,10258916.3937,2390011.3205,3881626.9486999996,3508948.1890000002,12668730.7507,11620978.1316
2386,PPFIA1,702313.0865,155147.0008,129808.9017,202929.7963,741697.6211,793066.0636
2387,PPFIBP1,727295.19857,354406.8123,517524.13517,601887.06843,1077049.7087,774071.8414400001
2388,PPIA,2329445515.9779162,249670133.78822201,219819049.581032,337110261.126888,2136365536.637848,2937664808.178662
2389,PPIB,175948120.93235,13989569.753655,27679812.49678,13917839.97316,198298111.92893,179580388.51004
2390,PPIC,7781647.43236,1353421.559623,2774052.4285399998,1986287.300724,8065937.29087,11082092.67746
2391,PPID,8373779.0879999995,1492839.3346,1968883.5465,2323525.7163,11716747.294,10184357.79
2392,PPIF,19134466.335,1187232.4989,2632613.1306,2216769.9449,18119358.015,21416844.676
2393,PPIG,4093646.8715,614364.445,1113754.2785,603110.9010899999,4657459.551899999,5531108.8548
2394,PPIH,7755667.0940000005,2445172.1305899997,2980199.9735,2800720.28575,9460765.757,10522584.4746
2395,PPIL1,11108126.632,2038616.9971,2117519.4447999997,2151052.2874,14861655.991,11818903.782
2396,PPIP5K2,361571.5869,91234.21744,146454.7637,211142.0461,448713.0761,415011.4503
2397,PPL,56108827.6799,9747537.59233,12890255.5565,11032066.42187,71983558.9652,60753300.3595
2398,PPM1B,1144877.805,185208.209,348433.3314,385424.4039,1541333.556,1456644.899
2399,PPM1F,956890.1063,913168.7511,1086859.688,2366225.772,1160019.289,1176854.44
2400,PPM1G,10966213.7964,2044977.5331100002,3723359.244,3530489.65486,12201472.1111,13895697.1448
2401,PPME1,5009984.022369999,1277427.44233,2019191.1329899998,1333603.23113,6827588.20248,5496124.3963
2402,PPP1CA,27603982.509600002,9493321.28718,10915271.10862,11785041.75627,35815987.51983,32240482.01452
2403,PPP1CB,1832034.1889,651612.72391,981813.05069,656623.78092,2806033.8737,2073524.3516000002
2404,PPP1CC,2332209.309,948696.5608999999,1069319.0207,973893.0927,2321253.101,2385534.987
2405,PPP1R12A,6643486.34292,1144807.814628,1458829.87404,1202482.383707,8094924.16156,8325931.20871
2406,PPP1R14A,24716138.29796,1729435.930789,1593933.0315760002,2730873.3248,26140902.79809,30496946.64905
2407,PPP1R18,902539.8353,187271.84345,182723.06986,243282.0501,1546872.7939,871319.5649
2408,PPP1R1B,5967101.182,398167.7453,473933.4922,357395.1868,5565954.446,3549078.659
2409,PPP1R2,2385404.251,101448.06,148406.0431,174795.1741,1633802.738,3273841.364
2410,PPP1R21,140391.5592,61855.12343,89043.03251,103798.4838,226501.0317,179817.613
2411,PPP1R7,23424744.65089,7818138.39221,8428771.21153,6756059.55664,28322302.51711,25170134.21861
2412,PPP1R9B,1268616.4172999999,325606.09334,506786.45353,288139.5202,1271176.3177,1605849.3289
2413,PPP2CA,14174110.26279,5001756.641652,5356118.649637001,5144489.899158,18452217.89583,16495585.05645
2414,PPP2R1A,35056619.78221,9343080.42279,13361409.30452,11569038.98049,38648911.32831,44171452.70348
2415,PPP2R1B,8175993.829899999,2137762.22269,3670422.18705,2862266.9538700003,11164777.567,9628057.6379
2416,PPP2R2D,1330119.376,585464.7784,669081.2576,553006.3275,1150289.944,2080628.855
2417,PPP2R5D,8540922.38605,2514428.51756,3848438.6238,3332012.29197,10765499.30153,10664758.93367
2418,PPP3CA,7303735.4087000005,2122007.492,3071066.5885,2698724.2216,9237833.3192,8572480.753899999
2419,PPP4R2,193967.94474,56610.64701,68381.45969,67092.70992,298829.45849,220365.6842
2420,PPP4R3A,34340.1217,20161.8167,29714.31308,30910.73348,43417.40159,34227.87962
2421,PPP5C,5893306.30017,1396709.6622600001,2164240.61201,1592228.9826500001,7634949.4464,7681379.85791
2422,PPP6C,6364570.073299999,2707658.7192,3230480.4984999998,2209103.3468,6408367.9583,9520554.0491
2423,PPP6R1,1569253.35249,462608.41134500003,498249.503141,379363.922618,3423844.56154,1615767.7636300002
2424,PPP6R3,12028004.7484,3277910.0534699997,4621668.79876,3479081.14396,13168402.1545,15525031.8982
2425,PPT1,15784808.7415,32000149.3902,59521592.4423,23330188.8682,17153566.9798,21834794.7244
2426,PRAF2,1296951.94508,312307.59709,343350.075,295199.19361,1863457.61185,1188361.17457
2427,PRCP,4981432.286,8018912.9559,16990365.7565,9099994.324,7188138.4278,6334553.0416
2428,PRDX1,527782718.07677,88979114.965556,134865673.52041,121607524.59443,689499940.47788,647693096.37705
2429,PRDX2,37462467.60581,7331200.555604,13419721.89497,10265945.634329999,51506690.336610004,40331826.67797
2430,PRDX3,76172921.80702,4896279.83117,9434212.87299,7062689.70034,97497998.2631,87777685.88655
2431,PRDX4,292567742.29774,50052100.54182,77775320.06405,72476279.46346,362107043.17666996,346365624.80885
2432,PRDX5,112629219.05445,10452845.539743,11977945.194781,12475634.013977,122665755.88538,114652579.68495
2433,PRDX6,117293319.80027,16180847.614255,18757282.262578,22690450.183334,140314011.7544,131755723.05092001
2434,PREB,288334.8221,34886.10718,35176.38867,36802.56938,365553.0311,292948.9649
2435,PREP,34061504.68875,9409675.625909999,12771492.57378,11594558.5661,37904839.63876,39989112.39366
2436,PREPL,924353.7633,149847.3847,242668.4339,214993.4467,927160.7751,1440948.425
2437,PRKAA1,10899429.53625,2343222.5250000004,2205241.6103,2646201.9183799997,12686637.51579,12252193.42274
2438,PRKAB1,578174.2807,139235.38347,175600.70065,221292.21659999999,660820.2652,659243.1332
2439,PRKACA,21039583.55923,4827862.97736,6367069.83783,5514065.99969,21727585.50214,24469666.634379998
2440,PRKACB,10181433.300099999,2724374.9262,3444182.477,2640558.292,10708991.0547,11532741.6711
2441,PRKAG1,3411079.6138,1291744.0773,1526983.6324,1306581.1955,3479428.3095,4339622.1251
2442,PRKAR1A,19803111.926740002,3688263.102978,4897420.768391,4409219.335102,23023575.97447,21229156.99096
2443,PRKAR1B,549053.3867,120052.35,219259.7209,332244.8786,941372.437,486400.7027
2444,PRKAR2A,10549163.68433,3335902.64111,4447832.48022,3748331.18144,12860133.00048,11639235.87416
2445,PRKAR2B,545936.4009,178375.2597,266106.8122,216380.3648,808317.0018,694592.7483
2446,PRKCA,7373215.751,1891014.9107000001,1518133.4537999998,2771619.678,6600539.543,9580718.735
2447,PRKCE,15443502.91,1576139.6235,4546648.8618,2254836.0523,27691772.303,14069043.274
2448,PRKCI,594722.5601000001,197757.75882,307394.94944,275101.83849,844636.0708999999,753952.7965
2449,PRKCSH,91974226.35673,8363488.560496001,17944980.158074,13836056.303066,106244222.42032,98960569.09617999
2450,PRKDC,271020389.23027,71305226.856309,100438685.230248,63325667.145685,351821940.29183,320300438.85504
2451,PRKRA,4567702.0601,1262912.20869,1477426.7356,1622263.2513000001,4825941.3893,6011838.9922
2452,PRMT1,29930731.9089,11648834.35124,19556901.15286,10524851.28575,29984105.2784,42141803.4982
2453,PRMT3,2198963.2347999997,845722.571,1256975.4223,736037.1841,2223178.949,3511832.219
2454,PRMT5,17495233.79199,6725622.16703,10133766.39513,6287058.5205,20408137.52027,20177702.869599998
2455,PRNP,3263290.21,2123521.2598,3512358.8999999994,1643797.2448,4970736.8379999995,3161778.188
2456,PROCR,719465.4521999999,625065.5704,2440631.8533,1685814.6995,929031.9275,805783.7644
2457,PRORP,619048.949,59938.43432,163084.5266,250325.1424,653470.6376,569663.3115
2458,PROS1,219543.2058,345209.5233,1500214.731,643517.2954,282364.5755,172290.2495
2459,PRP4K,3296445.8943,530781.14328,819889.33768,588349.58925,4610891.5923,3597470.7495
2460,PRPF19,7289033.99476,3019053.81077,5219126.58155,1987422.3291800001,11062238.48402,8162156.97568
2461,PRPF3,2465913.25079,384260.216688,583488.99711,548448.022663,4498931.7324399995,2638314.60426
2462,PRPF31,2321804.4407,258626.50133,323052.0198,253818.41603999998,3817380.8407,2587707.5103
2463,PRPF4,1644970.38962,546924.76533,941016.4416799999,666633.61871,2103168.17492,1986359.6325500002
2464,PRPF40A,5103717.58295,1219737.758916,2473265.28601,973521.9020199999,6639807.4448,6341033.44036
2465,PRPF6,8189434.914799999,1623703.976,2967451.2999,1814956.7951,11914456.0811,9092405.2557
2466,PRPF8,53318604.803279996,24526544.274329,39736294.63429,20240111.08256,67159872.57749,63845691.09613
2467,PRPS1,76718973.3106,16432702.05734,19803323.8836,18457261.8532,91378936.39039999,93798469.1347
2468,PRPSAP1,4501854.4154,1288127.2336,1626297.9701999999,1130060.5893,5207298.6902,5011952.6969
2469,PRPSAP2,132940.7274,389058.8725,459468.8415,466035.3089,183144.9228,159582.4182
2470,PRR34,566478.3357,131852.6163,250330.5181,146313.6995,545590.8403,513836.3266
2471,PRRC1,14959183.651700001,1630655.77743,2708936.78376,1756995.27369,16041117.065499999,16995666.3437
2472,PRRC2A,7509.056059,3820.37558,4409.056507,4840.660114,12967.81326,12967.81326
2473,PRRC2C,256325.0336,36302.98908,47750.39223,64028.59516,399499.4648,256840.4883
2474,PRSS23,9578782.451449,47316108.00478,72634565.58944,38245429.58949,7286240.250763,10458567.35822
2475,PRXL2A,3973597.6731000002,351408.46446000005,396468.08593,372351.35529,3586064.2406,3982298.2811
2476,PSAP,206162038.99080598,765033165.344427,2777067655.396812,972485321.4056439,199651064.055711,199338062.351385
2477,PSAT1,55314590.61461,6274401.056295,17162619.30716,13497679.961944,82485919.20064001,67261105.73558
2478,PSIP1,1906825.83731,242107.987036,772544.7147629999,530796.101727,3778949.0333600002,2032077.56189
2479,PSMA1,90436729.96141,29837782.4786,58566169.36996,44427301.65897,120737081.1883,101485705.09425001
2480,PSMA2,21665403.93733,8292838.0254689995,16361586.601953,13300531.571618,28382473.646250002,25359935.42526
2481,PSMA3,57255046.03579,22341098.39119,40915516.28865,28083661.89953,78474560.05993,68752306.15724
2482,PSMA4,36752620.57718,14433226.578456,26898089.07141,19084785.47196,46131579.33466,45179536.85982
2483,PSMA5,20609798.630558,7656640.265556,13477337.564959,10311680.23306,26681752.529803,26873634.154739
2484,PSMA6,68489864.90033,25267068.493442003,47820997.019305,34982349.427149996,91897794.05476,80661354.73645
2485,PSMA7,89162504.22837,32893083.48775,61819547.06212,45397169.36107,111012783.5966,105978074.20754
2486,PSMB1,32515804.45695,10190669.95213,21559423.30848,15798697.25436,46857268.94782,38169280.209699996
2487,PSMB10,105816.439,47117.69015,84080.03941,70483.60045,129098.2157,131776.602
2488,PSMB2,19165726.4847,6837297.1271,13612701.014800001,10250595.5143,20957968.2773,21019200.6522
2489,PSMB3,13508204.529,5797232.62703,11247306.3411,7413101.8496199995,11962720.998599999,17426910.3151
2490,PSMB4,15970246.385,6311760.3332,12780237.1612,8275391.6266,23071444.7064,18115394.1543
2491,PSMB5,22396770.53051,8140966.57023,14235414.83218,11085826.53683,27353310.485910002,30171665.059439998
2492,PSMB6,14850665.2468,5419394.6262799995,10458398.4123,8611272.155100001,19835830.0683,16446715.9749
2493,PSMB7,20981245.8191,9356749.6725,15783435.18,14272158.4575,24297852.6788,27248799.0616
2494,PSMB8,4729000.6925,2100182.0504,4331678.1282,2760823.6795,6024212.2129999995,5100332.8728
2495,PSMB9,2863153.1735,1672166.2289,3136883.4203000003,1746323.7057,4364579.87,2755795.4524
2496,PSMC1,46442415.11129,14794077.477466,17135191.17323,12819611.20426,56738237.88508,57657754.56592
2497,PSMC2,32093914.14188,12429829.33602,16268568.19371,11699340.64689,41875545.14663,39421102.76515
2498,PSMC3,31730494.09205,11142474.02558,15113919.41711,12217105.53442,36832432.0015,40904761.02308
2499,PSMC4,52440828.0593,15701289.803865999,21102971.823468998,15110904.989303,75868534.42309,65055013.85312
2500,PSMC5,32856202.75181,12948408.108504,17466682.692072,11248665.101609,35194556.659549996,40702539.999960005
2501,PSMC6,44860140.330739,13784420.787291,17850006.6576,12313601.34516,66153154.21752,51753125.03433
2502,PSMD1,53649038.765200004,21426647.2051,29423455.115170002,19007453.79112,55721919.894,64743858.2996
2503,PSMD10,12470220.78055,2849490.38392,3718248.2966,3246283.56876,18682297.82699,14716702.83943
2504,PSMD11,71671518.78769,31208298.4681,51592976.80306,45237196.81887,95186134.81673,86005871.77211
2505,PSMD12,38645193.7454,19331948.05694,27010931.11125,15120083.89518,48917745.91244,48530588.35949
2506,PSMD13,40919185.498576,17227894.811467,24337933.860026,14942410.838731,46312306.23811,50180637.772083
2507,PSMD14,18565475.815418,7347763.656275,10785474.889787,7068569.739867,21939783.663566,24340233.105068
2508,PSMD2,75641622.568786,29694587.337047,40710433.253457,29890685.082697,85416101.974922,97992778.458479
2509,PSMD3,45712557.56549,21571669.732999,31644422.47935,18217159.367683,50979310.582159996,57470015.04554
2510,PSMD4,11526653.366,1700313.92987,2905951.78276,2289408.4251800003,15846548.252899999,11923372.1547
2511,PSMD5,15932866.1118,3834347.24333,5255497.09971,4712138.57417,18375418.916699998,19205258.137
2512,PSMD6,22718917.47914,9405412.27862,14556267.79892,8451156.584169999,34025024.78457,27438817.524499997
2513,PSMD7,15910729.7453,6556251.6543,9044730.88855,6456024.74246,19246253.9392,20589262.2283
2514,PSMD8,25150996.7432,9613065.35758,15143255.03978,8697640.39446,34507632.0503,29579207.7346
2515,PSMD9,4121356.022,476914.25927,589737.9995,709826.352,6085705.598,4315841.1972
2516,PSME1,38459186.80926,5926777.43843,12186401.85193,8723799.7841,43229907.18002,38600789.16446
2517,PSME2,30686378.53679,5571274.175319,11657446.779846,7684016.316256,40619703.98705,35174562.99551
2518,PSME3,17621356.2463,5439663.64471,9737516.1384,4669192.87325,21147310.0372,21378175.3327
2519,PSMF1,1547886.38,276965.78562,471621.16153000004,463213.0358,1900876.9885,2347615.1876
2520,PSMG2,6042147.6449,2168269.56338,2576775.7999400003,2086316.54198,6306741.9879,6737298.4147
2521,PSMG3,337376.0588,84903.86544,158597.7621,119817.3177,417501.8843,396884.5073
2522,PSPC1,32037114.905,5317939.609099999,7253906.829200001,6183807.990900001,34410635.8,38964468.511999995
2523,PSPH,7382824.990289999,1261839.29641,2618678.9781,1871703.28244,11518905.040180001,8741452.25933
2524,PTBP1,82659903.38159999,7141066.978095001,12655583.879294,9030619.410381999,108447312.34813,97590714.78487
2525,PTBP3,871224.0813,88509.72751000001,206306.23904000001,123743.17590999999,940748.42869,1166490.1067
2526,PTCD3,2573469.01759,228048.61726,354061.35539,393883.50094,3718951.7442,2737510.4827
2527,PTDSS2,4233475.486,545489.62626,533311.29453,593047.47412,6109891.871499999,3939033.7112
2528,PTGES2,3760176.595,1259653.3823,2189056.4740999998,1806104.868,4042343.9020000002,4728053.058
2529,PTGES3,99898319.6842,16010491.142560001,17038502.06137,18712788.567029998,99966207.5681,128091193.4386
2530,PTGFRN,485364.93494,1331880.93503,1820799.48386,1251155.54276,1287840.08865,1116355.37861
2531,PTGR1,776313.8241999999,165922.358536,272757.16267,329211.665886,737296.96648,1127387.00106
2532,PTGS1,2185460.7609,520453.31386999995,677187.625,554655.3555000001,3652020.7383000003,1498062.0345
2533,PTK2,2170327.9359999998,693847.1603999999,1273334.146,790785.904,3264157.7600000002,2356867.2213000003
2534,PTK7,27321891.14243,32195621.21883,46258160.07175,40564967.0203,27546235.30331,32456349.66273
2535,PTMA,81583265.4939,3187254.52047,5867501.7909699995,6673907.44172,89030729.806,92900999.445
2536,PTMS,18578515.0547,718293.7389700001,1653671.91658,2040273.14282,13536684.5283,22476048.5074
2537,PTP4A2,11258861.479,6872072.034600001,5781259.52096,8604667.93971,15046684.32215,11013605.87101
2538,PTPA,8269741.2323,1360050.98596,2985500.7422,2433394.09509,11223520.4154,9889264.787700001
2539,PTPMT1,211868.1461,38987.50744,55950.06757,51774.39218,311891.866,228561.9782
2540,PTPN1,8414204.8054,1744378.5754,2329869.1727,1818943.3824,10096173.5277,9822867.9294
2541,PTPN11,5304930.432,1376969.82103,1903205.6564000002,1784053.2029,5475969.0182,6665874.3758000005
2542,PTPN12,3050898.8403,922324.17763,1289114.594,1038409.9736600001,4782745.2369,3475785.5927999998
2543,PTPN23,1572809.3545000001,596397.14653,656255.32228,587137.17102,2617096.8986,1673599.5361000001
2544,PTPRA,188657.0232,234457.6508,229203.9164,323549.706,192320.5276,216031.2776
2545,PTPRJ,612931.2201,405144.8865,419936.0378,408861.194,810631.1194,691738.5552
2546,PTPRK,1536021.34741,2952851.01607,7281278.67735,5545354.24522,1940853.88194,1596808.713217
2547,PTRH2,1637783.7707999998,192542.03603,233286.75533,267864.00711999997,2616851.0098,1650829.8339
2548,PTRHD1,272882.0979,154215.6273,192318.8424,379143.6645,461708.0242,320699.8979
2549,PTTG1IP,3641316.8967,3737168.6821,2902201.5188,2821808.3798,1893592.8124,2041114.517
2550,PTX3,3084807.84885,13878424.761300001,27003809.64153,7641157.95249,4282978.32256,3308851.8003499997
2551,PUDP,18010.53293,4074.307239,7575.686726,9085.670627,20692.38445,15470.02076
2552,PUF60,14141101.614599999,2114337.0806299997,4280410.2326,3025699.2433,16798205.4864,18174416.976800002
2553,PUM1,1105005.3503999999,233689.4008,306937.65150000004,264855.9703,1842943.9588000001,1216152.858
2554,PUM2,1304108.993,153535.783,203008.3339,213320.4356,1939857.413,1315180.512
2555,PUM3,1309095.0672,401079.4022,824873.6199,436892.2203,1503906.1039999998,1331664.2026
2556,PURA,5518351.7664,2248120.4119,4528498.6918,1810174.3801,5993549.825999999,6894263.2453000005
2557,PURB,303556.2818,68294.08743,112753.772,74449.36388,556818.2849,318954.1632
2558,PUS1,1561349.016,309591.7123,523833.5073,405335.6485,2633193.502,1690957.2126
2559,PUS7,1299840.3636,463261.684,526791.3734,489357.78260000004,1500405.6517,1854162.6153
2560,PVR,228764.5559,249623.3396,532952.2686,471397.7358,435695.5149,191688.7962
2561,PWP1,92299.2836,18090.007306,30604.92546,26170.351913,138181.45348,91482.70035999999
2562,PWP2,900216.3948,423847.10767,969635.069,379878.16991,1221016.25192,1056532.3084999998
2563,PWWP4,26450.86351,56700.57422,134297.5499,39013.92334,17814.98111,44369.92111
2564,PXN,30368958.92186,4344366.252172,6177377.2895,5747155.14541,33759878.74276,37532828.9701
2565,PYCARD,13278642.1661,1077043.14476,1183076.48107,1645292.84825,16265773.940200001,14033179.8675
2566,PYCR1,13559594.6754,739203.3435,1069216.79656,1094725.71175,18591736.418700002,13341685.5844
2567,PYCR2,22179580.9392,1600887.24966,2462323.86574,2678982.2253,31853191.1598,20725354.2
2568,PYCR3,2872896.9503,875738.3174,1242736.2608,896740.9082,3839836.8170999996,4083138.4321999997
2569,PYGB,213601471.70363,55155796.372305,78686107.70942,57304544.747027,256155582.85508,269160223.94067997
2570,PYGL,2076765.97977,550976.9662,878204.68856,694761.9674,2960119.0094600003,1957161.87985
2571,PYM1,2944879.2789999996,285280.8807,269865.00871,300329.24169,4182238.6934,2713894.3951
2572,PZP,1366334.2799,877707.4946,2174477.531,4869894.755,1802761.3110000002,1687919.3706999999
2573,QARS1,32477823.502745,12031178.666948,15476731.681348,10042013.327277001,37964545.52173,39128393.53686
2574,QDPR,2923748.28,514511.9341,534347.4097,332443.2837,1219786.156,2999715.804
2575,QKI,2463926.704,377672.4025,643900.6667,503495.7058,3844441.63,2661536.513
2576,QNG1,6951242.7934,1507937.34806,2071518.42653,1784287.87563,11640260.5599,8083289.3568
2577,QPRT,2780595.789,449659.5871,955400.3446000001,605124.5581,5551871.9120000005,2528472.0130000003
2578,QRICH1,1541997.1,388978.8444,469680.1659,359804.0531,2325569.155,1789082.13
2579,QSOX1,12276644.89525,32039721.25042,94182631.54145,59026995.02244999,12681950.27846,13582474.85596
2580,QSOX2,6596072.58404,5555437.4377,12123083.07107,10125697.162,8841168.4136,7498078.6419
2581,QTRT2,736249.4732,184536.81517000002,294860.46787,290130.701,996394.1243,752827.4572000001
2582,RAB10,73942820.05,50911869.84069,35839892.89973,61246825.4469,71271001.7965,84022476.01550001
2583,RAB11B,38272430.59485,17695640.88738,17220843.146568,23188219.05516,41783519.85614,41291910.49796
2584,RAB13,10154164.160999998,7683783.740900001,5139369.32,9808891.4152,11667108.1207,12894141.5181
2585,RAB14,9352776.4428,3035489.5434999997,2492691.35733,3365971.8473,9428410.7232,11840662.6567
2586,RAB15,31927594.293600004,9425087.96888,7801377.60391,10177007.46414,41893824.9407,33934946.43698
2587,RAB18,1846527.753,1760000.997,2018082.924,2127434.931,2280892.574,1868596.457
2588,RAB1A,118433210.48877001,32492100.4767,28882004.876692,36995780.491782,118214526.59572,140120077.72642
2589,RAB1B,29481197.733599998,5810699.42242,4464657.72022,7385637.39028,28390260.6607,34337572.7346
2590,RAB21,5531224.8704,2006961.0397,2198281.5445999997,1802292.8728999998,5403279.696,5950494.2161
2591,RAB23,1596424.4718,1289088.5049,1150427.3816,1726855.8138000001,1893633.9239,1772972.8044
2592,RAB2A,9228123.522289999,3625213.1376259997,4365752.980473,6366995.285054999,9923097.372130001,11910176.43285
2593,RAB31,2209460.5935,1301417.71157,1331331.33088,2082173.08444,2112909.6306,2601496.00905
2594,RAB32,9398819.4455,4023014.6985,3923951.1276,3506788.4759,10430809.6379,10010695.9555
2595,RAB34,6188438.7531,3381945.8594,3384821.8142999997,3756963.2587,6068158.0832,8614636.638
2596,RAB35,66937439.4329,34674053.97338,26154323.72034,41635173.59574,71666870.03722,79377514.18858999
2597,RAB3GAP1,798885.94834,328709.75645,380941.84037999995,305922.13512,653775.9472,1157053.1442
2598,RAB3GAP2,4127366.6335,1318135.9648799999,1645765.38105,1142625.51867,5300908.3343,4510119.7682
2599,RAB5A,2136060.914,666099.2086,607625.8496,594602.3688,2638583.897,2502021.545
2600,RAB5B,5270758.8423999995,1913573.6837,1495110.0643000002,1947613.239,5769054.4382,6262293.9248
2601,RAB5C,29951787.45217,19271754.62073,16333892.446702,19894792.11445,31294889.63929,38863928.55177
2602,RAB6A,28540415.297000002,5855901.7308,6256467.5372,7271415.7698,37000869.816,28220650.48
2603,RAB6B,14071078.640099999,2925595.1888,3610641.13217,3415182.5696099997,20767118.333300002,13141957.5145
2604,RAB7A,90958714.70297,30723587.822350003,27578182.22452,32253559.44184,106077426.10477,87259389.35029
2605,RAB8A,4690464.393999999,2780277.57163,2586291.86438,3971942.6162,4428526.554500001,5797773.9572
2606,RAB9A,385520.604,166953.6131,213752.0802,193331.0576,303619.7588,387283.8701
2607,RABGAP1,3753123.4056,1380274.4844,1676593.4326,1465072.0826,4921777.2222,4315182.0166
2608,RABIF,1601417.9986,383241.9424,554773.8194,654229.0161,2759346.389,1743316.204
2609,RABL6,176045.2796,67157.2952,98323.12057,103427.4594,275353.0075,221071.2232
2610,RAC1,36830710.4949,37833668.873110004,31226632.40573,47746992.89068,52927310.364199996,42282528.0192
2611,RACGAP1,2904927.2923,1349584.281,1235973.7469,2600140.4249,1834655.1291,2570104.8852
2612,RACK1,166443926.413467,58855963.056006,70616732.121982,38993413.672533,173886984.273165,209176574.103819
2613,RAD18,461997.3383,88571.25255,153599.0703,103769.0711,196210.4253,356746.2278
2614,RAD21,402274.4875,161608.1064,347952.4597,168868.4426,304175.9005,459410.498
2615,RAD23A,13827554.757609999,1343928.43852,1767401.2218799999,1993490.48108,14601680.97828,17128972.47167
2616,RAD23B,17331904.0896,3091385.69957,3667689.45076,4062043.528,19578480.605,19973317.3616
2617,RAD50,33319180.17803,11286049.79686,15962271.88585,9789253.60992,41994832.03795,40046472.44527
2618,RAE1,7523837.3021,1108788.1181,1700073.8482000001,1378561.3311,7615518.9041,10720294.6899
2619,RAF1,1682611.046,423812.152,419205.8052,516704.6878,1686546.234,2113375.473
2620,RALA,11759957.432,14013965.74,11265768.0276,21038624.0602,14751499.4114,14067149.0046
2621,RALB,3499429.5766000003,4174526.7083,3243913.7282,5417352.497,4409652.7019,3646037.4319
2622,RALY,70915260.54087,10948965.276561,18359291.556011,9366548.225094,79146841.5473,81508618.06575
2623,RALYL,13406338.581,2502828.1946,4060446.5875999997,2016367.8163,20101009.269,13433059.504999999
2624,RAN,173016820.84087,56891056.081518,70694520.846221,42417259.672305,162681536.993,222237408.93298
2625,RANBP1,35758771.4551,4305724.01099,4914907.0281,6557249.4776099995,31364954.031,46748118.8975
2626,RANBP17,1106387.513,230148.9425,327837.5026,386186.9428,415689.3824,505683.9909
2627,RANBP2,344732873.96273,32729354.18768,29052310.36427,44692722.03814,405345125.4786,372322678.58071
2628,RANBP3,1716056.3446,282320.6868,622003.9931000001,494477.3361,1798284.5751999998,2104658.7086
2629,RANGAP1,12602067.502099998,3385269.18394,4195319.2865699995,3892851.48264,12700981.159,15202748.3532
2630,RAP1B,38505148.607686,36142943.115857,27739135.987482,55991190.423607,37218821.377026,37546977.28775
2631,RAP1GDS1,95659973.722,20127057.68578,50909843.47801,21132694.35834,94644741.2392,118804177.9097
2632,RAP2B,665136.20508,790404.28972,706756.8866999999,937884.83347,872734.50114,720667.1292900001
2633,RAP2C,2341660.86969,3497641.58483,3013872.214518,3855528.647637,2953752.90227,2499244.756533
2634,RAPGEF5,620742.6186,202238.525,725499.7136,173581.7186,331131.2975,356964.2356
2635,RARS1,66894547.33159,23426982.06732,30830779.991389997,20617614.91875,89460153.31174,72105141.03865
2636,RARS2,657357.59101,75171.982682,109109.88834,83573.762302,909125.9841,705587.2547800001
2637,RASA1,515264.5207,159833.58437,197298.55894000002,172786.52223,612594.7997999999,600828.4788
2638,RASSF3,1132254.557,213664.977,476594.2294,304069.3227,372124.4824,579856.3124
2639,RBBP4,9568264.5062,1480676.53738,3009947.0132,1971819.3732999999,9681753.9845,11142615.287800001
2640,RBBP5,236016.7621,112631.7588,197697.7428,171615.9391,215447.58,267752.7729
2641,RBBP7,17939288.71517,3742678.14444,7580802.59628,4793518.28514,22878772.9651,20854024.89655
2642,RBFOX1,599096.2943,109456.2758,166023.1372,147882.2631,922878.5355,828176.1196
2643,RBM10,179762.0005,14123.12953,14321.69752,14118.07832,230930.0977,202080.2275
2644,RBM12,4633187.4237,840528.2977400001,1302409.30177,1379528.0609900001,5226354.1482,5261417.9334
2645,RBM12B,204553.9021,28863.43404,20540.68777,33685.661,598706.9941,265516.1774
2646,RBM14,9067980.486499999,657573.71237,1169210.00431,821597.0756,11536093.1746,9716005.0537
2647,RBM19,1065069.354,212970.9705,411790.6516,238294.8103,539312.9179,743879.8868
2648,RBM25,6905756.5940000005,1751307.78466,2893429.45702,1512212.38139,7906633.510600001,9082290.4732
2649,RBM27,20471.65313,3941.746875,2628.707571,5976.196875,15865.11917,20279.47387
2650,RBM28,1427472.163,186205.4049,248733.2642,203840.1255,2321052.398,1290551.71
2651,RBM3,32249781.977250002,1261614.479303,1581722.337102,1815929.73312,46970162.603480004,40263608.42884
2652,RBM34,521609.2136,71198.12411,108377.4589,56904.28358,937048.1833,555226.0588
2653,RBM39,9993160.8468,1385028.365592,1945195.85591,1772098.695912,13629728.2601,11179213.2624
2654,RBM4,7762649.5702,2140418.111,3049660.2703,3122031.1504,10668643.1712,9490299.994800001
2655,RBM42,2612947.93,230697.5789,296252.6762,375178.2374,4110437.116,2905255.928
2656,RBM6,1069068.4087399999,114532.249259,176992.921002,160896.176978,945446.5004,948640.85299
2657,RBM8A,4478541.03498,546767.76211,1374182.709468,1241381.137055,4726765.0942,6635338.48728
2658,RBMS3,574414.0811,201015.2239,209641.9075,239738.7601,707295.3711,725324.4688
2659,RBMX,124041277.77589,5985014.7035435,7630118.9270252995,7779009.357331,115300971.18099,142414461.95979
2660,RBP1,522644.4168,121603.8245,207036.2494,113524.6333,712096.1637,596658.4445
2661,RBX1,5709037.0726,1657119.4136,3110183.786,1594813.603,6796762.414,5965572.0731
2662,RCC1,2500584.6570699997,679684.963586,1027786.857348,722360.316941,4241996.75077,2652371.0078
2663,RCC1L,496196.6878,188773.5831,193391.1014,512573.2492,731018.3633,712968.5272
2664,RCC2,16361824.924999999,3847571.2986000003,6509401.0418,3972700.5705999997,19285600.5925,19650092.6346
2665,RCN1,49108978.0618,4316775.7914,10281594.6391,6005997.4795,55030348.126099996,46504918.5509
2666,RCN2,11196979.23392,1698322.145416,2300851.4629699998,1779930.79467,10090212.68672,15348001.89717
2667,RDH11,674869.3875,85752.89175,122338.1573,126041.6631,1076796.839,584249.7338
2668,RDH13,293953.1081,32270.68288,26299.08724,31444.97516,418672.0763,309718.7149
2669,RDX,251355187.849737,209761850.349856,179851244.755156,280683467.689124,235652226.014268,324833188.146989
2670,RECQL,25922015.9617,11297438.63468,20097976.53979,7214543.55783,28801267.6148,29827679.0775
2671,REEP3,2227839.6045,502755.1757,841021.2971,402546.4331,2537894.2296,2516058.5105
2672,REEP5,33632313.085999995,8521006.9278,8899671.0457,6276867.6169,33231162.1322,40058614.594
2673,REEP6,398223.9393,164185.6781,201252.0567,186309.3556,338882.4954,551150.9954
2674,RELA,9211300.43361,1961664.883042,2428276.960293,2567152.64904,12535371.82672,10372325.34773
2675,RELL1,425582.6224,351564.6983,274809.8376,390547.8619,279345.495,490600.5256
2676,RER1,2704481.22994,410191.60015,498111.0128,563800.24314,3318489.5949,2994645.05844
2677,RETSAT,2155640.6308,409012.17668,584264.11738,480077.85477,3122071.2625,2371379.5433
2678,REXO2,6838152.8164,999858.5861000001,2142046.9141,2061016.8051,7841672.888499999,7279207.020199999
2679,RFC2,1637014.1390999998,330363.7462,426797.83239999996,371977.33629999997,2238164.6143,1777435.8420000002
2680,RFC3,214090.6264,76879.79191,112089.1275,89067.69434,273161.3057,290597.1338
2681,RFC4,1114953.1908,271537.02164,407300.6372,398947.78839999996,1505114.3416999998,1315097.1601
2682,RGS10,4735046.689,332255.0648,513328.65750000003,468798.03740000003,4771048.795,5561125.870999999
2683,RHBDD2,570919.92552,205557.59846,326487.29689999996,330762.1801,489586.1261,811452.06726
2684,RHBDF2,103446.4778,90783.10814,98831.48514,112950.5331,223735.0799,84885.93816
2685,RHEB,20665929.52,9471191.2336,7971205.2096,10581705.7642,20050971.465,23384085.3585
2686,RHOA,9458839.05658,6271239.28864,5270003.034209999,7779417.7211,18121657.59337,9794422.958
2687,RHOC,45831268.4215,30359442.91257,26655750.756049998,36153218.83124,58435194.065400004,56818165.417500004
2688,RHOG,10887478.313099999,9037040.360009,6228925.9556599995,11345211.64595,11746854.506339999,12842954.73366
2689,RHOT1,1306660.2586,155499.41977,324874.1213,242497.29319,2211310.9714,1336552.6815
2690,RHOT2,4341195.0185,1741849.0193399999,1741247.053,2184888.74082,3569038.9307999997,5530448.069
2691,RHPN2,17953625.42759,3070842.53082,2750999.8783899997,3755152.92172,17350145.58484,22290370.2529
2692,RIC8A,70890696.0572,11649480.95814,15463718.39567,10854320.29245,76359143.5425,73378597.2181
2693,RIGI,2448542.7637,788292.1672,1144368.8152,1217314.2480000001,3249722.0879,2601000.4207
2694,RIN2,1475092.408,205217.2113,332449.5582,195355.7168,1036058.555,1295642.456
2695,RIOX2,2972172.3621,707499.41728,1109475.65581,812279.54561,3446778.2977,3613511.4272
2696,RIPK1,244340.27130000002,75487.71737,104395.05572,121622.75923999998,433725.64749999996,290875.71979999996
2697,RMC1,380993.7666,197669.3048,360346.3539,210072.2247,509534.3348,371822.3524
2698,RMDN1,4706670.6071999995,799467.95193,1638010.3558399999,1140309.18896,5166792.4362,6048403.554
2699,RMND5A,225682.0284,95594.87731,156910.597,92397.57035,342460.3594,316194.9631
2700,RNF20,175696.7181,72960.29669,112823.5841,87694.20697,239388.5021,237816.4302
2701,RNF213,31267190.80666,7478977.05434,10604006.412969999,7591652.47422,44960273.31908,33548646.502
2702,RNF214,54124700.5116,9957775.59384,12981878.222199999,21144815.10623,37538710.7933,73811632.26020001
2703,RNGTT,2084170.5634,539651.06968,695655.44809,508721.1435,2225779.1294,2279823.0509
2704,RNH1,105333952.967242,24419391.510909,33009706.907572,36217747.249193996,134713639.89427,126760006.07563
2705,RNMT,245960.1985,76898.83855,161109.3507,96088.76888,324778.5554,295443.7181
2706,RNPEP,23941262.0649,5883471.85192,9477088.4107,6884946.50694,23678311.0801,26962824.9781
2707,RNPS1,9607104.1545,1382762.14652,1875439.7328,1372149.28733,13633752.241600001,11000501.2566
2708,RO60,18434653.627609998,3149695.1328600002,7756125.5702,4539148.21022,25099203.1957,21846093.86366
2709,ROBO1,62153.5602,60353.68326,56243.50071,65566.19334,111405.3956,71025.4464
2710,ROCK1,1519938.1748000002,542382.8499,616709.4367,494742.1768,2224660.6002,1426626.4586
2711,ROCK2,7036333.0637,3369822.45737,5437331.9086,3428491.6463800003,10019819.662999999,7209038.5983
2712,ROMO1,114535.3086,48656.9662,64287.56797,48910.52014,160929.01,194123.2445
2713,ROR1,405551.8257,600396.6501,627554.8515,627716.0835,828589.739,391203.0243
2714,RP2,7260460.9628,10048306.672600001,9607520.906,14385403.598000001,8826657.2236,7741184.5406
2715,RPA1,16696965.6272,5398617.4041,7043523.936,4358844.4899,16717213.1323,21692041.1908
2716,RPA2,6367925.44174,1590064.074983,2316292.93022,1419371.090475,8771227.7,6442385.09772
2717,RPA3,3034931.3383,654503.6139,1461593.1033,949952.5719999999,2833644.4836,4078341.483
2718,RPAP3,2177355.4423,268675.2996,351957.60072,356126.69169999997,2839409.1358,2612398.8662
2719,RPEL1,3981692.9464,726469.7359,1161001.5041,1058820.549,5140644.581900001,4072090.206
2720,RPF2,15926898.845,4303429.382,9391370.235,2870862.0378,20324441.312200002,16758881.6795
2721,RPL10,77909511.40152301,8450101.399385,9648655.699967,12928789.39378,99972363.247254,74428770.224559
2722,RPL10A,105153524.62933,22410017.66469,59741900.70615,18839273.871319998,121727581.6163,123925269.09773
2723,RPL11,90586340.020006,17615677.981708,21258844.770147,17858522.925588,87254240.16007,109508211.60268101
2724,RPL12,73318259.591673,13386787.909923,33820315.238387,14759012.360026,76642537.09544,91550764.58547
2725,RPL13,151419575.413,16994448.55677,19235353.28325,19269034.55989,200894748.78350002,152196444.90579998
2726,RPL13A,236248233.82263,42383923.63036,51776342.575,36006542.52888,251488320.16117,226571882.49444
2727,RPL14,97110151.01535,21320643.037133,27612965.183702,19963690.19653,105054196.6543,106211330.37573001
2728,RPL15,100610527.08442001,22435110.582213,40756983.55037,15558213.583147,124483230.29739,88678791.08264
2729,RPL17,111352129.04427001,15710737.682077,18519837.439076997,16800420.290785998,112305490.33898,124250368.23501
2730,RPL18,54072966.6119,11601384.27392,19732120.2212,10323999.95464,66382229.9372,61577128.6991
2731,RPL18A,70959308.5777,14727752.88104,18301519.04497,16422321.9153,80835545.77677,79970658.51392001
2732,RPL19,92352815.39025,8394916.720477,7340340.75995,9667003.721671,124246914.46968,93799792.09647
2733,RPL21,69903340.00646,13395464.9995,17380435.21266,10228605.69744,89014607.50284,74577368.3678
2734,RPL22,82511821.792413,14507725.048534,39222472.487094,15398440.32347,106675196.090977,93935705.605368
2735,RPL23,202832305.93219998,26551497.91822,26813275.4691,23665334.81746,247179319.7472,228763355.9642
2736,RPL23A,109608280.5122,7646733.45476,14490897.42581,9298385.32437,104578107.0376,133460248.8072
2737,RPL24,86155792.06971,14552743.783381,18950404.528219998,14846777.027173001,83266906.5266,92475347.58138
2738,RPL26,134702502.37265998,24823309.165289998,32482426.84224,22861848.78688,181069102.60662,153819339.56988
2739,RPL27,75137738.1849,20129111.24479,28447367.3845,21800866.39871,79645878.1326,80104916.2367
2740,RPL27A,114470091.13409999,15731675.37943,20295062.978927,14597171.746790001,133995544.74159999,119271236.7857
2741,RPL28,89729801.1848,13497366.23138,15762003.38971,13460357.87479,114525354.6671,93390443.9943
2742,RPL29,29230046.94685,1708342.18869,1808206.624473,1966920.825897,37495421.45534,25848599.29258
2743,RPL3,192498036.48747,44054933.826573,64169424.567083,37103797.190907,226153606.88657,211004578.47731
2744,RPL30,52007865.75496,11470135.43962,22944574.459235,11308947.384526,65772381.31973,65175980.87867
2745,RPL31,107445945.77413,8052029.798489001,10786073.321117,9018722.693254,133948714.22319,127837918.6455
2746,RPL32,39474424.1316,5125944.33354,7139607.32439,5628877.35095,48087659.8494,35394052.9019
2747,RPL34,147323631.49347,25060570.452558,33366686.160761,17963332.81812,152441854.44523,158409446.75657
2748,RPL35,100624193.17199999,10232511.5103,14317787.9735,10531696.234000001,102266511.532,105603228.215
2749,RPL35A,76102374.5096,19373960.42326,22596615.775849998,13738407.49704,93149950.0987,92063655.402
2750,RPL36,48430317.918400005,4810560.23093,6292381.8708,4996969.67523,59142957.952999994,47086316.345300004
2751,RPL36A,17498793.965,2145583.147,2066210.8537,2071918.8053000001,15775960.467,19667589.356
2752,RPL36AL,46127737.5251,6043865.23198,6532837.54662,5006545.479529999,37885940.0618,55297528.079900004
2753,RPL37,66287613.84358001,8364058.32793,11680021.73601,8291985.3921799995,82426272.2507,70222241.17119
2754,RPL37A,18114968.746,3168398.5042000003,5223859.0172,3200953.016,24474443.981,23195824.435
2755,RPL38,28398129.1352,2960072.10499,3974184.3685999997,3828250.8323,26176399.043700002,34410539.0588
2756,RPL4,319798636.42977,58914818.822422,73988791.071956,47173680.55398,350102931.18294,316667933.667
2757,RPL5,257729930.48439,48271872.738654,66341449.451093,45308135.76096,291554550.92712,299257720.15757
2758,RPL6,169406365.7572,26797450.028477002,37028416.44652,22900508.97023,207391884.11563,176343478.88594002
2759,RPL7,107777702.512866,24622292.38216,32593536.109936,20355710.779397,124001592.081149,114098332.801691
2760,RPL7A,163555207.48892,33749332.98724,47879812.460370004,27447796.755532,185927246.377,178077279.48477998
2761,RPL7L1,5966508.17901,1652218.84286,2865371.28254,1281275.28202,7070307.6537999995,6711518.0202
2762,RPL8,134211067.858,14721213.91896,17670215.61642,16568412.90874,192485567.8397,138538359.8117
2763,RPL9,66709943.58417,11588371.714677,15436365.447918,10975039.657319,86074309.21524,75179540.5273
2764,RPLP0,125312021.32033,28551231.558387,67105227.803646,29387097.107698,146102341.05893,147937883.06508002
2765,RPLP1,23934879.8236,2587737.89773,5270419.39828,3367562.93571,28252367.1959,29643829.4335
2766,RPLP2,72185125.05207,11086956.568377,20354174.6653,11733431.738265,83644374.08446,88751797.47186999
2767,RPN1,200490705.77818,12611035.623856999,11128356.680554,17694224.658588,232819504.83995,209759143.11466
2768,RPN2,37925201.18113,3750330.590768,4071981.18528,4768984.94239,42865998.74328,41630628.0741
2769,RPP30,1224806.4746,559321.7324,1008297.0049999999,533384.0124,2138972.7111,1667857.1216
2770,RPRD1B,4234478.3271,680033.36894,1318584.10464,1396123.0692399999,5398075.8495000005,4672480.6954
2771,RPRD2,200642.3606,54144.04488,54709.44017,59126.94562,270924.1455,285913.0332
2772,RPS10,103103873.53121,17459784.708853,25542585.467496,16982315.959695,126460510.49562,122860040.16876
2773,RPS11,131763544.68980001,35920789.734391004,41970036.336999,28381923.645783998,136899031.01764,161764793.84889
2774,RPS12,39057138.9858,6843464.08497,11674920.37674,7238216.87261,42126027.62312,49669537.8187
2775,RPS13,147640916.43528,56592276.786768004,74231794.32842,42856521.611899994,193572580.89176,156621082.88806
2776,RPS14,50053810.341800004,6469110.45772,8389767.42558,7981619.08254,68412945.3457,60982971.7367
2777,RPS15,383171.9961,64012.786340000006,134726.14020999998,115057.06352,502824.724,479708.06590000005
2778,RPS15A,102455957.24599001,20538537.576859,32983787.62685,17711684.29118,101549766.59047,115403223.81104
2779,RPS16,144463239.03714,41969332.63203,54970822.1541,28987850.837869998,215160600.30029,158675326.66318
2780,RPS17,52915637.624019995,6090763.802468,10264925.361345,6843320.664136,53569928.29571,64299871.1737
2781,RPS18,70289228.97309,16422889.36998,21400101.52963,14035980.35673,93351900.92588,81347928.02478
2782,RPS19,117478151.37534,8722457.94086,17991639.833688,11072723.714342,136649488.98538,130565173.16875
2783,RPS19BP1,288508.1204,64347.80272,94029.83788,90010.6283,559510.8793,297427.7141
2784,RPS2,157360515.5127,52639841.21562,79614705.03105,41580778.69314,197607866.8308,187492925.09443
2785,RPS20,55804544.84002,10339277.966002,15540842.94544,9388952.570187999,71620048.01561,69405979.72714
2786,RPS21,50797843.84868,4687094.648085,6030713.327335,6448229.07914,52569974.11046,59576125.535620004
2787,RPS23,64716912.567099996,13573725.192680001,17005599.4667,10744320.01434,87335441.20910001,72907581.8291
2788,RPS24,85312172.64753,18003328.25734,26914474.51855,12387232.8072,93287506.35651,99499034.36958
2789,RPS25,97006642.81535,13313635.619983,20582256.465350002,12577056.663495999,114971079.59273,108335902.46530999
2790,RPS26,32589279.2389,6442500.7115,8847754.626600001,5768225.841600001,42258494.6595,39834692.163100004
2791,RPS27,2996911.8170000003,596385.0902,653832.1846,601811.9433,2330777.0897,4036507.139
2792,RPS27A,1171584015.93573,571313281.165957,534671759.25396496,408992826.454566,1220541003.01235,1226582862.60916
2793,RPS27L,16134236.5759,2105141.48542,2881899.29553,2737814.055964,22129952.317139998,15524534.86255
2794,RPS28,32359287.96187,1517413.978926,1883060.8934535,1908730.807034,43296963.12148,34581147.7185
2795,RPS29,16366227.3686,894328.9897,1373884.66002,621979.27063,25765199.15,16246074.3609
2796,RPS3,225651753.0746,78637078.09248,113243324.68947,53112360.45606,271460063.48364,272572354.56424
2797,RPS3A,249349364.34878102,59736297.860355,87774946.9711,49716563.858973,278274798.67572796,276060055.97328997
2798,RPS4X,168233669.38904,43998310.81565,54677528.74171001,30411062.38458,224932886.51270998,174922909.49888998
2799,RPS4Y1,60926730.1008,16371157.05579,19537857.121799998,11194728.20204,76081344.0387,76835208.406
2800,RPS5,65521109.1663,11726599.71228,16808826.17978,10721589.11426,106893103.4517,64844018.735
2801,RPS6,148326961.40872002,33289935.39933,47827452.25885,27601202.60178,147467944.99658,174557487.93615
2802,RPS6KA3,5573401.416,1243523.4761,1241421.0679000001,1327764.838,5827874.5374,7189767.068
2803,RPS7,108309300.73909,18833300.040599998,33186279.73801,19729619.86477,127405747.70371,127871485.20018
2804,RPS8,44013706.56251,12237867.815134,16260535.65375,9688867.213547,44537496.57487,49962036.58364
2805,RPS9,142782976.21529,42845884.2022,62280431.03467,31481607.67068,174174914.21583,166683628.81401
2806,RPSA,78457810.894372,22904363.740865,28768004.884817,17030918.122414,97983220.309505,91481213.821959
2807,RPTOR,69978.53304,42351.99858,72081.11217,102797.3989,115709.6259,86439.2067
2808,RPUSD2,123887.6187,14834.87608,22433.10475,14378.05308,140285.8945,165562.6323
2809,RRAGC,4195135.1573,909042.402,1744679.6981000002,1146313.0403,5419400.8072999995,3956937.6763999998
2810,RRAS,3042680.4681,4713036.7491999995,3893859.7405000003,5195305.9282,2930568.8523,3837428.4812000003
2811,RRAS2,1567190.21557,1867871.9004199998,1795767.2444499999,3648727.91348,2408353.37638,1648930.0979399998
2812,RRBP1,328596677.87571,82517187.106342,114534696.238163,40405515.6000508,285492144.8289,330575479.1665
2813,RRM1,11747976.0085,4349946.7089,4854452.4845,4453097.6224,11536334.7343,15726050.1807
2814,RRM2,1968649.8226,422925.43625,550713.70433,593324.97639,1942034.5831,2419906.9781
2815,RRM2B,1253217.3397,344682.31139,571993.9944,416010.9016,1183063.8410999998,1579272.4267
2816,RRP1,2190698.7838,359540.76577,641681.534,432144.4881,3656836.5194,2329814.0795
2817,RRP12,25343339.51018,5588006.074764,7848876.053119999,5179996.701211,39370018.99138,24847267.30155
2818,RRP15,1538375.951,210722.6924,293700.7102,223674.358,2466350.322,1787991.672
2819,RRP7A,2139114.531,79250.18719,100323.2935,101714.8778,4088499.935,2117212.363
2820,RRP8,263043.4925,83887.30735,120842.9223,95146.62613,343295.2396,311434.8925
2821,RRP9,1364084.8847,279777.27,620830.2078,312432.2567,2609485.5626,1481264.2465
2822,RRS1,9787691.38156,1509550.56858,2723014.71728,2188085.08246,15276299.6385,10099969.50858
2823,RSF1,2088155.0304,697775.1757,1216816.4642,1174034.0397,2668583.9850000003,2672907.954
2824,RSL1D1,26946121.205530003,6083058.22507,12474846.52295,4855751.59849,34157692.8179,30292724.56299
2825,RSL24D1,6135560.607799999,982484.43492,1462686.3159,766245.69964,6941260.7144,6591892.5564
2826,RSU1,10050594.676,1653209.45389,2833136.11028,2950895.9194,12768400.9845,9560488.0959
2827,RTCA,5123929.375,1561548.9692000002,3311569.30516,1936120.0644,7289700.0703,4810535.1637
2828,RTCB,34327404.26632,8804159.38907,10836388.09351,8357707.73699,44581395.41206,39613826.65438
2829,RTKN,228728.7769,72943.28838,102608.9023,93520.69015,442327.5652,303666.8865
2830,RTL8C,122949.2036,36343.44939,42029.38663,49839.85108,162193.9417,150346.732
2831,RTN3,29359407.9862,13560827.3795,21493850.963800002,8457072.5296,36695246.4076,35614536.463300005
2832,RTN4,106777309.735255,37768715.328063,52268610.984827,28164325.176786,167442570.165354,110341905.6482
2833,RTRAF,17332967.24511,2739540.54438,4043666.7419,4384953.0057,17601852.7399,22141845.691710003
2834,RUFY1,2189869.5213,597960.99862,672110.23892,706547.85084,2919739.122,2772427.3927
2835,RUVBL1,31438523.351298,16026492.961346,20847469.430274,15910001.933624,36299437.10728,40754156.37659
2836,RUVBL2,60011702.57319,28366977.72693,35179060.3856,25587004.836850002,73640538.28665,75314745.90132
2837,RWDD1,1267973.13,167548.2433,390515.7132,333732.3902,880298.6808,2042168.247
2838,S100A10,79401289.884,18223134.1598,10387081.6007,22784977.4788,37021309.9147,99205190.551
2839,S100A11,180311734.47757,25258636.124446,38717731.69664,29620046.93281,239387745.02261,159657803.64364
2840,S100A13,55373836.7888,11427971.12718,37667316.59683,15000414.53056,47149316.35577,58544209.0789
2841,S100A16,4633525.934,1694619.3711,2172722.0226,1848948.3477999999,7403283.008400001,5508274.2041
2842,S100A4,301047001.41537,37867312.961484,62350409.55221,45372910.462784,303575560.15803,307782190.61296
2843,S100A6,901078941.51201,189599347.78476998,265973385.67263502,201398524.129649,597338435.746575,669939475.2028
2844,SACM1L,9713514.9725,1164495.08834,1359075.2591,1647338.1874,12894060.967500001,9243337.3508
2845,SAE1,41975409.3292,7115862.28557,15577499.52735,8343975.21879,49556349.8427,51208093.7343
2846,SAFB,16473247.3258,1324540.90997,1899105.95113,1778319.09894,20660090.875099998,19855892.1674
2847,SAFB2,1852548.0279,217181.40172999998,234668.7037,329392.877,3101298.7199999997,2123393.4073
2848,SAMD4B,13287062.82895,1977532.771554,2920621.53721,2715976.68897,20106872.82129,16075031.14155
2849,SAMHD1,660192.6832,186061.42219,244837.12534,244566.94193,633591.4733,784651.398
2850,SAMM50,3354135.036,172843.37492,263531.8062,279932.469,5848486.946,3242956.108
2851,SAP18,9247282.367,1314115.9815,1718374.3059999999,1275965.4849,12779203.67,11135107.471
2852,SAP30,262410.26833,40449.56919,68411.83421,46506.06332,469116.1435,216570.37323
2853,SAR1A,23826291.7962,2841712.46139,3711840.522018,3083020.431097,21572256.83469,27065647.373889998
2854,SAR1B,7121551.443229999,1357242.244938,1447738.824569,1205143.06099,9675710.54303,8212497.97355
2855,SARNP,24996160.826899998,1179077.08182,1491643.59265,1800889.10832,25694019.4957,25045591.836
2856,SARS1,23798080.23747,6957046.35419,9442039.81037,6213041.87339,39154445.2608,24012056.8141
2857,SARS2,15053855.8409,1712901.686821,2676180.214539,2446942.79791,24734862.1642,17173771.2906
2858,SART1,660115.56454,113929.62965,127804.124929,154725.052333,1250017.1787999999,719377.30751
2859,SART3,7225000.7831,1801793.1360300002,3216633.4244,2098926.3262,9882455.7372,7554816.9432
2860,SBDS,19005454.520999998,5054896.3495000005,4691534.6951,4946946.3796,20600571.1861,23056781.6489
2861,SCAMP1,6059921.109300001,2058214.23719,2081968.28656,1910195.7508,9890472.7747,6701588.5251
2862,SCAMP2,719313.4845,421590.37248,1159364.5398,3057923.8016000004,1608379.0356,772881.2353000001
2863,SCAMP3,4902584.7616,1585235.44497,1740695.64568,1670496.56055,6492392.643,4894598.2512
2864,SCAMP4,6644878.46,3020960.0870000003,2928160.057,3133220.971,8819286.718,6579661.135
2865,SCARB1,9931577.36785,9445086.16158,6729349.92602,7964647.8859,8752467.96221,6437305.64094
2866,SCARB2,13122345.534699999,3467352.24181,3180575.10316,2273741.78072,15197899.1594,12257087.6351
2867,SCCPDH,3720630.5575,388718.01007,461925.05956,532833.1472,6526724.596,3756648.2364999996
2868,SCD,11083657.104400001,650807.17203,878770.87282,1090601.84525,11534710.602699999,13966787.8096
2869,SCFD1,2654752.3168,408768.94258,735200.3767,676532.6129000001,3801095.7553,2748357.9658
2870,SCFD2,244120.5203,52915.44715,83784.677,53093.7338,345089.9235,250348.0976
2871,SCP2,34979523.06122,1892808.184636,2584133.7656,2561096.38915,39020028.058,37296685.8006
2872,SCPEP1,9992814.27564,15741546.304450002,27173873.4452,8978611.65683,10518150.589,12313901.35089
2873,SCRIB,1498537.5532499999,707810.69117,739262.35491,1150921.221678,1968505.36448,1588004.51367
2874,SCRN1,22945870.9352,3425404.130293,5408578.390167,4831031.251364,27596706.8539,22868301.473249998
2875,SCYL1,1051881.1984,350467.19812,457328.1646,353130.1256,1152168.5477999998,1219546.3053
2876,SDC1,10519.78641,100390.5923,137935.0078,132159.767,2802.989083,10790.1287
2877,SDC2,261872.3748,2146645.895,1881258.22,1210865.573,225750.9864,363810.4665
2878,SDC4,2167801.6480759997,18042544.0154,23800493.2467,22390632.6395,1678925.3679,2680368.8895
2879,SDCBP,36380181.5189,224304370.45056,229448123.48801,169802514.19053,31904392.03754,34850808.79144
2880,SDF2,3691162.2145,727735.9117899999,1569314.6719,1119249.25024,8226782.3009,3682387.6176
2881,SDF2L1,53914.60178,8507.015996,16724.35331,11355.545306,98810.94743999999,47780.91544
2882,SDF4,5029635.1104,10739370.5218,33541403.6001,33523954.6522,6783673.8819,6165453.140699999
2883,SDHA,15270379.257110002,1347202.48189,1661353.9969,1762620.68788,28594155.7845,17328797.11312
2884,SDHAF4,1925501.616,406882.03428,168389.68348,639812.2216,1389759.2637999998,2334312.5568
2885,SDHB,6472719.6044,311760.51556,542689.39814,660051.8334,13449649.115999999,7424866.7307
2886,SDHD,630365.842,136367.1391,188212.9265,169988.058,895098.9139,775839.7614
2887,SDK1,3457045.4861,6636035.9632,10400008.2443,7596638.984,4195096.9114,4142886.3597
2888,SEC11A,1817801.3374,172306.34823,311693.29449,296610.65126,3912011.2898,1970728.3584
2889,SEC13,4580385.51809,1577383.5062,2356267.75411,1676313.5641700001,4889424.71361,5083229.87571
2890,SEC16A,1122841.273,531135.3429,627037.1069,462595.8694,1091207.433,1290719.239
2891,SEC22B,31877546.064230002,2554982.187235,2982411.97959,3051757.71053,43103389.57152,32260075.5802
2892,SEC23A,6741095.1974,1323001.92194,2289681.41041,1412654.8636699999,9549123.7088,6554001.773800001
2893,SEC23B,8737112.4031,2426641.45034,3928688.62053,2439520.30148,12776653.922,9557474.456600001
2894,SEC23IP,16150663.89532,4520932.56745,6632904.19177,3823272.47035,21041794.2541,17604378.3393
2895,SEC24A,64713.35132,28003.43507,45843.33536,43447.64344,114756.2201,77785.78838
2896,SEC24C,12815242.4838,3672205.2944,6447399.9499,3385740.70141,18006653.8489,14046316.6513
2897,SEC31A,24183413.743300002,7727957.78507,9842645.9971,6310646.4903,26478534.3226,26618680.3466
2898,SEC31B,145111.16368,34297.214909999995,62623.84049,32715.78072,275978.01950000005,153396.86361
2899,SEC61A1,29478119.1249,1879692.89832,2045324.64013,2029102.76636,38983811.058410004,30814351.447
2900,SEC61B,14783923.6283,1289524.20364,2025917.66251,1348140.0663700001,15838115.15,17019278.1626
2901,SEC61G,159327.8803,42502.57062,47228.60685,63272.73735,206059.0587,138774.4971
2902,SEC62,5355105.126,747285.6658,1518928.645,1699349.527,5829008.072000001,6053646.413
2903,SEC63,22230765.69533,2694268.62665,3593565.6444099997,3531724.39773,29658411.62675,25665193.4774
2904,SEH1L,855643.6976,206904.5897,251112.4546,188561.4328,1010805.813,1101147.648
2905,SEL1L,3878418.2285,177992.03308,174564.094616,329361.36467000004,5174762.5246,4435824.7874
2906,SEMA3A,856512.97518,4363587.636700001,6055201.7599,2213734.9771,764217.84737,940253.69375
2907,SEMA3C,23381807.368371,118558816.587795,232859836.537965,121058681.702026,22208785.733725,26456433.489583
2908,SEMA3F,2857256.03297,11547657.28144,19339502.1693,11395118.025,2233599.46467,3253537.33735
2909,SEMA4B,6672570.8027,7051537.80564,22133105.0715,18802024.6915,8235424.239,7266158.82966
2910,SEMA4G,960015.9654,1122676.64,3488140.16,2548779.4,651685.2408,1006110.547
2911,SEMA5B,8684563.294,1061817.5753000001,845631.983,696117.1387,59289351.173,351493.2185
2912,SEPHS1,455633.5153,71552.94823,236501.5357,153653.0583,520303.3785,559974.6039
2913,SEPTIN10,21349729.75283,9299278.1764,11168108.68093,10380664.11771,22730686.91703,25669551.36196
2914,SEPTIN11,11280626.62466,3654270.7207199996,4863260.87239,4329780.6338,13500895.5528,12462995.41993
2915,SEPTIN2,48300221.52033,16013440.77168,18856020.60082,21216666.9524,59015108.36977,53838405.41277
2916,SEPTIN6,11009915.859199999,2970780.99026,3213294.00305,4102266.32642,10071014.8496,14094863.2524
2917,SEPTIN7,15071262.25688,5916310.671,6855627.55206,6570564.981777,19757473.135530002,17230262.21415
2918,SEPTIN8,22199429.753200002,6820224.28651,9563976.1407,9138755.55761,26037930.2317,20560047.5311
2919,SEPTIN9,136073062.07755,30751789.681791,34059396.436105,34891471.820099,160643121.19253,156094882.05929
2920,SERBP1,95154343.102303,3081574.232749,3362454.676612,3822941.7673899997,101914640.063847,109066077.271365
2921,SERF2,12734416.563000001,952914.27906,1240724.98181,1736087.04067,13140699.09,16196686.458999999
2922,SERINC1,1947223.1404,2639630.0132999998,2292215.3276,1184950.9693,1604048.1594,1829065.3411
2923,SERINC3,384124.0923,419423.7978,446042.4253,321150.3806,821058.9868,428996.218
2924,SERINC5,3501418.6925,20224581.4015,20273445.107,14134808.8689,3153717.526,4237681.2005
2925,SERPINA7,172809.29288,381249.71255,1076298.3632,2273609.719,185990.74927,190351.38152
2926,SERPINB1,12537431.3496,1729863.60494,3930507.5395899997,2722439.72086,16692531.102699999,11152646.6112
2927,SERPINB6,30288519.19556,4292757.447341,9242903.12931,8085873.918260001,33279746.7009,35265322.2573
2928,SERPINC1,2535243.94748,12300820.589000002,32609787.858599998,62474585.4949,1636001.54907,3152241.73774
2929,SERPINE1,47642234.546214,78897135.801572,385668127.2678,140679858.894669,38949136.658284,37114351.338167
2930,SERPINF2,359810.4961,1160478.721,4191148.073,8460152.76,326363.553,445081.0867
2931,SERPING1,318040.9545,729667.0336,2263075.571,3122153.178,937401.4006,374405.8849
2932,SERPINH1,60004813.81406,7508396.72167,15648364.08923,9881652.12665,69162501.50983,54638938.0943
2933,SET,33884372.10237,7211627.447734,15840727.51544,13110194.03918,29984371.92132,45783150.18485
2934,SETD3,229785.9344,64615.70065,92147.81586,70543.6059,274636.6276,307761.6595
2935,SEZ6L2,3219576.6579799997,2131234.75248,4624383.76829,2876580.06464,2932630.6982699996,3753068.8930300004
2936,SF1,5236361.66051,706496.363693,1503026.41517,3239932.3721299996,6348463.35285,5921163.12966
2937,SF3A1,28056566.25078,6418601.621513,12477143.09891,5329000.352112,34720656.96906,30928745.9796
2938,SF3A2,913249.2064799999,104495.055267,84900.660369,98332.401527,1180972.77895,894492.58461
2939,SF3A3,15464498.76171,4775577.55429,10356518.61305,5053488.11557,16177998.39165,19592196.6861
2940,SF3B1,41586099.218662,10432572.518768,20781844.760417,8072752.454729,51439444.371644,49065976.018642
2941,SF3B2,24264503.56261,5537340.768819001,9966771.46515,5008528.480141,27464237.62644,28876688.062429998
2942,SF3B3,33917339.93934,13230785.67094,29336684.99119,10836548.18101,40724545.9294,38949750.37454
2943,SF3B5,1845119.542,972958.0901,1599014.6,723640.9554,2929807.396,2159472.109
2944,SF3B6,6596531.004600001,1867942.72136,2852973.0723599996,1561035.07588,8165967.6719,7721551.9099
2945,SFN,108579570.2224,15921023.3928,29930237.6549,21045636.2068,114534792.387,84171430.7836
2946,SFPQ,132249185.550059,12032400.718545,14749798.911368,13426404.500386,172943026.84504,148028599.0363
2947,SFRP1,806420.2664099999,2705436.6792,5236166.4417,3558490.7662000004,1193499.8789,1042192.547
2948,SFXN1,7381401.578040001,646817.901236,770761.45694,653245.1006799999,10924065.12404,8491393.85881
2949,SGPL1,9341927.4462,781402.9338,1237159.3689000001,1042690.6313,11338116.878800001,9235540.3308
2950,SGSH,3942410.2159,2460936.2221,7135450.3529,4706134.0462,6546111.716399999,4841089.8922999995
2951,SGSM3,2367581.774,1047475.357,1436442.658,998491.4222,2580894.271,2821407.715
2952,SGTA,1209357.5318999998,314172.47689,485717.01875,743111.4741700001,1575336.5689,1374720.5267
2953,SH2D4B,338222.8792,27940.73677,90505.80138,26063.33562,637369.8148,326034.0353
2954,SH3BGRL,49851132.1304,3410187.0570799997,4148654.6842,5446087.83392,47187421.1182,56147154.1746
2955,SH3BGRL3,44232519.150919996,2966685.977042,3571355.897254,4870223.374593,46469780.23674,48668870.95742
2956,SH3BP4,3690681.3469700003,3344126.66789,2536467.85003,3899884.80997,4200414.5687,4227677.0458700005
2957,SH3D21,1885944.9,698345.6701,877821.9141,356877.8027,1415841.797,1529109.141
2958,SH3GL1,3954681.7575,1329989.74639,1431580.40307,1746044.0361600001,4712839.132999999,5364837.8295
2959,SH3GLB1,19560502.2181,2549139.47924,2995923.4581500003,3547675.2620599996,19920499.0972,22902121.5573
2960,SH3GLB2,1516317.2253700001,406516.60208000004,535342.12234,433848.4193,1843996.5346,1650946.78726
2961,SH3KBP1,3081154.0421,388501.9631,525996.8293999999,624786.9698,3580287.5995,3559989.727
2962,SH3PXD2B,2804126.666,250817.68570000003,392393.7792,376298.8259,2990993.796,2826472.262
2963,SHC1,4554515.45486,920985.04913,989556.7781400001,1057890.5855,7479909.713699999,5852983.58351
2964,SHMT1,325484.9341,156963.3734,196988.4484,137369.3352,404144.0426,479126.7423
2965,SHMT2,32019831.5379,2700761.85499,3551012.72339,3344016.13724,48588070.8192,36985612.2932
2966,SHROOM4,757329.8644600001,84317.99343,116357.57755,116641.79192,757290.33713,969562.4788
2967,SHTN1,13859406.411,2127722.93989,2811506.12611,2502836.00188,16931892.7107,15468687.9447
2968,SIGMAR1,3291848.4000000004,827354.7303500001,1317261.28679,867206.7957000001,3540145.1617,2841393.9806000004
2969,SIN3A,140989.9731,44214.57785,71272.57751,63060.67061,203884.5681,152208.7559
2970,SIRT2,1006922.506,333079.5209,468377.0852,411392.2032,1127018.468,1089175.871
2971,SKIC2,25301922.16068,10717074.79534,11051573.24214,8743666.86726,22371054.8115,42269608.663600005
2972,SKIC3,4162669.21919,1551758.12346,2037705.46535,1439922.99168,4759949.1039,4855561.0882
2973,SKIC8,6217578.9045,2220254.80645,3049297.69446,1837521.07499,7382180.608589999,7794471.84928
2974,SKP1,47097217.25916,6728660.86548,13260743.807372,12550749.552014,44358023.245309,57371192.80673
2975,SLC12A2,3160422.2364,2142029.6842,1934622.5417,2260565.6998,3625369.6223999998,3588349.3653
2976,SLC12A6,30752.54711,24373.53237,36461.31712,65072.36361,52657.14648,43919.27938
2977,SLC12A7,15510938.98075,18430418.37726,13409435.463750001,20897841.48923,19659735.18119,18543708.1962
2978,SLC15A4,1555625.361,482648.7878,509196.4661,323054.2753,1821125.785,1466631.835
2979,SLC16A1,2694608.50727,4239908.83341,2787033.28542,5590938.25999,2436888.0962300003,3422226.32241
2980,SLC16A3,25975758.152620003,36847472.4421,25216069.0264,40327771.599,24689072.573400002,33469005.841000002
2981,SLC16A5,851561.678,256062.1055,326983.0507,331141.5406,917308.1556,873417.8133
2982,SLC17A6,1451499.1717,844039.0063,1247800.8931,572143.3755999999,943559.9425,1029318.9657999999
2983,SLC1A5,9601001.34021,18197106.946,16389134.420100002,21026209.19558,10772207.19429,10239219.60536
2984,SLC25A1,57173524.48596,5496384.633749,9021091.68806494,5174780.3172079995,71468094.87539,58789947.15503
2985,SLC25A10,3875508.89365,403441.95834,589112.72688,645170.0054200001,5389555.3423,3709800.23056
2986,SLC25A11,2368328.9353,163286.52499,235959.36861,211327.289,2758005.4560000002,2429422.7852
2987,SLC25A12,8846131.3792,834991.386024,1025305.9391699999,1376625.98273,13954250.386,8747177.34825
2988,SLC25A13,4537751.774,314543.75642,403718.94683000003,450495.02481,6787963.4308,4347106.7845
2989,SLC25A17,144802.7065,31292.3293,56621.55634,41230.73684,167629.6076,199665.4881
2990,SLC25A20,305656.7347,30456.3065,59544.98859,66706.64962,480870.8927,281936.499
2991,SLC25A22,21067435.3798,799455.486159,1073202.41599,1160418.774094,35569430.506400004,19938307.7127
2992,SLC25A24,15283753.143,1272280.35007,1429869.47825,1670063.9129899999,21513397.8782,14794920.917800002
2993,SLC25A3,79531874.53626,5297552.777489999,9036578.239382,16417212.321689999,108150265.8527,84302053.17409
2994,SLC25A4,6616965.5592,287621.75023999996,369250.99664,388035.73602,8799888.9375,6474375.214400001
2995,SLC25A5,29689151.71115,1701484.007849,2366032.9219176,2589865.411126,36299480.0982,33794527.011709996
2996,SLC25A6,477185422.15946,7496004.362186,6347897.590692,14682382.499938,716128411.92541,431360878.08624303
2997,SLC26A2,12245599.2514,20704905.1955,12669101.8084,25976430.998499997,9879829.4318,14567342.6882
2998,SLC29A1,14573560.5791,36928397.386,24369298.2349,37761082.4997,9194675.1482,18582729.8314
2999,SLC2A1,2104938.2843,3214010.0581,2451069.1476,3806211.0198,2594225.0924,2335360.9463
3000,SLC2A6,3803071.895,1047806.043,999673.4381,741802.7074,4021272.559,3403670.972
3001,SLC30A1,745449.0019,867596.0545,736299.2565,774919.2614,745400.5086000001,791665.0508999999
3002,SLC34A3,254867.5217,509338.7399,514119.2345,612828.2146,273504.5086,259656.1791
3003,SLC35A4,11473280.353,512930.2088,593608.5496,696930.6982,13636438.692,11783951.866
3004,SLC35B2,1172237.7266,350061.3709,446360.9055,235928.97749999998,1171354.7599,1201757.9336
3005,SLC35F2,54249.00241,24208.93919,22649.58416,27216.16776,75148.62029,55383.16631
3006,SLC35F6,2611083.9516,660219.4265000001,890189.8279,515726.7338,4073673.7060000002,2029495.7733999998
3007,SLC35G2,464324.16740000003,133126.65685,252702.05099999998,272510.42769,1624043.2806,313383.1115
3008,SLC38A1,1802290.7382,3714714.244,3416940.003,3032835.679,1287794.2225,2370439.3987000003
3009,SLC38A10,1266386.8307,316828.3343,375556.54929999996,320610.7478,963550.7459,1475892.3273
3010,SLC38A2,11322654.4695,13388317.58199,11095545.46236,6953408.06377,10828532.374119999,8900224.080910001
3011,SLC39A10,4178908.4701,5034131.566,12036987.7579,6514744.458900001,5260556.9771,4711149.4822
3012,SLC39A14,1157139.413,1680598.43584,1177418.47612,1590760.9212,1136043.7018,1271843.3235
3013,SLC39A6,828890.5827,924709.7011,1579909.977,1288570.313,893190.0285,1065448.105
3014,SLC39A7,947643.5278,46820.74892,28830.15764,46592.91079,1380566.064,984943.6172
3015,SLC3A2,38499162.46238,63317192.84515,52019301.81601,87300220.63152,49033048.76591,45104484.32875
3016,SLC43A2,92907.71429999999,138473.64539,64680.0411,143198.79975,87830.48135,138853.79695
3017,SLC4A1AP,492377.391,100570.1844,152744.4419,153246.5866,724475.3735,553698.6017
3018,SLC4A7,2403276.8519,2007950.6032999998,1879248.7952,2660828.5916999998,2997118.2937000003,2858448.4188
3019,SLC52A2,1659809.272,1979094.825,2349806.013,1992575.666,4283954.252,1058864.164
3020,SLC5A3,400113.4547,888092.2882,710732.6053,785480.982,344586.5483,473821.7369
3021,SLC5A5,71369.42158200001,16121.632307,36306.022342,19892.232906999998,188577.28151,58588.068604
3022,SLC7A5,4530088.353,6934665.8714,5086796.317799999,9061753.6822,4901142.8072999995,6370264.3677
3023,SLC7A6,90847.85513,84312.23303,82062.1448,106379.4526,129189.3066,82450.0859
3024,SLCO4A1,562838.7047,877458.297,452471.6381,1074405.499,732634.4025,677396.0944
3025,SLIRP,19911288.53163,746883.740362,999958.1276741,1682777.726021,34814583.584189996,22218766.72529
3026,SLK,8532919.4065,2917779.9469999997,4475167.6762999995,4749601.3844,11432951.575199999,10367803.3796
3027,SLTM,690641.4363,72251.67374,55621.99433,52925.06248,1590173.9993,528523.1438
3028,SMAD3,14173217.799843,3615953.87223,3741288.385072,5002487.822218999,16358797.338601,18140800.340259
3029,SMAD9,795355.4843,141950.3657,142262.4798,194305.739,617111.5679,860303.5098
3030,SMAP,18795608.5046,252054.47303,149502.27773,515799.50269,23009222.1849,21627629.5253
3031,SMAP1,559689.2016,171733.33271,345098.51626,492567.87225,826334.6258,669897.0643
3032,SMARCA1,5722719.8614,1245410.20398,2208440.5495,1206330.9841999998,8074706.8022,6429496.9511
3033,SMARCA5,7752159.705800001,2113841.80282,3352728.74411,1560953.68915,9694128.3015,8541874.0957
3034,SMARCC1,2861100.3481,843574.3636999999,1141835.9887,1487300.4711,3927635.8589000003,3844334.5828
3035,SMARCC2,27641672.7771,8600143.854,13370218.906,12726060.1699,34923724.7651,31525812.4198
3036,SMARCD1,923198.2318,416176.3298,664851.2657,283772.7923,1031371.835,852373.4175
3037,SMARCD2,882197.9956,361453.7786,427598.2095,266485.2919,1116197.924,1152293.876
3038,SMARCE1,8654113.968390001,2011206.1047200002,2209807.44239,1928023.4050399999,7930247.2382000005,10802858.91815
3039,SMC1A,18042984.2406,6849484.0459,10918512.2942,6351982.8506,17774062.593,23440511.0489
3040,SMC1B,35302830.586,14735661.186999999,18696702.044999998,18362860.433,34950666.283,37503771.489999995
3041,SMC2,8231080.054099999,2459227.1853,2672833.9457,2632276.0264,10221636.9723,10111424.6747
3042,SMC3,13137316.02945,4838563.16238,8500827.20974,5261283.46871,19478977.970289998,14815166.8732
3043,SMC4,730634.0542,260197.7094,348275.967,271365.742,845032.122,806206.3218
3044,SMCHD1,1450118.1528,1800177.26054,2465503.36689,1952819.8170599998,1591262.8246,1780031.3900000001
3045,SMCO2,7357924.78,2272918.693,3025744.788,2459826.25,8427409.98,8386795.956
3046,SMG8,18753.55913,5051.991833,5363.543509,3251.222709,31731.17349,19326.34865
3047,SMG9,69293.40979,31830.18345,65545.57283,49471.83843,100392.5862,74308.2813
3048,SMIM12,511681.4914,44376.39587,53637.30221,66024.28114,421012.0819,728702.2064
3049,SMN1,5357360.562,1821526.4764999999,2628957.4826,3966793.0632,7154455.063999999,6796149.9629999995
3050,SMNDC1,1308004.518,70142.6864,69340.34714,100802.3747,2161838.08,1272036.713
3051,SMPD4,508464.1719,108385.4903,156755.7446,117787.8054,719796.7863,643018.4625
3052,SMS,38550074.90458,8999915.13501,12720625.32925,10950936.78934,38174799.81,53186416.1399
3053,SMU1,9756867.4192,1681378.11956,2219333.21389,1656056.36738,12987585.1021,11022759.215499999
3054,SNAP23,7064843.2723900005,8856088.03107,5639825.725816,11007338.41721,8108679.372810001,9259509.586790001
3055,SNAP29,611882.2008,145452.49855000002,160568.89572,164626.7653,1022735.4225,715318.2721000001
3056,SNAPIN,316730.8216,106928.021,147889.3005,160542.9448,481384.6357,316622.0594
3057,SND1,104845789.10676,20122105.951814,24879268.721692998,21863182.754723,137835474.58038,111357935.81511
3058,SNF8,375755.1982,166561.8895,267429.166,354553.3879,315893.4935,562154.5503
3059,SNRNP200,44751733.84377,17123032.48728,26865197.24329,12999922.00876,55799752.364,58928674.262889996
3060,SNRNP40,1429027.2303,811767.51856,1150286.89353,705968.79001,1840083.1399,1719187.2073000001
3061,SNRNP70,58658132.5286,9144883.7059,21457118.6268,10691291.2699,87545695.9528,64129157.1726
3062,SNRPA,15814554.49,2186686.3468,4729543.375,1974502.01673,17669446.669,18135349.736
3063,SNRPA1,21225278.0625,6237816.06736,15171773.2606,5410217.17215,27453283.137399998,23661600.0711
3064,SNRPB,21202684.96,8467718.7064,19654696.719499998,18545327.7883,28545928.7517,21218617.422
3065,SNRPB2,15342185.131000001,3985859.1173,7636618.9032000005,2970455.6114,16083990.623,19026878.773000002
3066,SNRPC,9490747.589300001,664079.55551,1058601.4061,1239694.56833,9728114.605,11358222.5895
3067,SNRPD1,6007341.197185,1926080.196153,4313254.666682,1997407.194411,7134072.14837,7319539.42983
3068,SNRPD2,31217753.8109,7973954.07772,18034268.15084,7959396.32891,30918882.416,40287860.9626
3069,SNRPD3,6691267.6839000005,2463266.2468,6013083.2386,2314075.853,7956308.2545,8980333.957
3070,SNRPE,4460104.2763,1385700.397473,3231568.97877,1200530.53674,5882462.763189999,4532890.02774
3071,SNRPF,10403842.456,3660556.6668,9134036.6,2664052.9851,8425197.796,14656200.227
3072,SNRPGP15,17764753.4003,5129403.293199999,10092929.1973,5116969.5671,23767246.2482,22352922.964
3073,SNTB2,2173594.7972999997,980371.952,1284015.1716,1495104.4978999998,3334969.4482,2383404.0559
3074,SNU13,16686400.87198,2656179.53947,5429523.45135,2176655.32263,25002208.99894,19985362.50221
3075,SNW1,3950877.4467,453381.4303,474508.268,590172.7745,5289479.620999999,3900772.738
3076,SNX1,4753474.7338,1391719.9625900001,1494518.9048,1727324.0888,6556530.9134,4807089.2038
3077,SNX12,26093085.0849,3284887.0684,4390874.9072,4771337.0931,32379114.9842,27640976.681900002
3078,SNX2,29100379.42938,9673772.946773,11847254.84164,8019713.16871,33805021.4287,33341307.43572
3079,SNX27,463520.1204,187442.6523,212543.6891,153050.8751,598478.2823,598478.2823
3080,SNX3,5704048.059660001,731059.614872,839810.392721,866506.5550619999,9952764.69575,4798209.62652
3081,SNX5,5274113.9488,1409939.6225,1643973.2116999999,1441543.8079,4647626.548,6187118.7371
3082,SNX6,15665814.3759,4354764.01816,5688073.94568,4390804.21755,19050346.0631,18354595.4455
3083,SNX7,588593.7871,127716.8799,182567.3697,161238.0869,687922.5886,791325.4331
3084,SNX8,6410563.9856,2329932.27077,3641595.30883,1899315.84747,9935990.90348,6146090.8883
3085,SNX9,9514083.2464,3131342.25717,4660788.57864,3474945.5327,11969272.6116,10623184.1215
3086,SOAT1,1394455.51594,147877.77724,165355.683454,183254.974608,2165828.77061,1387664.11711
3087,SOD1,279885368.87968796,27812576.685713,63743957.479849994,54153038.660495,305911004.41653,322361672.22103
3088,SOD2,56471085.95753,2770317.628683,6270312.67059,5602733.57562,103758349.19590001,41699696.53418
3089,SON,2338771.137,246081.86596,354380.4397,271284.2849,2894059.7947,2764944.3503
3090,SORD,15724094.9175,3759229.12138,5944725.9792,4340410.3956,23326828.706100002,19235400.637
3091,SORT1,3114762.496,423063.7574,964844.6701,655293.3916,3581820.625,4368235.116
3092,SP100,54692589.471,3011386.8680000002,6034499.9882000005,3678597.0546,46320977.819,72157127.993
3093,SPAG9,16168325.31506,3210969.58624,3754435.62976,3758841.9942900003,24593146.8688,17379628.75465
3094,SPANXA2-OT1,164904.5748,34892.55478,64272.28039,28405.87852,58848.3448,83876.95676
3095,SPARC,5857222.6197999995,8565935.29361,50157618.8327,46777481.0689,7015068.06314,8250808.81975
3096,SPART,334242.7694,53015.19798,35639.86674,54812.24476,266332.0274,326836.9174
3097,SPATA31E1,462908.2779,124246.6368,230139.6164,148404.0926,281886.0066,391997.7279
3098,SPATS2L,1653495.7452999998,292921.59099,344383.12846,418703.20563000004,1727252.2083,2247404.3941
3099,SPC24,80783.61366,30200.41325,35214.64101,33045.88042,104356.3913,95516.83672
3100,SPCS2,13456781.64873,1131237.4374570001,1240493.1933300002,1551124.63086,12158215.17366,15010526.84523
3101,SPCS3,9037021.0561,707823.91329,847694.31358,893136.34453,12555126.0101,8935194.0613
3102,SPECC1,215935.6587,32980.60126,30690.56531,51390.27321,282498.1956,252291.0228
3103,SPG21,5258289.324999999,1980660.2645,2341415.2483,1466981.3061,6575140.828,5854825.9041
3104,SPG7,537622.3772,121725.8213,145951.0699,153634.1817,669145.5221,572124.7705
3105,SPINT2,7017703.9969,4103372.1476,7667148.9502,4755809.1486,8218925.191000001,6543982.3440000005
3106,SPOCK1,2128026.66082,15849864.3486,27274509.4146,36807874.7812,1847617.5395499999,2578004.96182
3107,SPPL2A,885619.5437,545004.3283,472170.0555,434129.5797,547838.3336,844457.9839
3108,SPR,21335056.02104,3864526.233106,4622826.339089,4058549.752149,28317303.04262,22480744.55176
3109,SPTAN1,113951580.09974,56119190.62648,74968399.98272,67661426.89826,120025037.10973,141939284.23823
3110,SPTB,14235607.583899999,5650003.51917,9875408.7424,11753676.009229999,13937980.965599999,19271932.1314
3111,SPTBN1,71062733.26734,34809788.817591,46987140.204877004,40024588.490734,79786714.49091999,87620720.95335
3112,SPTBN2,518368.8696,112034.4808,261339.308,87797.13886,1840655.989,260921.8873
3113,SPTBN4,17460860.55866,8428734.096774,12304357.768333,9887888.745006,22675586.27174,20100377.73697
3114,SPTLC1,2836440.9831000003,484742.44464,525146.39586,427291.32737,3760504.1506000003,3174497.319
3115,SQOR,72674069.21168,5329101.130762,7262909.300482,6568779.830108,112342418.39813,76529938.77326
3116,SQSTM1,36919086.00997,5629166.751479,4331280.212871,3977270.965198,34226635.50799,15118699.356119998
3117,SRA1,3217512.0499,427381.5508,543503.6714,650815.8840000001,3280309.3604,3922848.7139
3118,SRC,449499.41559999995,367229.56892,386987.72439,421864.70625,750625.4059,512927.9264
3119,SRD5A3,126271.7977,20782.33263,31429.67474,34437.02331,156581.6137,102542.1318
3120,SRF,48956.85638,13311.1226,20922.40712,8565.418022,62356.9781,48228.72485
3121,SRFBP1,907566.8898,167159.0373,308181.18,219648.8197,1199181.19,1125804.719
3122,SRGAP2,519581.0985,237167.39223,245255.0613,311053.72448,974233.9672000001,539923.7246000001
3123,SRGN,584285.46214,2881371.8726,4570603.4807,3179391.6427,692468.93215,822857.07281
3124,SRI,36937625.52824,7603993.150431,9955620.133345,9181854.880036,54107857.43446,38010103.58838
3125,SRM,20114278.84836,5002248.71628,6450609.28416,4906820.51179,24265501.73789,20536782.43134
3126,SRP14,29285557.4628,6100605.47327,12846091.20062,7858583.36725,36120476.6271,35553462.7724
3127,SRP19,2323824.299,528253.9387,1061846.006,442036.6343,4174654.846,2283696.205
3128,SRP54,19395861.06547,4623780.39106,4726401.74597,4272404.366002,26951207.0969,20798365.00576
3129,SRP68,13963879.2539,4898940.38479,6341212.00937,4460610.23568,17990687.1612,17219652.481
3130,SRP72,9991836.7401,3355326.65767,4477140.1839,3026084.94033,11573097.44029,12867370.85386
3131,SRP9,9073785.8127,1958613.3307,4763472.3443,2971268.00142,13036311.0008,10041045.7771
3132,SRPK1,3297783.4587,1384728.4726,1910039.1468000002,1127963.9991000001,5728597.270500001,4526823.7786
3133,SRPK2,1720071.3013,521021.0129,922976.7131,569327.8899,2297896.7401,2046961.6547
3134,SRPRA,10921387.458,1741216.9041,2271075.9466,1865425.6106,17892070.893,11587768.282000002
3135,SRPRB,7046292.7042000005,762372.7325,1068136.3980999999,1121503.1486499999,8897680.9736,7498951.0258
3136,SRRM1,5035468.407500001,482825.74247,781925.87851,518286.88362999994,5283055.682899999,5640318.7151999995
3137,SRRM2,25697715.8863,1939486.848758,2482048.970326,2377059.34385,32944345.474799998,26293130.7742
3138,SRRT,28238381.896870002,4872501.068940001,7408229.61349,6587397.76483,39704120.13068,31012474.77633
3139,SRSF1,44311967.3284,4213672.989829,7634131.060388,7475814.891898,53560623.592130005,54097326.62607
3140,SRSF10,8213116.278569999,931534.5217640001,1216899.827289,2296305.6398920002,11976702.37552,8511258.99641
3141,SRSF11,9823441.713469999,1037651.084936,1589294.005411,1073877.002072,9592670.53472,12039345.53851
3142,SRSF2,1396382.6844600001,257226.438829,320728.41651,367502.33736,1927709.6566,1851175.1575
3143,SRSF3,100043823.5555,6613668.15901,7454206.73414,7814440.23396,155428020.2198,110587938.30049999
3144,SRSF4,3748496.0209999997,360647.071,403920.9487,302910.15099,7797626.257,3819446.1920000003
3145,SRSF5,1601214.578,133073.1809,133217.9289,157010.4487,1684747.429,2577077.867
3146,SRSF6,26805492.56144,2253972.873034,3072212.3075471,3187182.8225829997,37991419.34165,31574347.33793
3147,SRSF7,41882489.200100005,4572132.73677,6340187.16582,5730109.05139,59657572.316,46830806.2356
3148,SRSF8,34333379.828,3324816.4511,3371051.0439,2823301.4092,49248457.733,37854328.922
3149,SRSF9,4662750.0805,540280.32543,553806.52869,600323.79208,8965523.1072,5491644.140699999
3150,SSB,56375972.18241,11496529.139006,27998839.59197,16148934.93165,74874795.12698,76476163.76261
3151,SSBP1,21893336.49385,1434887.8369459999,3469552.350616,1539604.170169,40907705.81783,25231870.8647
3152,SSC5D,745312.84426,2059628.7148,2353093.3660500003,2196792.90948,1657891.7943,953809.0742500001
3153,SSR1,7052868.3028,501918.8657,677920.71362,764594.93485,8397358.5554,6811929.77
3154,SSR2,1628938.2046,194435.54729000002,248311.5139,263772.7136,2575283.265,1544576.2571999999
3155,SSR3,1137832.994,142274.112,313480.3085,385354.8722,1966978.911,966932.2191
3156,SSR4,15702552.0461,1400557.80152,1980589.437173,2015339.88833,23290608.7211,16311150.0789
3157,SSRP1,22456396.67544,3526285.98404,6043054.401380001,3212619.50196,27061006.426,25900426.714390002
3158,SSU72,1982333.901,179327.9317,241286.4939,258374.5913,2736541.943,2493293.771
3159,ST13,56032926.398550004,9728266.02572,17293598.7375,13321364.950040001,62429383.145330004,69350734.0055
3160,STAG2,1092084.805,366371.6434,704487.5442,308210.2254,1895627.668,1334818.505
3161,STAM2,204028.0699,67583.27391,90950.06827,80103.45948,190494.6511,220352.7469
3162,STAMBP,3878917.7576,1100599.5948,1358953.9276,1595955.8165000002,3997460.8833,4584421.652799999
3163,STARD9,228935.8113,7031861.601,14301413.11,3622323.276,0.0,142872.0052
3164,STAT1,25675661.38728,7890002.56865,10601297.83793,7749673.08294,29785564.3803,33954492.49861
3165,STAT3,47114000.26786,13736555.259484,17455282.05089,12499416.393121,44818575.76677,57457906.90608
3166,STAT5B,1163113.2405,287655.56178,291549.6413,345280.82085,1434637.2061,1428668.672
3167,STAT6,311840.848,118941.2179,178100.1965,206936.1914,580994.1016,357372.1047
3168,STAU1,5228711.8912,912291.30354,2129826.1106,1196584.89488,5564545.9341,6232336.7252
3169,STAU2,746715.8099999999,131271.06172,204205.59788000002,195027.164,935356.7139000001,908087.3292
3170,STC2,1027253.3176,2611578.083,9425013.866999999,3711609.773,937559.4128999999,1292913.7811
3171,STEAP3,3403594.7983999997,2575128.0156,2017028.5729999999,3253551.2331000003,3625932.7536,4179951.9534
3172,STIM1,10672511.7625,1061135.59067,1153591.79656,1440992.982591,15248320.3958,11464343.179499999
3173,STIP1,334081482.58749,49631617.179784,85087077.291511,69408494.188981,404450672.20313,394804565.95106
3174,STK11IP,637603.9246,174637.0228,195534.9384,148218.0282,965193.7383,538067.7737
3175,STK26,6228243.2927,2552980.0188,2895896.726,3290733.5193,7502482.6665,7525027.7972
3176,STK38,540893.8411999999,196176.39496,260721.7224,182066.34438000002,757339.201,609178.3449
3177,STK4,464296.133,292292.4135,578166.575,268670.0643,1696073.336,458213.361
3178,STMN1,159677295.7829,8572055.37642,11145847.38859,12985772.70332,182173403.1006,210793546.2475
3179,STMN3,2074744.603,78105.43527,73379.43221,79758.67433,530963.0062,1067130.347
3180,STOM,13487392.203710001,13219211.05909,11577620.99345,15385522.74729,16905811.770680003,10794681.60008
3181,STOML2,23303790.10498,2112804.261955,3454412.692305,2817699.41193,35257884.42033,23895880.80895
3182,STRAP,23712411.33963,9598400.04999,13056734.27381,9262274.70589,27734508.30755,30239595.66354
3183,STRBP,1692307.3396,491469.90104,1410544.1179,406673.11634,2055615.8596,2015898.9183
3184,STRN,2621620.6538,669988.599,949873.997,872493.1021,3637791.7139999997,2963434.2495999997
3185,STT3A,38720911.90324,3529729.396095,3272472.687911,4263158.743062,32925512.91218,45982801.77198
3186,STT3B,8941987.883499999,1118007.18356,1700115.59458,2037677.92309,8429754.404,10320235.980700001
3187,STUB1,3502753.738,1180367.4042500001,2091329.6924,1568340.9002,4538780.7968,4635858.7709
3188,STX12,1137741.182,383292.8291,473434.8919,420007.3286,1259336.812,1508679.189
3189,STX4,3065387.3652,1891131.6028,2040990.2459,2555943.5574,4416722.936,3434743.4464
3190,STX5,2940664.1459999997,695523.7444,823118.5793,745346.5085,4842508.535,2831536.063
3191,STX7,5240905.0305,1221782.3706699999,1030124.5012299999,1427789.03599,5200293.4980999995,5432925.0579
3192,STX8,1005613.05,213597.9697,224399.495,228565.293,1480733.043,1077967.994
3193,STXBP1,6809797.700060001,3466702.2429,3257861.48063,3982034.53583,7316633.29366,7791202.111610001
3194,STXBP2,3917608.8269,1894113.16745,2152207.4388,2431230.0881000003,5619615.4691,3947999.7163
3195,STXBP3,4678516.487269999,4203324.86847,3789965.17651,5825033.63398,6943775.20152,4814530.45554
3196,SUB1,22647643.12751,5215485.87468,12040256.10254,3811976.76999,30629697.5737,27276921.3618
3197,SUCLA2,3274806.3972,227402.77140000003,293219.55946,292869.12622,3871288.633,3344195.955
3198,SUCLG1,8713742.4958,926725.29708,1226202.811,1162036.0405000001,12001062.771,8902046.2391
3199,SUCLG2,13174248.8286,691485.04599,1078709.1284400001,1107863.30851,16142475.3695,14289874.4012
3200,SUGT1,5546007.32356,1117788.93555,1322247.80908,1697887.20426,6736554.04229,7013170.621959999
3201,SULT2B1,4425777.7,824620.604,1259673.299,721296.3186,5925787.068,5074176.951
3202,SUMF2,9489924.5268,1274298.12056,2103457.98317,1991291.1244200002,11970203.706,9916855.4915
3203,SUMO1,5459831.5479999995,636234.3947999999,905126.7877,1284611.379,5343818.908,7567418.88
3204,SUMO2,53109482.053,3329223.8430899996,3708422.7129,4435624.2177,49938942.845,73587208.49700001
3205,SUN1,9208398.3155,1135991.34802,1549421.09069,1846771.23244,13182271.829300001,11160704.1125
3206,SUPT16H,12818101.2999,3156044.83288,5051930.655929999,3374265.9901,14297164.6779,15823656.523400001
3207,SUPT4H1,3713905.381,728471.8064,1417708.9786,1473255.0372,5986274.627,3626264.4220000003
3208,SUPT5H,47118534.958119996,11989113.96006,15651958.85416,10359371.57472,64348806.60893,50234660.40951
3209,SUPT6H,322027.2012,148325.0812,212309.456,153234.1689,585642.1648,376051.3893
3210,SUPV3L1,1997257.3554,139836.69318,199242.9794,151458.67989,2816915.1867,2316646.2375
3211,SURF4,6798522.530780001,477900.357232,654603.97924,698908.03752,10583498.802339999,5960826.61922
3212,SUSD5,325255.7011,276949.3221,573565.5059,366531.7782,532040.4014,389297.8547
3213,SVOPL,5188300.824,1269101.6138,1585744.4605999999,1377128.2427,6861274.857,5485713.6559999995
3214,SWAP70,46604645.80274,6701831.873213,10297425.927228,8431113.07217,58745883.93184,48055720.79231
3215,SYAP1,1374336.85,123647.4525,131733.177,172279.8888,1183490.862,1657730.299
3216,SYMPK,130125.4394,59813.40597,83372.19825,73980.51206,209237.3233,158191.9035
3217,SYNCRIP,63401439.87987,10540479.764152,18887270.118440002,13954095.839806,75422542.26033,79353441.30654
3218,SYNE2,3589001.64635,766862.850577,774572.4738500001,590589.28884,3341590.45299,3247671.6147700003
3219,SYNGR2,7020103.9999400005,2096574.20801,2952934.16874,1814882.60776,9665824.4596,6216671.76123
3220,SYNJ2BP,367770.3022,66706.21872,106277.4696,168555.923,669355.7771,491720.405
3221,SYNM,1351674.6779999998,181607.89154,318685.86568,215237.07137,2355598.5598,1557914.6691
3222,SYPL1,9544452.722,3809148.7374,4413389.9515,3574688.9685,11704934.0388,9517140.718
3223,SYVN1,311660.76029999997,24153.0471,45681.62935,39025.415049999996,581639.0282000001,236614.48249999998
3224,TACC2,4484711.5918,1053235.5994,1617876.1728,1129323.67226,5931285.6743,4560209.0104
3225,TAF15,50225186.12406,1626678.2264543,2898146.2595662,2656788.577648,54142819.39964,46890038.50429
3226,TAGLN2,259687469.49763,26745133.041737,24725326.344962,41364789.333076,289306729.25158,296665045.19506
3227,TALDO1,203357236.08884,36472174.22219,68404032.59409,50552454.75974,223846234.15066,254285730.10413998
3228,TANC1,983774.9929,425620.0616,511996.2115,400231.9439,1637709.736,1023992.423
3229,TAOK1,428445.9584,251584.7803,291528.4536,282978.7735,690960.2958,501656.1052
3230,TAOK2,1485551.74536,520232.59972,603305.8098299999,589367.81279,2477465.8336,1560874.8519000001
3231,TAOK3,367545.7342,148511.7792,200543.5988,188451.7249,469694.2181,571285.3833
3232,TAP2,919547.4448,87817.86963,115388.6187,116926.3621,616331.3558,871424.0558
3233,TAPBP,10029525.682599999,1448707.2733399998,2629954.6406199997,2465849.22112,16682918.848299999,8165222.3368999995
3234,TARDBP,21836632.44626,2450395.6028,2927464.6667290004,2534882.900254,21707902.73171,30421290.84674
3235,TARS1,85198133.62678,23226933.745494,32639154.046632,23439873.933121,104030193.63479,91483487.23781
3236,TATDN1,3519051.4092800003,385002.89314,767938.87726,800460.13693,4627969.6493,4684447.87862
3237,TAX1BP1,1869421.8514,524749.961,399080.7476,380487.07440000004,1811815.8435,1636091.7774999999
3238,TBC1D13,362686.629,86099.12387,158780.9678,122134.8603,426874.5828,364262.2202
3239,TBC1D15,1783726.9202,539112.55256,701668.2036,648159.64813,2068860.8292999999,2271013.5479
3240,TBC1D17,355350.5278,98255.92345,123691.6709,145738.1298,522880.1974,380394.248
3241,TBC1D8B,13105756.315,6761136.279999999,11382968.280000001,6552736.651000001,13733332.58,13446260.73
3242,TBC1D9B,189108.919,72111.07382,114895.1554,94822.27394,202188.0614,207695.0886
3243,TBCA,67520156.05428,3254142.977308,3884122.092291,6838722.043437,65785356.81598,90480465.75704
3244,TBCB,47402963.55128,7143373.690758,8961396.262409,8739490.133668,54152717.00233,59455385.08191
3245,TBCC,1522665.9713,187326.25272999998,208101.43836,239432.11352,1456611.6175,2023667.1652000002
3246,TBCD,19358096.42651,6317916.63437,8550724.66969,6302755.254290001,28107953.44559,20524189.21641
3247,TBCE,10926974.3499,2858554.6768,3446141.2972,2824801.1916,9258514.0879,14156599.8948
3248,TBK1,1213098.483,246842.4095,257334.9818,242992.8208,1428209.149,1457744.661
3249,TBL1X,1387410.646,326699.0993,590109.262,658379.2728,1571070.113,1885284.136
3250,TBL2,3756540.7714,633083.52608,773458.2742999999,750725.9110600001,5680916.2822,3978417.7687
3251,TBL3,1064059.8653,300782.97829999996,546671.0698,303930.1712,1549655.8872,1232168.497
3252,TBRG4,490003.5786,110178.37432999999,162977.84122,154201.29468,582352.6387,625189.8314
3253,TCEA1,13411693.572999999,1343215.98055,1993332.50488,2011751.6173,19346476.9676,14587193.0656
3254,TCEA2,599237.8035,143650.9781,173802.9398,239118.3218,534326.6053,756277.6567
3255,TCEAL4,1570951.4504,123176.85354000001,169860.97768,150213.21738,2424339.245,1860245.2347999997
3256,TCEAL5,2890237.84,215749.0232,386540.6861,390050.9935,7004949.259,2456290.36
3257,TCERG1,8704269.2182,1804062.24034,2990582.7749,2156986.301,14206712.865200002,9681860.3947
3258,TCF12,169731.8155,15022.31288,19468.55156,35201.17667,247781.5653,216567.5239
3259,TCIRG1,1149962.157,235210.8192,281893.8623,195759.887,1567409.844,961531.0635
3260,TCOF1,31013715.12354,3290352.1531599998,3967713.67011,2483631.68397,41001593.19228,35727120.26573
3261,TCP1,148500331.77718,77953909.7178,100248248.11656,71203752.25508,171471463.90599,178561957.11009
3262,TCP11L1,450360.131,115969.3241,152122.254,169984.376,528632.9759,406181.0989
3263,TDRKH,115097.0346,35038.89763,63164.15056,52476.4642,159539.9409,118527.1026
3264,TECR,32142979.46333,4501471.019404,4662869.26522,6271474.48118,29453584.89085,40162304.94807
3265,TEKT4,271621.6643,891972.0214,1162112.282,686236.7633,269207.8785,309996.951
3266,TES,19486358.599099997,4022923.92481,4979826.37528,4470163.9993900005,24016595.7865,21344952.3161
3267,TEX10,400667.8412,81997.5721,118038.2856,89198.68939,433335.1829,524438.5577
3268,TF,5924493.411146,36858533.428840004,158658600.13622,306573314.476,3276049.616937,7166261.201703
3269,TFAM,23250452.8506,868745.92107,1018222.53956,1307943.14254,34490814.607099995,24689948.9255
3270,TFB1M,742315.9482,63030.84356,77839.36566,123506.3827,1397011.773,865109.4411
3271,TFB2M,769733.0094,90795.12979,130605.4895,173705.9074,868810.4302,1023076.334
3272,TFE3,110180.83378000002,1782.635509,2666.2287576,5620.171571999999,225817.1214,96460.18817000001
3273,TFG,3926990.07966,550239.392554,661044.172473,630624.5768929999,4561450.501010001,4244578.11845
3274,TFPI,2153121.21498,9502999.4692,23173729.4421,7689259.0935,2052349.82268,2550946.27885
3275,TFR2,4156492.751,1888697.682,2195027.604,2746893.94,3563356.5,4304534.652
3276,TFRC,119049616.98032999,49685173.351138,71662592.964275,58594078.071316,121242689.40399,118342032.13699
3277,TGFB1,310479.0548,795011.819,1945396.445,1075364.997,373259.3547,414127.1673
3278,TGFB2,8784740.099073,24257464.44365,50525163.25217,28240067.38939,7583331.379554,10580908.055632
3279,TGFBI,37683495.301513,230313456.33276,518745772.26048803,187750485.906237,33110734.092219,34416664.450517
3280,TGM2,48022828.59262,11752566.62294,18247193.27267,9730085.47529,61780042.31928,41423711.51496
3281,TGOLN2,5414892.624299999,1690020.8756,2881613.4302000003,1633641.5696999999,5120677.4541,5981271.230699999
3282,THBS1,29477813.192038998,230537676.22183,286200677.2158,184461713.14485002,25754388.3331169,34056318.178041
3283,THBS3,1953033.961611,2419798.26558,5591261.54505,2384143.96316,3157061.180786,2120967.8284980003
3284,THEM6,2662914.7061,304167.99718,401902.8824,1162871.83424,5212484.8751,2264915.9568
3285,THOC1,2972240.4626,1669235.6952,3275875.6202,1225486.2624,3379133.2046999997,3848220.5755000003
3286,THOC2,7983568.5348,3467063.70001,6781752.7683,2697006.85636,9285167.3786,9712508.2523
3287,THOC3,8369744.6005,2732538.8049999997,4052338.8196,2547589.8076,9154220.4963,10291890.385699999
3288,THOC5,1702273.712,902888.876,1969402.2249,1165116.1341,2522447.3389999997,2023804.4916
3289,THOC6,4123993.0628,1791652.9185,3129980.2161,1723521.2330999998,5164411.6883000005,5074597.7016
3290,THOP1,6197219.7097,1880024.8296,3383356.5262,2034725.378,8056333.6998000005,7272288.1902
3291,THRAP3,35853052.4831,3067852.12934,2953512.46803,3664031.88665,46538379.066199996,42244562.3637
3292,THSD4,2590477.7556,8762455.2117,20497150.2365,5373338.8965,2401784.0091999997,2538843.5005
3293,THSD7A,2828947.0639049998,11041095.70689,17134149.824199997,9321541.856279999,3456163.6855369997,3245292.313351
3294,THUMPD1,6682453.2053000005,1088552.06338,2386900.57143,1301543.77116,8996331.276,7877432.7056
3295,THYN1,1872662.1216000002,503183.12930000003,660490.0551,420093.10850000003,2926679.2879999997,2214397.1928
3296,TIAL1,16695056.4591,1970347.95407,2495128.45072,2864510.50471,20407584.3802,20726136.55604
3297,TIGAR,9912950.2545,1952370.384182,2586128.221428,2315784.401687,14321145.33983,11355464.20359
3298,TIMCC,2011976.5296,244986.8525,287665.35297999997,271491.4458,3384183.873,1844975.3898999998
3299,TIMM10,881022.4283,54721.02207,201113.3047,108320.9937,1903172.961,877727.0583
3300,TIMM13,6796375.5951000005,503885.06877,994648.42995,828946.57764,9141879.1588,6917740.5668
3301,TIMM17B,1824383.78,137718.9822,212054.3093,158625.5947,2418089.731,1843384.584
3302,TIMM23,1451417.591,234537.63841,321610.7499,292993.4172,1841914.9537,2003439.5685
3303,TIMM44,29613840.4097,2412488.967503,3417670.776805,3142365.540613,42433834.0333,32414355.566490002
3304,TIMM50,119415286.02329999,11365982.171811,19311223.16817,12895109.72789,167298184.74541,140487793.36943
3305,TIMMDC1,1460704.6754,101702.49509,133746.75939999998,137224.07263,1702015.7846,1919954.2146
3306,TIMP1,1691220.78867,2406718.62082,9024449.0372,5362347.1938,1842271.58268,1937122.832
3307,TIMP2,7534113.995,21555929.6211,81610166.883,29193697.6459,6628953.09279,7693776.6754
3308,TINAGL1,23841.88906,136462.3422,184184.6502,126736.0929,45704.74167,33219.54395
3309,TIPRL,10663755.3203,1783278.00175,2741903.3591400003,2433673.03054,11886622.8817,13309381.011
3310,TJP1,3240728.6986000002,1021352.3003499999,1219591.20673,1404873.9978,4226285.262,3373341.2183999997
3311,TJP2,250967.92940000002,115064.30163,124504.82142,148509.69814,310114.2186,324801.5087
3312,TKFC,2693914.0474300003,455147.809598,789845.81242,816566.13578,2964993.1294,2975713.72795
3313,TKT,246412515.71048,26908024.622739002,76046350.469207,49553241.723278,302732426.06863,241872040.78726
3314,TLK2,3329127.513,1074558.9942,1265236.0370999998,1011014.2118,3553424.2935,3747409.2775000003
3315,TLN1,305500769.090831,78892344.809549,124240078.526594,95591148.937985,392249508.00259,317478709.22345
3316,TLN2,99499586.56326,24199999.571972,36609197.779904,26900807.553999,119558322.39264,100822340.12921
3317,TM4SF1,13987002.035999998,45972614.4271,41909348.7742,26659835.9449,14673965.6636,11912420.669
3318,TM7SF2,5185304.1841,361104.4055,402880.96688,421208.22726,4171557.2591000004,7039864.4611
3319,TM9SF2,995713.3959,640491.171,658251.47138,536102.32519,1472374.5931,1160165.4247
3320,TM9SF3,6793064.5674,2101905.46117,3115136.1932,1577621.96314,6546078.3893,8561255.5639
3321,TM9SF4,17483414.8446,5179071.94237,6568680.36297,3909204.5911600003,20374879.7572,19993038.0274
3322,TMA7,6642726.29,254648.5406,168077.5272,394969.4991,9460120.988,7928532.103
3323,TMBIM1,62766.80334,86421.13992,84616.04296,66848.36204,92014.16694,69819.79501
3324,TMCC1,398144.7061,442309.3254,1239836.686,792932.0978,791231.6882,547206.9619
3325,TMCC2,4121669.183,3566584.909,5184645.51,2012126.127,6091447.803,3440719.293
3326,TMCO1,3530230.2679000003,328563.68831,365735.62876,609885.72917,5158953.504900001,3312978.9968
3327,TMED10,7817188.268429999,1366596.362677,1699222.01404,1467344.464212,7789208.78969,9520189.98896
3328,TMED2,19560955.1265,3407799.16859,3961212.7647,3073572.91143,25814491.7296,21010153.07
3329,TMED3,1336989.393,355002.2197,603820.9065,505556.6794,2443683.512,1706120.661
3330,TMED4,27652475.5825,4009070.07619,4867254.2966,4951107.03609,30817585.8545,32237774.350599997
3331,TMED5,4042951.0895,1070706.65533,1047258.93308,895821.2258400001,6165776.8353,4009104.7375
3332,TMED7,5684572.1449,2379888.4586,2593592.3796,2426638.9151999997,8925821.0734,6767305.6947
3333,TMED9,19330633.86289,2431636.537263,2619867.12027,1956034.92913,18940520.08572,21445681.3732
3334,TMEM106B,7253653.1964,2845315.77598,2731877.8869000003,2268702.9084,11019665.8442,5645842.023700001
3335,TMEM109,10094958.5744,2115493.7271000003,2774052.62173,1944433.1993,11731480.7061,11173592.5831
3336,TMEM123,886277.9477,410063.8167,391908.403,340397.3394,1341832.082,1129007.651
3337,TMEM126A,4126674.0052300002,255233.6275,366210.53039,373788.08359,5977329.1811,5047148.20245
3338,TMEM132A,347773.2271,433111.1318,1172489.406,739478.6844,223278.9673,348285.3045
3339,TMEM14C,2118268.163,1020169.368,1920028.387,6763210.704,2880042.581,1820110.305
3340,TMEM167A,1461037.757,291464.7164,429318.6876,301955.6429,643978.0314,1485668.616
3341,TMEM205,4276384.096,614067.9881,702470.7799,601561.7047,5459810.038000001,4065135.4587
3342,TMEM245,2876751.9598,369546.23763,509860.06009,349161.70999,3792330.7460000003,3067510.1405
3343,TMEM30A,2885646.3660000004,1407129.041,1150423.7752999999,1952363.5317,3922510.656,3058505.9790000003
3344,TMEM33,1944050.1563000001,273958.87141,536645.43415,265496.76364,3454693.5516999997,1736910.4173
3345,TMEM41B,8765384.9003,972769.53195,1501307.4079800001,972925.1619,11974487.485599998,7910003.8477
3346,TMEM43,7271252.5894,634119.36812,785506.9057,858008.69238,8848831.1458,7904563.59351
3347,TMEM74,8431994.385,1825262.243,3810499.605,1544884.749,2083073.117,11804081.0
3348,TMEM80,418288.6049,145193.5499,147764.5296,154482.5954,2686981.315,259544.2986
3349,TMEM87A,724429.6353,273365.0155,333399.08129999996,274550.333,919374.47,918046.7765
3350,TMEM9,239592.38267,56714.87051,45131.447701,45572.2244,510205.5773,229932.20598
3351,TMEM97,3135218.33,320537.0039,331711.5003,528294.8767,3884700.178,2751891.711
3352,TMF1,123358.7989,27755.67309,41988.91893,32469.55145,191538.4932,123665.9941
3353,TMLHE,135926.9288,12786.57861,15752.72315,25179.63591,323991.104,104967.6648
3354,TMOD3,8312517.601,1163689.0803999999,1555738.6713999999,2434609.2453,10647597.1775,8970337.3539
3355,TMPO,20808654.20893,878227.241884,2675287.3637969997,1201728.32876,31771747.5893,24694441.2982
3356,TMSB10,14565723.592950001,916404.985734,616315.502231,853723.62162,24447817.963600002,15884420.206500001
3357,TMSB4X,116380057.871,7531238.432,3708572.0562,8230135.0539,117737663.91499999,106893651.546
3358,TMSB4Y,29029689.048,2087383.2263999998,767047.4301,2123317.523,33622280.8375,32221563.1246
3359,TMX1,8630681.2319,795194.42926,850864.21264,1283565.63291,12537646.1736,8912757.324099999
3360,TMX2,6221050.11099,464775.940163,582502.4033690001,850250.0905299999,5193181.1711,6713809.9956600005
3361,TMX3,7377647.326,669138.8104000001,895389.4534,863187.0712,10660730.230999999,7360601.856000001
3362,TNC,4572295.5784,18180979.30703,19604576.73303,11728312.544928,5700195.37196,3706811.85956
3363,TNFAIP2,3040906.5515900003,2033133.40205,2109489.30561,2610550.67836,4424776.69579,2800010.16005
3364,TNKS1BP1,1164201.7907,166357.34701,143505.3571,235685.4413,1965551.1615,1070155.0399
3365,TNPO1,32763838.374300003,9474780.4856,12573046.6922,8929942.57703,36462122.6738,36200051.0083
3366,TNPO2,86609.89395,12431.50361,22358.10605,17028.2842,171300.0757,96333.97727
3367,TNPO3,4742772.47701,1643015.39346,2400755.68573,1711380.7762,6024304.16433,6277538.37801
3368,TNS3,34907393.466570005,10784079.172064,14881015.24367,12065309.85882,45043066.4371,42333703.27836
3369,TOLLIP,11781035.2295,5367687.046,6106205.4021,5185804.988700001,15124220.1816,12414767.6839
3370,TOM1L1,1337895.1878,532852.3217,644384.2262,549947.4138,1262945.8876,1685849.0906
3371,TOM1L2,1997942.8972999998,719279.5677,640274.3066,762798.8057,2722300.832,2011967.8297000001
3372,TOMM20,3461600.9156,552050.4088,1234531.8801,790601.1910999999,6505858.1280000005,3753908.7313
3373,TOMM22,2546052.9681,159023.73436,233888.06540000002,274149.98519000004,4859524.6828000005,2597089.6518900003
3374,TOMM34,3455669.5047999998,489577.02173,476174.48506,501749.7413,4313925.9341,4179328.8142
3375,TOMM40,12116265.00529,480244.94817,545081.7855400001,733320.38645,13172691.75843,13940691.23485
3376,TOMM7,4016382.35827,228280.528132,379238.921416,387362.96459,4679412.129559999,4361966.68382
3377,TOMM70,57072466.193900004,5605420.46093,8619555.2423,6664194.77033,67750615.1502,67533252.65540001
3378,TOP1,29604361.7544,12722260.2476,26238921.3418,9790940.7477,39331436.8104,32820484.8949
3379,TOP2A,8448021.86365,4537440.94407,5321314.13719,3897184.74614,9227779.19444,8886716.2727
3380,TOP2B,1817613.781,464291.9008,769265.2646,389177.448,2328343.909,2152910.17
3381,TOR1AIP1,3626636.324,179820.0202,206603.08569,319574.18795,4525537.416999999,3975563.617
3382,TOR1B,1117487.4692,862042.5466,1830634.0924,668307.3365,1581991.6495,1114636.1987
3383,TOR3A,106118.4013,63438.79114,109417.3143,89766.29515,133502.8866,139696.3195
3384,TP53,6334087.596,1493585.8317,2301140.9416,1642395.0332000002,10248987.236200001,9643801.9434
3385,TP53BP1,12832689.9724,3112268.59872,3150950.81797,2551504.44751,15927157.9987,14370996.3877
3386,TP53BP2,285519.5521,77160.13095,107750.0909,148494.1747,364274.1738,366416.9631
3387,TP53I11,955647.5862,159772.8,190546.96709,220305.35767,1285046.0937,1150660.7448
3388,TP53I3,6959372.464199999,1054394.13096,1985702.6927299998,1928152.19062,6838446.20665,8788898.48725
3389,TP53RK,1428025.677,198939.4895,268951.8035,199284.0956,1702052.654,1633342.339
3390,TPBG,5914036.27413,6952585.4095600005,5538163.74915,7999849.92342,7485488.82069,8027711.06397
3391,TPD52,29872881.43212,2013544.085748,3354479.444896,3151566.453267,25091904.59709,31810006.090889998
3392,TPD52L2,39069762.669800006,3268024.96633,4234958.00654,3800867.4674899997,39929209.0606,42615886.134100005
3393,TPI1,439165880.26429,45968665.878395,112650342.414566,97844374.142561,477128178.6709,490227794.32854
3394,TPM1,27845028.22761,5014637.36979,7679287.57142,9743921.07671,30106119.34173,30870319.42301
3395,TPM2,38915977.3997,3805628.03112,5008487.2362399995,7535078.028170001,29997617.0361,46312808.0815
3396,TPM3,22889419.646700002,5576038.0126,8900537.2217,8727754.5665,37409256.278400004,23712236.877
3397,TPM4,174302769.92576,29356360.45839,46102594.5718,63578696.44596,244306443.96495,182789505.22610998
3398,TPMT,3180664.782,280767.4211,363822.2474,328234.8416,3781365.653,3489114.995
3399,TPP1,21529864.183546,18419540.555019,68843238.002828,38468862.099419,35441488.463427,21905843.443337
3400,TPP2,14123292.189100001,10143886.1431,10891922.5827,11174305.117,16072946.9961,16422937.770200001
3401,TPR,40406018.17838,25792303.779789,39093361.68444,20080022.65162,54823993.75353,46392133.02776
3402,TPRG1L,1087646.373,330704.7127,313042.5338,272655.5182,1185702.2,1067775.218
3403,TPT1,19084517.656,3976014.5055,4803957.65525,5053638.81687,14264842.673360001,29071740.08622
3404,TRA2A,14289047.632100001,1111438.2042,1115214.7762,1140573.4365,18384295.6429,16861421.8716
3405,TRA2B,4586994.388,414354.3031,466128.8247,490555.23,4477093.078,5390554.311
3406,TRAF2,202401.7294,76185.95371,120466.7708,103300.3558,437831.6981,221737.9686
3407,TRAM1,3710544.1,341181.7754,435629.4608,380389.5847,4813002.913,3959309.696
3408,TRAP1,57341670.8666,8396283.927173,11262028.5675,12518871.60708,106046086.669,65945992.4355
3409,TRAPPC3,6798169.6842,1826037.9147,2398680.9710000004,1723528.0233,8105104.625,7947732.5252
3410,TRIM21,2305785.9676,831138.7145,1352453.7465,1025530.7721,4525739.5144,2619463.3021
3411,TRIM25,17995978.9183,5590957.78775,7537600.369969999,4979660.36939,24301530.0052,19455898.4438
3412,TRIM28,91440049.62688,26856530.067584,33876499.950559,27064427.61323,110652631.00757,108962499.93432
3413,TRIM47,6945592.1572,1888347.228054,2410519.059248,1914499.143301,8306973.18445,6745328.323494
3414,TRIO,521547.305,241862.39549999998,304305.3099,244558.9305,549919.3024,682043.0233
3415,TRIP10,6183150.65304,1773025.2142,2195419.74686,1997801.00825,7326006.93671,8267319.38199
3416,TRIP11,142918.9559,25475.59671,32974.30909,42972.70541,221674.0049,146819.9164
3417,TRIP12,3296343.54111,847734.8952169999,1667530.33953,1449388.10968,5154759.87663,3559964.75992
3418,TRIP13,1373581.9163000002,261270.4744,265996.5931,312625.7541,1612622.111,1566691.8092999998
3419,TRIR,3279932.867,261112.36036000002,336327.082513,267417.79409,4095580.904,3676289.9909999995
3420,TRMT1,426855.1616,150781.5593,196650.1412,166898.1086,798640.3693,471353.8675
3421,TRMT10C,2750486.9334,362143.97013000003,580536.3936000001,616933.6912400001,3743958.8784999996,3243947.5621999996
3422,TRMT11,548616.9037200001,188873.70067000002,229417.10997,204043.85236000002,670487.3221699999,806981.14961
3423,TRMT112,118971.9603,39434.55108,63109.64828,64178.05587,218144.9649,155893.3696
3424,TRMT6,1294729.0329,383652.77786,615467.32852,353712.85026,1551620.5503,1533554.5895
3425,TRNT1,2922365.638,573649.962,888339.5381,682332.5293,4265313.235,2918754.991
3426,TRPV2,271037.1815,25813.06017,20401.50758,21365.69253,292896.5532,241026.6603
3427,TRRAP,16212467.8685,4246616.4172,6841846.7315,2960228.6541999998,21686345.9104,15490515.701900002
3428,TSFM,2720608.80793,203424.48529399998,347440.178908,225096.34736,2969891.4636899997,3590936.3088599998
3429,TSG101,4674732.8318,5268619.3153,5102343.3061,4380398.189,4510720.3125,6304380.352
3430,TSN,17946044.8387,4272852.29663,9206671.21845,6373363.28391,23091352.83055,25150286.1908
3431,TSNAX,13721375.38501,2393377.65978,4557296.40763,4412987.28651,19413548.046329997,17289525.877949998
3432,TSPAN1,277116.91194,533539.3537,693021.071,508385.87620000006,396519.50139999995,316051.94224
3433,TSPAN14,684312.8139,2579986.5949999997,2501950.5,1737104.4019,615096.6525000001,974441.5766
3434,TSPAN15,3723638.7298,7309658.7077,6449687.8645,7348743.801399999,4140631.4214000003,4739487.9287
3435,TSPAN3,2807723.971,1789373.926,1522580.648,708235.0671,4489101.197,1360172.045
3436,TSPAN4,4982208.5393199995,61210004.209199995,48627526.99738,36686398.73674,452841.12301,5338273.00399
3437,TSPAN6,2016938.571,2906643.194,2603140.069,2448265.298,2730122.512,2396793.6
3438,TSPAN9,158688.6222,409535.403,457932.8914,333924.8718,170288.3218,169510.3081
3439,TSPO,9826111.2129,465848.49590000004,602375.85516,848873.20229,15003975.1699,11688684.505800001
3440,TSSC4,488025.73549999995,79729.04346,78292.30293,172130.63561,1883186.875,480633.0013
3441,TST,2915149.42,203837.50601,306833.78189,429983.25564,3515379.42,2874813.7498000003
3442,TSTD1,904713.961,112391.9875,115492.1192,145510.1069,1712396.864,669224.3116
3443,TTC1,10676660.18552,1082222.2061100001,1969152.34756,1639978.5256,14965844.191100001,10557952.55079
3444,TTC24,296280.1849,136635.7849,185390.5741,128133.4185,243574.3811,245916.4424
3445,TTC27,82866.75408,28943.81115,47673.30336,40911.13736,101764.1668,105431.344
3446,TTC38,294359.9663,67024.70605,139812.9669,90488.33733,482864.6456,386478.8733
3447,TTC9C,259553.3628,55837.35291,87143.50477,106167.2949,408261.3511,310510.1547
3448,TTLL12,3699120.0030000005,900970.4937,1060936.2699,979463.2969,4694769.784,4310919.165
3449,TTR,2276016.0122,11997277.623,35326824.585999995,72020648.64,366253.94275000005,3048676.5178
3450,TTYH3,11377815.527815,10903408.256488,10165449.076449,9560333.010602001,12000068.270399999,9364588.09462
3451,TUBA1A,926922463.153108,180085565.667889,173051607.462222,191755416.645575,952056915.581157,1212138663.114962
3452,TUBA1B,20098974.950799998,3996176.45083,4400257.96696,5527155.01024,21252498.6975,26630465.6478
3453,TUBA1C,1380018.619497,681676.258005,798250.722162,655317.908206,1686853.8092329998,1712071.504413
3454,TUBA4A,161243.5043,61513.24684,98372.91719,100687.3846,273400.0556,180158.223
3455,TUBA8,2037620.184781,652132.008063,953121.892659,954226.221635,2204838.367532,2144970.046739
3456,TUBB,78444093.32083,11526015.819954,12299191.678541001,15568853.227379,84917330.22685,93439960.09324
3457,TUBB2A,551867072.971855,100277665.248535,109590650.848842,122319219.368357,791883364.727652,613584293.342786
3458,TUBB3,92676403.31066,16827829.579843,18400261.093242,21115272.905853,115579099.26784301,106015913.40266299
3459,TUBB4A,82907150.1982,17057437.282396,20503951.03094,22902884.511083,82013133.15088,79992390.38805
3460,TUBB4B,7035174.87,1080910.43132,910175.09904,1576781.3417,7237053.0550999995,9382556.5261
3461,TUBB6,3576953.4380200002,900769.7829179999,1167773.45041,1269790.470897,4848405.84499,3735946.68816
3462,TUBG1,1698615.668237,621705.924592,994227.930734,1014861.050208,2828456.9016400003,1884261.495828
3463,TUFM,91925471.9749,4570662.258687,6576939.443509,6949194.226856,118274652.57582,101230201.37413
3464,TVP23C,1094442.9135,500395.8722,686135.8988999999,388930.85880000005,1426889.8248,1272814.316
3465,TWF1,8295212.2067,1761783.81388,2405240.0264,2256815.1063,12916629.3911,8706241.922899999
3466,TWF2,2291925.03389,568386.770979,840155.91639,789538.90061,2555879.8964,3074517.9058
3467,TXLNA,13684019.128899999,3452851.76426,5982594.31258,3174227.17366,18587927.7903,16083904.8263
3468,TXLNG,3356191.839,758713.5806,947971.4791,696161.4558,5507009.835,3535446.848
3469,TXN,108433557.9002,10559342.74886,13790883.03407,17441556.68223,72185145.5746,138326576.58089998
3470,TXNDC12,26885805.2712,1671943.32153,2502067.40549,2899197.5651,36781389.484,28586334.2647
3471,TXNDC17,37927381.4273,2856258.987241,4048231.961577,4691609.752658,48060817.021350004,49569592.795269996
3472,TXNDC5,56074248.8946,3921180.920866,6614636.28189,5690792.49013,64046600.16101,55144595.67457
3473,TXNDC9,1329410.292,306969.835,439480.5384,440558.9507,1565683.173,1535803.724
3474,TXNL1,3673148.1887,983615.12,1939109.6565,1357427.9682999998,4644363.1642,3901665.518
3475,TXNL4A,919728.7241,138447.9981,190577.5053,196892.2584,733404.8542,1505333.305
3476,TXNRD1,44660962.70423,11785784.37197,23828175.661721002,19124725.067951,53112333.92046,53680394.726500005
3477,TYMP,14012392.247200001,3143475.46144,5088436.47365,3589498.59429,20986321.8418,14358488.5163
3478,U2AF1,23939454.410329998,4595143.968777,5849391.008335,4710597.7071,25578784.57677,32064850.473899998
3479,U2AF2,40718402.19061,7849774.963029,8751259.68058,6861822.8710549995,48218104.62356,48197198.97567
3480,U2SURP,2693575.1434,601743.94339,932602.40206,484134.83058999997,3161032.45328,3417197.9427
3481,UACA,10864798.5581,1791837.688,2388540.9533,2063540.9299,13238054.6831,12249431.133399999
3482,UAP1,43146208.3219,13751924.92008,15914827.20756,14342026.73086,58423630.5659,45298911.9048
3483,UAP1L1,432575.4519,95458.06548,121445.7574,143232.3593,621381.2965,375534.3987
3484,UBA1,271782710.801835,73327198.992401,93219567.103346,78524820.069699,293704872.84943,348144620.948619
3485,UBA2,26801576.29284,6422486.31295,11255234.77128,7355122.95871,32564189.246710002,32660272.95747
3486,UBA3,8502650.7574,2378098.28114,3739797.21904,2494218.0678899996,9454873.3687,10862543.322999999
3487,UBA5,5256938.925000001,1335681.7371,1464833.4106,1244055.7726,5593820.576,5980555.318
3488,UBA6,4189003.6855,1010416.30742,1440644.29114,1544417.8938,5968683.255700001,4299625.7711
3489,UBAP2,561257.322,93401.61741,106351.0919,119257.3888,648895.7924,666620.9743
3490,UBAP2L,10309358.8739,1184018.8577,1300357.42604,1790437.23945,11490726.2847,12340229.9717
3491,UBE2D1,1253330.214,451704.7863,652134.0548,472246.8919,2224165.816,1658617.872
3492,UBE2D2,2192483.8133920003,525314.228231,584430.8991970001,678516.663442,2130337.4090299997,3048156.3607099997
3493,UBE2E1,1933428.1749999998,238535.03830000001,294066.8371,276688.17,3462509.463,2176489.903
3494,UBE2G1,1704907.0159,227999.84065,343132.132,434411.38210000005,1761031.6419000002,2522880.726
3495,UBE2I,15509304.443500001,1311328.7962,2376732.5322,1740459.4378,17776309.029,20240121.722
3496,UBE2J1,26702.41256,2402.128395,2692.809286,2528.057472,41546.20041,22651.27811
3497,UBE2K,5275818.2988,633461.10519,952762.6191199999,1005140.4379,4801581.5152,7724763.3599
3498,UBE2L3,19047248.24805,1985363.52575,2620019.8276,3430427.88205,16976500.311699998,25331206.8114
3499,UBE2L6,157976.2934,94042.31754,149635.6736,158196.7734,219718.2042,144900.3674
3500,UBE2M,27816818.524699997,5615084.460745,4591385.449746,6255282.131632,27254161.731020004,39622422.11965001
3501,UBE2N,40290344.92552,3954071.0240599997,5771273.07532,6578658.4621399995,45303573.0761,49541106.52047
3502,UBE2O,2362511.2539999997,1227978.0525,1107773.4815,1630717.6774,1938440.0897,2942389.3638
3503,UBE2V1,54984502.0765,5761286.20105,9438078.6099,9188927.8588,72659180.1698,63380731.479499996
3504,UBE2V2,8432891.313000001,1027338.2220000001,1492044.3601,1559753.9985,11227980.169,10254228.117
3505,UBE2Z,13731132.136429999,2995616.3881,4171294.04576,4080905.44263,15882933.3794,15726062.00151
3506,UBE3A,264733.9114,143878.9723,192916.0779,171131.5582,443921.933,348565.6248
3507,UBE3C,2616159.0552499997,691001.29144,861313.54149,807458.66828,3206570.89583,2635331.2427
3508,UBE4A,1212600.3216,485590.2399,804302.9350999999,409559.1435,1924132.1443,1353187.6061
3509,UBE4B,1085827.8613,400892.2729,529153.3784,346195.2792,1339128.6418,1414434.9515
3510,UBFD1,6259251.898,504967.0635,668447.6244,693550.638,6216499.311,8145031.448000001
3511,UBL4A,2277692.0990000004,481211.982,674196.3769,1011943.3836999999,3692026.1459999997,2262794.539
3512,UBL5,3798896.9477000004,1037876.1173,1051264.5728,1271592.4046999998,3948238.6293,5120296.3563
3513,UBLCP1,2763212.067,430200.4708,832109.8593,762701.6751999999,3286357.42,3395265.5190000003
3514,UBQLN1,3672399.6774000004,792537.26934,1465931.28831,1125921.66928,5442204.853150001,3919475.449
3515,UBQLN2,11993476.360000001,1929184.73611,2849754.24011,2433322.39178,17789130.1166,12527566.9462
3516,UBQLN4,1034574.08569,218058.79575000002,333391.89234,302433.76482000004,1206297.25707,1449676.57388
3517,UBR4,30135313.30347,13936331.08503,17627415.00134,13130860.00852,41195311.61276,34869875.53377
3518,UBTF,5861896.6193,1114984.5188,1643278.7267,2030560.4421,5919832.3914,8396735.1145
3519,UBXN1,5628339.26263,927864.362551,1256908.8744892,1601897.4802309999,9128614.55977,6808044.55272
3520,UBXN4,511705.2573,79098.5678,131961.0324,112604.9236,489926.7856,563269.9099
3521,UBXN7,2219471.5790999997,422323.95826999994,681569.5898,452607.04214000003,2815720.7332,2613870.1972999997
3522,UCHL3,3817395.2948,544375.5292,1074725.87037,990057.57445,4503469.647700001,4683883.9562
3523,UCHL5,3795654.5332,889730.2536,1334698.2635,1030876.6461,4091784.4867,5415459.7961
3524,UCK2,179072.2076,31961.71957,65333.36865,70902.96082,186150.4222,208035.2002
3525,UEVLD,101104.6769,96113.14793,126603.273,107698.799,111441.2044,123570.8593
3526,UFC1,14994373.544,1754126.1784,2773733.2076000003,2510288.8948,19207065.3759,17910642.376
3527,UFD1,8484425.2122,750600.46315,1094721.7051,1096064.88843,14250696.8529,8079452.6732
3528,UFL1,7128788.1888,1566198.6383,2148244.7134000002,1541343.58605,11721377.8183,7975543.9454
3529,UFM1,9105994.309500001,575511.72511,665227.56621,714564.99808,9637789.0802,9911241.868700001
3530,UGDH,116367543.08449,25280749.574097,28037810.564591,22057845.862133,152071110.87172,111215203.74904001
3531,UGGT1,25364436.24823,2996438.37432,4814343.57702,3679234.24446,31538415.25465,28471314.323710002
3532,UGGT2,2738399.609,316984.4114,580482.1667,349940.118,2033689.246,3122593.724
3533,UGP2,25764247.8634,7397131.0982,14061603.7459,9834467.7556,31611529.3504,30750434.8212
3534,UHRF1,113831.0173,9906.441871,17647.96987,8661.516368,126076.0271,97723.41345
3535,UMPS,17483727.873999998,4729528.79361,6245219.9419,6624013.2543,21225332.9704,21474444.4192
3536,UNC119B,959708.1007,291447.4052,445244.2981,375457.2129,1424400.139,958558.5838
3537,UNC45A,11680060.42331,2863822.68132,3467395.30098,3159949.93542,16328251.96386,14249030.91378
3538,UPF1,12950021.9835,3441269.02162,4592796.09518,3633783.3190200003,17746235.6979,15223026.7662
3539,UPF2,1982832.8623000002,764128.8244,1117318.1298,703121.5173,2883853.4672,1918392.5576
3540,UPP1,23171621.6719,5673328.70559,8710125.3283,4234755.42321,37711596.5072,17853954.1534
3541,UQCC1,650233.4341,42477.56102,71505.23819,60720.78332,598980.3289,784109.4097
3542,UQCC2,1188216.022,81204.98176,99026.12765,134635.219,2087392.334,1098111.515
3543,UQCR10,12191922.615,783598.6381999999,889450.2413,631044.2144,13076700.6172,13949608.938000001
3544,UQCRB,22108283.18679,1903369.472214,2573084.2126639998,2333133.799607,24903001.50638,23915059.93887
3545,UQCRC1,28660404.858769998,1780973.227126,2408130.3275349997,2922557.406664,46506644.04659,26722925.481650002
3546,UQCRC2,37836468.4106,2805314.87184,3413318.56,3822617.05235,53173897.6878,41728345.7708
3547,UQCRFS1P1,7655302.2894,419497.71438,795951.98147,1677014.4323800001,10091062.9772,10584311.5202
3548,UQCRH,18259171.7177,777405.4090699999,804336.24222,1086900.38904,25488644.1252,18794054.6
3549,UQCRQ,12946415.6047,1030331.1538,806585.7955799999,1245383.1916999999,27832447.0539,11292164.423799999
3550,URI1,633675.8408,161167.23392,220071.40563,213980.2875,941882.0808,688407.4151
3551,UROD,2360971.9052,395763.18428,831751.51344,701778.84529,3884855.5635,2229980.92583
3552,USH2A,443704.6505,184233.3733,396811.8975,121053.8142,221014.4426,328286.1481
3553,USO1,27374723.906,8988645.358719999,12245534.771809999,8369318.56952,32352220.8484,31068152.2167
3554,USP10,293501.934,77126.95988,124644.2373,134924.0345,290421.7468,317571.6552
3555,USP14,41958423.9806,9695868.19531,13602815.969530001,12300591.782469999,47780018.0522,48889146.5692
3556,USP15,1464086.0495000002,489582.86789999995,858639.3775,1037161.0332000001,1827604.5455999998,1689571.9096
3557,USP24,2033600.652859,769574.05232,1209046.86824,885750.554713,2558398.692145,2357658.024752
3558,USP39,23116589.3182,6703980.53378,10334979.79222,6527315.341257,29821770.350500003,29551561.2687
3559,USP5,17878101.30263,4232528.523871,5298989.43657,5080983.04504,25571725.81897,20755840.234840002
3560,USP7,9373931.9877,3510605.6081600003,5516570.919,3275934.9873,13082405.2391,10824268.2652
3561,USP8,1402079.0069,389604.64148,471143.76115000003,342656.8552,2493063.144,1409963.0312
3562,USP9X,3513901.0739,1730708.351,2452706.2346,1406524.138,5002156.7356,3894346.6218
3563,USP9Y,6548676.9149,3320768.3965,4376194.3531,2839346.2073,7431434.6588,7714638.2059
3564,UTP14A,2128602.8172,217686.85163,370743.51923,506178.11335,2374273.4269,2658462.3011000003
3565,UTP15,1380202.8501,425943.4992,757032.4137,370065.9665,1642738.206,1751779.5632
3566,UTP18,1108128.4827,304206.80715,593438.75099,287175.59507,1730951.46625,1097002.4069400001
3567,UTP3,212613.5968,82587.47805,136340.1707,83307.02072,187162.1277,344275.29
3568,UTP4,285850.3508,121925.37137000001,197754.77692,126528.16145,320947.30909999995,372424.11939999997
3569,UTP6,2150513.689,407073.4643,636716.8767,504351.0481,3682193.388,2356970.612
3570,UTRN,7144183.1333,3398906.72199,3399561.52756,4967837.849,10209613.8828,8665204.4214
3571,UXS1,2513033.7789000003,2019215.25704,3703970.6092999997,1671707.1403100002,2215892.7078,2229708.7044
3572,UXT,655426.2005,205767.70153000002,312337.7994,241568.13759,890395.8640000001,716428.2111
3573,VAC14,1589410.4011,825392.1748,1084394.2559,719119.817,1594425.833,1825617.5757
3574,VAMP3,8364093.6888,2695298.8540000003,2098668.6732,2836871.7976,9689664.611699998,9619927.3939
3575,VAMP5,1686837.123,308950.9397,391682.4863,334162.554,2387650.147,1643922.844
3576,VAMP7,12493897.325,3862163.3251,3066619.7829,3037044.8926,13775921.659,13848854.467
3577,VAMP8,10456443.59996,2979754.794474,2692351.288605,2927860.983377,9759424.74794,11305237.78566
3578,VAPA,35449854.7556,3008405.5286999997,3315352.7295,3627938.2905,51092727.6179,39237900.995
3579,VAPB,21211524.4668,2500543.59385,3247712.37774,3060638.98581,28116494.0939,23302316.038
3580,VARS1,64250458.1392,19783316.987319,25299538.097518,21816364.895087,83540340.84728,72516659.98103
3581,VASN,419676.244362,347286.24321000004,799857.6718100001,906974.4037,473887.77331,473647.47198000003
3582,VASP,14287340.9316,3380477.5942,3122727.1647,3710309.4952000002,15971010.0662,16221736.9241
3583,VAT1,24735416.76344,6730742.94006,8003359.069429999,7453950.9479600005,29860899.97645,19801903.12529
3584,VBP1,22654049.13934,4612128.479901,8170236.775,7590231.48779,28010125.74764,27466374.26368
3585,VCL,849401495.325811,132013404.994764,273137969.021834,240219445.896802,1020152371.399297,913898764.567966
3586,VCP,415892325.101545,114976022.27861,214869350.65254,120344297.829767,544686197.54264,468563668.593977
3587,VDAC1,175278965.04715,3815719.06573,4784050.4520654995,6323336.5838130005,206027304.31371,179677007.64617
3588,VDAC2,216356226.21212,4836773.751326,5935275.798068,7802227.80324,253891939.77526,229689156.32368
3589,VDAC3,60708360.1524,901081.91301,671382.64725,1563759.05502,64605276.7649,64444192.0235
3590,VEZF1,499220.1069,55267.78683,122086.5771,78153.61063,884396.3934,512537.7275
3591,VGF,120323.8459,22201.65234,57404.45576,17357.15184,14351.11394,7930.990583
3592,VIM,3074458600.8478,339140056.70400697,552419505.5563416,702901662.6266,3100862291.768961,4654369883.304426
3593,VIPAS39,1316118.1201,338930.1285,445125.198,312351.8789,1519180.7963,1521153.262
3594,VIRMA,249090.7376,96572.43655,193648.5452,135415.913,394793.1632,283601.4179
3595,VKORC1L1,4725338.3716,326479.00957,369414.21834,611386.0746,7791521.7053,4593445.3639
3596,VMA21,3576411.3104999997,320892.7199,472223.18940000003,406091.13899999997,6388410.7129999995,3470655.3396
3597,VMP1,1929532.078,176926.2204,194087.0357,274323.2198,2384967.812,1868498.92
3598,VPS11,1553326.622,539079.917,659700.967,409086.876,2154546.57,1490209.808
3599,VPS13C,958141.0146999999,360874.81011,515658.16787,357811.99858,1118049.5983,1077146.2894000001
3600,VPS16,632072.9238,235420.74806999997,304419.90093999996,235269.45844999998,1124172.694,650915.4693
3601,VPS18,2312395.6348,738631.5182,1188049.3646,795717.1748,3200256.005,2365012.7970000003
3602,VPS25,3739961.1437,1314224.15568,1741032.67147,1702434.602,5079516.3474,5178171.6686
3603,VPS26A,1456355.8467,486356.333,826354.7265000001,462890.65989999997,1881844.4399,1539011.6874000002
3604,VPS26B,373741.0879,129261.4352,131194.8528,101175.4704,520734.0552,426135.5086
3605,VPS28,4393661.2382000005,4954901.8054,4781039.5308,4061215.8852000004,5029627.2653,5172982.002800001
3606,VPS29,18421109.21217,5298538.23231,6344130.599020001,4923371.43992,22824015.63288,20163301.6697
3607,VPS33A,1677118.4765,532241.23991,885332.99343,1055941.21516,2131747.2012,1936517.4729
3608,VPS33B,736269.56534,202731.4115,285208.7444,241291.16097,965708.9816,894664.0083000001
3609,VPS35,29252927.64913,11500339.384909999,15123184.76358,10313019.06251,33602108.118259996,35262068.639699996
3610,VPS35L,2631127.0893,973067.4184,1149081.9769000001,697341.6025,2826545.2148,3248939.0867999997
3611,VPS37B,3504410.6658,3811021.3473,3576655.6777,3475644.9732,3777721.0758,4213431.6183
3612,VPS39,410448.39879999997,140855.67341,205439.26643000002,144316.42944,518226.5711,433631.1219
3613,VPS41,1485879.135,948029.8426999999,1576600.6147,731618.0991999999,1880387.8577999999,1679640.8757
3614,VPS45,126332.754,46753.49652,77333.28781,66016.64564,117355.3761,150885.4836
3615,VPS4A,940774.1826,729204.0362,657442.8432,609915.0057,911318.1852,948234.87
3616,VPS4B,7822197.21467,3593927.60353,3497802.24421,3673257.85833,9571495.80267,8851173.48703
3617,VPS51,206308.3616,73597.18632,83587.13215,80745.99543,195216.399,287431.8802
3618,VPS53,385956.8467,120916.0347,157670.1247,109522.914,315340.2493,435270.6548
3619,VRK1,520123.0704,155355.9777,224921.3174,168611.9799,660326.4768,612174.6333
3620,VRK2,315254.26726,46296.696564,63342.627335,40491.292505,378111.5234,355231.6786
3621,VTA1,10725870.54111,4397217.92983,5382380.59269,5333277.10716,11796498.84481,13348894.43198
3622,VTN,822646.5556000001,1624635.3873,2750396.5067,3390706.1426,766948.87216,810059.5989999999
3623,VWA1,22459169.371751,334311434.539272,403360313.119265,348535886.258929,22049735.240979,26048706.525198
3624,WAC,92295.90635,22796.4884,31958.615,42219.04736,152960.5435,114651.4945
3625,WARS1,15659486.3603,2901393.20063,6517620.70249,4371494.4616,19454362.175449997,17379713.683059998
3626,WASF2,9135183.470509999,3494388.1059499998,4383532.83049,3806201.33645,10848734.89088,10875802.76323
3627,WASHC2A,1454574.0882,263407.10904999997,418584.06499,506795.12980999995,1636259.64916,1723186.56061
3628,WASHC4,7615360.6029,2677161.2408999996,3316563.68242,2201561.24829,9214688.0363,8382438.3679
3629,WASHC5,4126881.1629,33416119.937540002,36998745.88927,24795631.061279997,4759095.43813,4292422.4818
3630,WASL,2707181.25935,601624.493548,697972.180715,835814.28331,4078482.2899199994,2671567.81463
3631,WBP11,3409657.2732999995,532694.2737,747562.8499,542383.0529,4230630.492000001,3909721.3306
3632,WBP2,14438178.1116,3387978.9226,3549862.3808,3446692.3806,20277477.7955,14645070.135499999
3633,WDFY1,277496.0651,99542.71229,172986.4261,168657.3714,370368.3739,307161.7951
3634,WDR1,86059529.21176,33206973.38953,36030596.99342,44717731.65445,96588789.5644,104685753.9128
3635,WDR11,1048293.7989,513714.94747,687521.4262999999,578488.26907,1078026.7087,1284213.6352
3636,WDR12,5377065.6223,1686231.62432,2840140.9714,1843799.06583,7242743.7902,6348847.0082
3637,WDR18,1407806.5102,484127.513,713880.4755,453406.5615,1908328.0053,1317269.5233999998
3638,WDR26,697642.996,540995.5824,799780.4673,380651.3319,719092.2736,855037.5642
3639,WDR3,1770855.8602,435083.34859999997,730417.8578,360310.5608,2335995.376,2312714.7909
3640,WDR35,825435.031,867971.5306,1021918.322,480692.5468,564098.9137,1120022.481
3641,WDR36,3670820.5208,944498.3663999999,1945273.4474,959898.3018,5168234.1713,4319061.8133000005
3642,WDR43,5342794.559800001,2078320.35069,3890017.3809,1797528.26117,6770819.8338,6392775.6077
3643,WDR44,314748.6114,79384.912,105171.3081,85587.10488,368245.6395,429923.2529
3644,WDR45B,671925.4352,191535.6518,346583.8606,270830.5641,851384.4587,649859.9458
3645,WDR46,322191.7904,53646.59918,70451.31679,45603.53856,558807.0354,337846.0873
3646,WDR5,891457.3237000001,275431.22381,587295.4121,279178.22199,975187.3177,1138445.8621
3647,WDR77,3493494.5354,1755094.5874,2880744.6787,2252658.9017,3872994.6180000002,3898652.6302
3648,WDR82,707585.9,353030.8603,530509.0976,269114.48566999997,650325.3138,974924.196
3649,WFS1,15920130.80034,1134124.715309,1830236.6798150002,1703086.874796,16897854.759490002,15242348.858479999
3650,WNK1,603059.2447,205186.2376,278141.1188,226922.8638,785016.7102,750249.0703
3651,WWC1,1094935.104,213377.8987,326397.8916,384139.8617,1355457.911,1121992.752
3652,WWTR1,3736055.683,261228.33909999998,331497.9683,346422.4092,3896550.499,3975591.443
3653,XAB2,175810.50623,57927.825419999994,83811.18411,68807.91772,321644.14060000004,196619.53067
3654,XDH,24563547.796,5446837.9,8146873.545,6638223.205,24158830.786,27241656.986
3655,XPNPEP1,11204351.16672,2939170.7196009997,4572294.269616,4224865.963976,13376561.095830001,12659472.16403
3656,XPO1,59352182.193391,25622045.859605,35615508.193841,21349231.684860002,60884123.387459,80076127.766338
3657,XPO4,1310840.589,271276.9262,456883.3375,382595.0455,1430226.615,1070343.128
3658,XPO5,5343413.2493,1927725.34268,2787628.15059,1874917.3621099999,6165380.8586,6831251.6848
3659,XPO7,759372.1088,357989.30299999996,495901.30799999996,285171.7986,653486.3389000001,1005965.067
3660,XPOT,5141507.6563,1648811.28267,2445096.8300900003,1574217.62998,7211959.7831,5611902.0626
3661,XRCC5,144048521.53201,35803600.731687,90634558.90812,32268723.91841,180529432.96417,175591956.37966
3662,XRCC6,161487434.674188,46572788.976127,104701796.199456,39057695.847967,181514941.810654,213934920.19939
3663,XRN2,23522531.32885,4468691.4642900005,8011553.2967,5873123.0604,33206124.68495,26796378.08834
3664,YAP1,3955335.3639,260700.46275,346388.70314,413987.50772,3577447.0055,4151014.6684000003
3665,YARS1,87191309.84268,17188792.9753,22311894.03846,21603938.05702,120802775.0429,106813551.77188
3666,YARS2,4845520.88227,423683.68549,611568.72317,677814.6037000001,5345633.36567,5372649.2952
3667,YBX1,6189189.865699999,856620.78336,1145342.93797,811079.03734,5758255.291,8248584.414
3668,YBX3,30092177.515100002,4162224.62652,6955766.750700001,3615096.75379,26420665.606299996,36195157.381
3669,YES1,13767283.6698,18846537.4196,15490076.882000001,23983206.9986,17126022.6832,16746023.1907
3670,YIPF4,1127199.157,233995.1453,269438.6304,219271.2301,1730700.692,1054154.058
3671,YIPF5,1844381.4339,430737.53,502646.26749999996,355549.7152,2252830.08,1978231.8917
3672,YIPF6,1346137.0636,682270.7201,695112.3572,447453.8176,912443.5904,1872659.1023
3673,YKT6,24292500.813699998,6956170.18112,5137300.55169,8168775.0243999995,20560343.917,29493877.578199998
3674,YPEL5,395294.3925,267163.5962,336173.0229,178326.6256,586147.8348,446075.7419
3675,YTHDF3,3254994.7012,451960.37604999996,656084.75388,582343.27266,3467814.0839,4250387.0868
3676,YWHAB,347432229.18547,75993486.722938,120536770.864843,144699577.02302098,331397751.28423,436419662.3225
3677,YWHAE,131956928.96314,36283054.47057,56581608.93649,66771492.13294,132108999.89673,194547217.92491
3678,YWHAG,119995685.74267,30501643.0229,52947775.95687,48482296.86225,141667840.38598,144665207.5732
3679,YWHAH,38740491.0662,12747623.1311,15420049.5116,17835329.031799998,36653896.1605,50327322.7228
3680,YWHAQ,194542361.9985,52461318.63308,73200577.26782,95733829.21137,161329228.36417,266849462.1839
3681,YWHAZ,953927180.970576,225959126.863695,395926056.651389,407143954.849419,947949430.971366,1181253265.153333
3682,ZC3H11A,12011565.65,13830854.81,7433683.094,17935223.86,2767024.63,13548879.22
3683,ZC3H15,7962986.732890001,1116939.0713499999,1413759.8328800001,1268170.44899,7436777.304400001,8709288.046
3684,ZC3H4,296082.8784,42366.09236,69735.59558,59692.6621,329944.6934,348437.1689
3685,ZC3HAV1,4216526.1927000005,1334086.90099,1553726.5788,1668118.6461999998,4863527.8639,4485947.0294
3686,ZC3HAV1L,3852536.58807,1508012.5502670002,2081700.73701,1376457.571674,5795499.47583,3804173.9930499997
3687,ZDHHC20,47702.44648,27455.72746,49699.95928,40626.96414,58947.20749,56452.0876
3688,ZDHHC5,692897.3233,588023.3458,604994.7247,611237.6894,849591.4267,621773.7913
3689,ZER1,58921.08518,449366.1175,965325.4236,397638.8796,51616.78596,74255.80181
3690,ZFHX4,751928.6663,217349.748,241245.1336,107330.6666,541997.4001,1047003.88
3691,ZFPL1,5291023.5203,727789.56163,1084592.83096,930678.68247,7778504.3773,5183774.2796
3692,ZFR,2752304.9254,624125.03462,1114262.60788,890337.45694,3112818.9354,3474674.594
3693,ZMPSTE24,15430931.5699,1335091.35922,1459089.87059,1615295.76547,15602844.8187,17412736.732
3694,ZNF207,4320280.27959,698556.30623,1217366.94673,693752.43238,3164000.32705,3229658.36236
3695,ZNF326,394193.2441,81712.46826,135198.7151,92493.12291,590999.8137,504060.8739
3696,ZNF614,2361586.6226,11248314.827,32808874.405,71808668.898,171136.6598,3555900.9932999997
3697,ZNF638,433231.4385,136646.465,181435.3755,176782.7907,552226.0322,565345.8731
3698,ZNF830,23365189.291,1761326.3127000001,4220193.9232,3110027.1423000004,23794640.575999998,25919516.765
3699,ZNRD2,4057927.2369999997,1263129.4061,920089.7293,1041753.0460000001,5839647.937999999,4655322.298
3700,ZPR1,5963861.291900001,929696.85284,1039650.0339,1413996.0868,7806353.1737,6376414.0587
3701,ZRANB2,1960787.2426,129658.01175,233536.68323,221292.78419,2319184.5289,2137207.6385
3702,ZW10,3279049.8861,1211030.1664200001,1556855.2741,1289534.2209,2989664.2563,4462440.641299999
3703,ZYX,16132738.768754,2000862.620504,2167155.901344,2827979.411559,15514321.23666,15992321.339657
